ISO-10303-21;
HEADER;
/* Generated by software containing ST-Developer
 * from STEP Tools, Inc. (www.steptools.com) 
 */

FILE_DESCRIPTION(
/* description */ (''),
/* implementation_level */ '2;1');

FILE_NAME(
/* name */ 'dual 2.25u.step',
/* time_stamp */ '2025-09-06T11:13:59+08:00',
/* author */ (''),
/* organization */ (''),
/* preprocessor_version */ 'ST-DEVELOPER v20.1',
/* originating_system */ 'Autodesk Translation Framework v14.10.0.0',
/* authorisation */ '');

FILE_SCHEMA (('AUTOMOTIVE_DESIGN { 1 0 10303 214 3 1 1 }'));
ENDSEC;

DATA;
#10=MECHANICAL_DESIGN_GEOMETRIC_PRESENTATION_REPRESENTATION('',(#17,#18,
#19,#20,#21),#15301);
#11=ITEM_DEFINED_TRANSFORMATION($,$,#9315,#10072);
#12=(
REPRESENTATION_RELATIONSHIP($,$,#15312,#15311)
REPRESENTATION_RELATIONSHIP_WITH_TRANSFORMATION(#11)
SHAPE_REPRESENTATION_RELATIONSHIP()
);
#13=CONTEXT_DEPENDENT_SHAPE_REPRESENTATION(#12,#15310);
#14=NEXT_ASSEMBLY_USAGE_OCCURRENCE('2.25u v1:1','2.25u v1:1',
'2.25u v1:1',#15314,#15315,'2.25u v1:1');
#15=SHAPE_REPRESENTATION_RELATIONSHIP('SRR','None',#15312,#16);
#16=ADVANCED_BREP_SHAPE_REPRESENTATION('',(#22,#23,#24,#25,#26),#15300);
#17=STYLED_ITEM('',(#15328),#22);
#18=STYLED_ITEM('',(#15328),#23);
#19=STYLED_ITEM('',(#15328),#24);
#20=STYLED_ITEM('',(#15328),#25);
#21=STYLED_ITEM('',(#15328),#26);
#22=MANIFOLD_SOLID_BREP('Body1',#9297);
#23=MANIFOLD_SOLID_BREP('Body4',#9298);
#24=MANIFOLD_SOLID_BREP('Body5',#9299);
#25=MANIFOLD_SOLID_BREP('Body6',#9300);
#26=MANIFOLD_SOLID_BREP('Body7',#9301);
#27=FACE_BOUND('',#1004,.T.);
#28=FACE_BOUND('',#1005,.T.);
#29=FACE_BOUND('',#1006,.T.);
#30=FACE_BOUND('',#1007,.T.);
#31=FACE_BOUND('',#1008,.T.);
#32=FACE_BOUND('',#1009,.T.);
#33=FACE_BOUND('',#1086,.T.);
#34=FACE_BOUND('',#1087,.T.);
#35=FACE_BOUND('',#1088,.T.);
#36=FACE_BOUND('',#1089,.T.);
#37=FACE_BOUND('',#1090,.T.);
#38=FACE_BOUND('',#1091,.T.);
#39=FACE_BOUND('',#1092,.T.);
#40=FACE_BOUND('',#1093,.T.);
#41=FACE_BOUND('',#1094,.T.);
#42=FACE_BOUND('',#1095,.T.);
#43=FACE_BOUND('',#1096,.T.);
#44=FACE_BOUND('',#1097,.T.);
#45=FACE_BOUND('',#1098,.T.);
#46=FACE_BOUND('',#1099,.T.);
#47=FACE_BOUND('',#1100,.T.);
#48=FACE_BOUND('',#1101,.T.);
#49=FACE_BOUND('',#1102,.T.);
#50=FACE_BOUND('',#1103,.T.);
#51=FACE_BOUND('',#1104,.T.);
#52=FACE_BOUND('',#1105,.T.);
#53=FACE_BOUND('',#1106,.T.);
#54=FACE_BOUND('',#1107,.T.);
#55=FACE_BOUND('',#1108,.T.);
#56=FACE_BOUND('',#1109,.T.);
#57=FACE_BOUND('',#1110,.T.);
#58=FACE_BOUND('',#1111,.T.);
#59=FACE_BOUND('',#1112,.T.);
#60=FACE_BOUND('',#1113,.T.);
#61=FACE_BOUND('',#1114,.T.);
#62=FACE_BOUND('',#1115,.T.);
#63=FACE_BOUND('',#1116,.T.);
#64=FACE_BOUND('',#1117,.T.);
#65=FACE_BOUND('',#1118,.T.);
#66=FACE_BOUND('',#1119,.T.);
#67=FACE_BOUND('',#1288,.T.);
#68=FACE_BOUND('',#1289,.T.);
#69=FACE_BOUND('',#1290,.T.);
#70=FACE_BOUND('',#1331,.T.);
#71=FACE_BOUND('',#1381,.T.);
#72=FACE_BOUND('',#1382,.T.);
#73=FACE_BOUND('',#1383,.T.);
#74=FACE_BOUND('',#1424,.T.);
#75=FACE_BOUND('',#1482,.T.);
#76=FACE_BOUND('',#1484,.T.);
#77=FACE_BOUND('',#1486,.T.);
#78=FACE_BOUND('',#1488,.T.);
#79=FACE_BOUND('',#1490,.T.);
#80=FACE_BOUND('',#1500,.T.);
#81=FACE_BOUND('',#1520,.T.);
#82=FACE_BOUND('',#1530,.T.);
#83=FACE_BOUND('',#1532,.T.);
#84=FACE_BOUND('',#1542,.T.);
#85=FACE_BOUND('',#1562,.T.);
#86=FACE_BOUND('',#1572,.T.);
#87=CYLINDRICAL_SURFACE('',#9332,1.5);
#88=CYLINDRICAL_SURFACE('',#9335,1.5);
#89=CYLINDRICAL_SURFACE('',#9383,1.5);
#90=CYLINDRICAL_SURFACE('',#9386,1.5);
#91=CYLINDRICAL_SURFACE('',#9401,1.5);
#92=CYLINDRICAL_SURFACE('',#9404,1.5);
#93=CYLINDRICAL_SURFACE('',#9419,1.5);
#94=CYLINDRICAL_SURFACE('',#9422,1.5);
#95=CYLINDRICAL_SURFACE('',#9457,1.5);
#96=CYLINDRICAL_SURFACE('',#9459,1.2);
#97=CYLINDRICAL_SURFACE('',#9462,1.2);
#98=CYLINDRICAL_SURFACE('',#9465,1.2);
#99=CYLINDRICAL_SURFACE('',#9468,1.2);
#100=CYLINDRICAL_SURFACE('',#9470,1.5);
#101=CYLINDRICAL_SURFACE('',#9523,1.5);
#102=CYLINDRICAL_SURFACE('',#9525,1.5);
#103=CYLINDRICAL_SURFACE('',#9536,1.5);
#104=CYLINDRICAL_SURFACE('',#9538,1.5);
#105=CYLINDRICAL_SURFACE('',#9549,1.5);
#106=CYLINDRICAL_SURFACE('',#9551,1.5);
#107=CYLINDRICAL_SURFACE('',#9579,1.5);
#108=CYLINDRICAL_SURFACE('',#9580,1.2);
#109=CYLINDRICAL_SURFACE('',#9641,1.5);
#110=CYLINDRICAL_SURFACE('',#9642,1.2);
#111=CYLINDRICAL_SURFACE('',#9644,1.2);
#112=CYLINDRICAL_SURFACE('',#9704,0.15);
#113=CYLINDRICAL_SURFACE('',#9710,0.15);
#114=CYLINDRICAL_SURFACE('',#9717,0.15);
#115=CYLINDRICAL_SURFACE('',#9723,0.15);
#116=CYLINDRICAL_SURFACE('',#9732,0.6);
#117=CYLINDRICAL_SURFACE('',#9733,0.6);
#118=CYLINDRICAL_SURFACE('',#9737,0.15);
#119=CYLINDRICAL_SURFACE('',#9743,0.15);
#120=CYLINDRICAL_SURFACE('',#9749,0.15);
#121=CYLINDRICAL_SURFACE('',#9755,2.8);
#122=CYLINDRICAL_SURFACE('',#9758,0.15);
#123=CYLINDRICAL_SURFACE('',#9824,0.15);
#124=CYLINDRICAL_SURFACE('',#9830,0.15);
#125=CYLINDRICAL_SURFACE('',#9837,0.15);
#126=CYLINDRICAL_SURFACE('',#9843,0.15);
#127=CYLINDRICAL_SURFACE('',#9852,0.6);
#128=CYLINDRICAL_SURFACE('',#9853,0.6);
#129=CYLINDRICAL_SURFACE('',#9857,0.15);
#130=CYLINDRICAL_SURFACE('',#9863,0.15);
#131=CYLINDRICAL_SURFACE('',#9869,0.15);
#132=CYLINDRICAL_SURFACE('',#9875,2.8);
#133=CYLINDRICAL_SURFACE('',#9878,0.15);
#134=CYLINDRICAL_SURFACE('',#9888,2.9);
#135=CYLINDRICAL_SURFACE('',#9890,2.9);
#136=CYLINDRICAL_SURFACE('',#9892,2.9);
#137=CYLINDRICAL_SURFACE('',#9894,2.9);
#138=CYLINDRICAL_SURFACE('',#9897,1.5);
#139=CYLINDRICAL_SURFACE('',#9901,1.5);
#140=CYLINDRICAL_SURFACE('',#9902,1.2);
#141=CYLINDRICAL_SURFACE('',#9906,0.15);
#142=CYLINDRICAL_SURFACE('',#9911,0.15);
#143=CYLINDRICAL_SURFACE('',#9914,0.15);
#144=CYLINDRICAL_SURFACE('',#9919,0.15);
#145=CYLINDRICAL_SURFACE('',#9924,0.6);
#146=CYLINDRICAL_SURFACE('',#9926,0.6);
#147=CYLINDRICAL_SURFACE('',#9930,0.15);
#148=CYLINDRICAL_SURFACE('',#9935,0.15);
#149=CYLINDRICAL_SURFACE('',#9938,0.15);
#150=CYLINDRICAL_SURFACE('',#9943,0.15);
#151=CYLINDRICAL_SURFACE('',#9948,0.6);
#152=CYLINDRICAL_SURFACE('',#9950,0.6);
#153=CYLINDRICAL_SURFACE('',#9962,0.15);
#154=CYLINDRICAL_SURFACE('',#9967,0.15);
#155=CYLINDRICAL_SURFACE('',#9976,0.15);
#156=CYLINDRICAL_SURFACE('',#9977,2.9);
#157=CYLINDRICAL_SURFACE('',#9981,0.15);
#158=CYLINDRICAL_SURFACE('',#9986,0.15);
#159=CYLINDRICAL_SURFACE('',#9992,0.15);
#160=CYLINDRICAL_SURFACE('',#9996,2.9);
#161=CYLINDRICAL_SURFACE('',#10004,0.15);
#162=CYLINDRICAL_SURFACE('',#10009,0.15);
#163=CYLINDRICAL_SURFACE('',#10022,0.15);
#164=CYLINDRICAL_SURFACE('',#10027,0.15);
#165=CYLINDRICAL_SURFACE('',#10035,2.9);
#166=CYLINDRICAL_SURFACE('',#10037,0.15);
#167=CYLINDRICAL_SURFACE('',#10041,0.15);
#168=CYLINDRICAL_SURFACE('',#10046,0.15);
#169=CYLINDRICAL_SURFACE('',#10052,2.9);
#170=CYLINDRICAL_SURFACE('',#10055,0.15);
#171=CYLINDRICAL_SURFACE('',#10064,0.15);
#172=CYLINDRICAL_SURFACE('',#10069,0.15);
#173=CIRCLE('',#9318,1.94999999999998);
#174=CIRCLE('',#9319,1.5);
#175=CIRCLE('',#9322,1.94999999999998);
#176=CIRCLE('',#9323,1.5);
#177=CIRCLE('',#9326,1.94999999999998);
#178=CIRCLE('',#9327,1.5);
#179=CIRCLE('',#9330,1.94999999999998);
#180=CIRCLE('',#9331,1.5);
#181=CIRCLE('',#9333,1.5);
#182=CIRCLE('',#9336,1.5);
#183=CIRCLE('',#9339,1.95);
#184=CIRCLE('',#9340,0.75000000000001);
#185=CIRCLE('',#9341,0.750000000000003);
#186=CIRCLE('',#9342,0.750000000000003);
#187=CIRCLE('',#9343,0.75000000000001);
#188=CIRCLE('',#9344,1.95);
#189=CIRCLE('',#9345,1.95000000000001);
#190=CIRCLE('',#9346,0.75000000000002);
#191=CIRCLE('',#9347,0.749999999999984);
#192=CIRCLE('',#9348,0.74999999999999);
#193=CIRCLE('',#9349,0.749999999999994);
#194=CIRCLE('',#9350,1.94999999999998);
#195=CIRCLE('',#9351,1.94999999999998);
#196=CIRCLE('',#9352,1.94999999999998);
#197=CIRCLE('',#9353,1.94999999999998);
#198=CIRCLE('',#9354,1.94999999999998);
#199=CIRCLE('',#9355,1.94999999999998);
#200=CIRCLE('',#9356,1.94999999999998);
#201=CIRCLE('',#9357,1.94999999999998);
#202=CIRCLE('',#9358,1.94999999999998);
#203=CIRCLE('',#9359,0.6);
#204=CIRCLE('',#9360,0.6);
#205=CIRCLE('',#9361,0.6);
#206=CIRCLE('',#9362,0.6);
#207=CIRCLE('',#9363,0.6);
#208=CIRCLE('',#9364,0.6);
#209=CIRCLE('',#9365,0.6);
#210=CIRCLE('',#9366,0.6);
#211=CIRCLE('',#9367,1.94999999999998);
#212=CIRCLE('',#9368,1.94999999999998);
#213=CIRCLE('',#9369,1.94999999999998);
#214=CIRCLE('',#9370,1.94999999999998);
#215=CIRCLE('',#9373,1.5);
#216=CIRCLE('',#9376,1.5);
#217=CIRCLE('',#9379,1.5);
#218=CIRCLE('',#9382,1.5);
#219=CIRCLE('',#9384,1.5);
#220=CIRCLE('',#9387,1.5);
#221=CIRCLE('',#9391,1.5);
#222=CIRCLE('',#9394,1.5);
#223=CIRCLE('',#9397,1.5);
#224=CIRCLE('',#9400,1.5);
#225=CIRCLE('',#9402,1.5);
#226=CIRCLE('',#9405,1.5);
#227=CIRCLE('',#9409,1.5);
#228=CIRCLE('',#9412,1.5);
#229=CIRCLE('',#9415,1.5);
#230=CIRCLE('',#9418,1.5);
#231=CIRCLE('',#9420,1.5);
#232=CIRCLE('',#9423,1.5);
#233=CIRCLE('',#9427,1.5);
#234=CIRCLE('',#9429,1.2);
#235=CIRCLE('',#9432,1.2);
#236=CIRCLE('',#9435,1.2);
#237=CIRCLE('',#9438,1.2);
#238=CIRCLE('',#9440,1.5);
#239=CIRCLE('',#9443,1.5);
#240=CIRCLE('',#9445,1.2);
#241=CIRCLE('',#9448,1.2);
#242=CIRCLE('',#9451,1.2);
#243=CIRCLE('',#9454,1.2);
#244=CIRCLE('',#9456,1.5);
#245=CIRCLE('',#9458,1.5);
#246=CIRCLE('',#9460,1.2);
#247=CIRCLE('',#9463,1.2);
#248=CIRCLE('',#9466,1.2);
#249=CIRCLE('',#9469,1.2);
#250=CIRCLE('',#9471,1.5);
#251=CIRCLE('',#9475,1.94999999999998);
#252=CIRCLE('',#9478,1.94999999999998);
#253=CIRCLE('',#9481,1.94999999999998);
#254=CIRCLE('',#9482,1.5);
#255=CIRCLE('',#9485,1.94999999999998);
#256=CIRCLE('',#9486,1.5);
#257=CIRCLE('',#9489,1.95);
#258=CIRCLE('',#9490,0.75000000000001);
#259=CIRCLE('',#9491,0.750000000000003);
#260=CIRCLE('',#9492,0.750000000000003);
#261=CIRCLE('',#9493,0.75000000000001);
#262=CIRCLE('',#9494,1.95);
#263=CIRCLE('',#9495,1.94999999999999);
#264=CIRCLE('',#9496,0.74999999999999);
#265=CIRCLE('',#9497,0.749999999999984);
#266=CIRCLE('',#9498,0.74999999999999);
#267=CIRCLE('',#9499,0.750000000000027);
#268=CIRCLE('',#9500,1.95);
#269=CIRCLE('',#9501,1.94999999999998);
#270=CIRCLE('',#9502,1.94999999999998);
#271=CIRCLE('',#9503,1.94999999999998);
#272=CIRCLE('',#9504,1.94999999999998);
#273=CIRCLE('',#9505,1.94999999999998);
#274=CIRCLE('',#9506,1.94999999999998);
#275=CIRCLE('',#9507,1.94999999999998);
#276=CIRCLE('',#9508,1.94999999999998);
#277=CIRCLE('',#9509,1.94999999999998);
#278=CIRCLE('',#9510,1.94999999999998);
#279=CIRCLE('',#9511,1.94999999999998);
#280=CIRCLE('',#9512,1.94999999999998);
#281=CIRCLE('',#9515,1.5);
#282=CIRCLE('',#9518,1.5);
#283=CIRCLE('',#9528,1.5);
#284=CIRCLE('',#9531,1.5);
#285=CIRCLE('',#9541,1.5);
#286=CIRCLE('',#9544,1.5);
#287=CIRCLE('',#9564,1.5);
#288=CIRCLE('',#9566,1.2);
#289=CIRCLE('',#9569,1.2);
#290=CIRCLE('',#9572,1.2);
#291=CIRCLE('',#9575,1.2);
#292=CIRCLE('',#9577,1.5);
#293=CIRCLE('',#9693,0.6);
#294=CIRCLE('',#9694,0.6);
#295=CIRCLE('',#9695,0.6);
#296=CIRCLE('',#9696,0.6);
#297=CIRCLE('',#9697,3.6);
#298=CIRCLE('',#9698,3.7);
#299=CIRCLE('',#9699,3.7);
#300=CIRCLE('',#9705,0.15);
#301=CIRCLE('',#9706,0.15);
#302=CIRCLE('',#9711,0.15);
#303=CIRCLE('',#9712,0.15);
#304=CIRCLE('',#9715,0.15);
#305=CIRCLE('',#9716,0.15);
#306=CIRCLE('',#9718,0.15);
#307=CIRCLE('',#9719,0.15);
#308=CIRCLE('',#9724,0.15);
#309=CIRCLE('',#9725,0.15);
#310=CIRCLE('',#9730,0.15);
#311=CIRCLE('',#9731,0.15);
#312=CIRCLE('',#9738,0.15);
#313=CIRCLE('',#9739,0.15);
#314=CIRCLE('',#9744,0.15);
#315=CIRCLE('',#9745,0.15);
#316=CIRCLE('',#9750,0.15);
#317=CIRCLE('',#9751,0.15);
#318=CIRCLE('',#9756,2.8);
#319=CIRCLE('',#9757,2.8);
#320=CIRCLE('',#9759,0.15);
#321=CIRCLE('',#9760,0.15);
#322=CIRCLE('',#9765,2.9);
#323=CIRCLE('',#9767,2.9);
#324=CIRCLE('',#9813,0.6);
#325=CIRCLE('',#9814,0.6);
#326=CIRCLE('',#9815,0.6);
#327=CIRCLE('',#9816,0.6);
#328=CIRCLE('',#9817,3.6);
#329=CIRCLE('',#9818,3.7);
#330=CIRCLE('',#9819,3.7);
#331=CIRCLE('',#9825,0.15);
#332=CIRCLE('',#9826,0.15);
#333=CIRCLE('',#9831,0.15);
#334=CIRCLE('',#9832,0.15);
#335=CIRCLE('',#9835,0.15);
#336=CIRCLE('',#9836,0.15);
#337=CIRCLE('',#9838,0.15);
#338=CIRCLE('',#9839,0.15);
#339=CIRCLE('',#9844,0.15);
#340=CIRCLE('',#9845,0.15);
#341=CIRCLE('',#9850,0.15);
#342=CIRCLE('',#9851,0.15);
#343=CIRCLE('',#9858,0.15);
#344=CIRCLE('',#9859,0.15);
#345=CIRCLE('',#9864,0.15);
#346=CIRCLE('',#9865,0.15);
#347=CIRCLE('',#9870,0.15);
#348=CIRCLE('',#9871,0.15);
#349=CIRCLE('',#9876,2.8);
#350=CIRCLE('',#9877,2.8);
#351=CIRCLE('',#9879,0.15);
#352=CIRCLE('',#9880,0.15);
#353=CIRCLE('',#9885,2.9);
#354=CIRCLE('',#9887,2.9);
#355=CIRCLE('',#9889,2.9);
#356=CIRCLE('',#9891,2.9);
#357=CIRCLE('',#9893,2.9);
#358=CIRCLE('',#9895,2.9);
#359=CIRCLE('',#9907,0.15);
#360=CIRCLE('',#9912,0.15);
#361=CIRCLE('',#9915,0.15);
#362=CIRCLE('',#9920,0.15);
#363=CIRCLE('',#9931,0.15);
#364=CIRCLE('',#9936,0.15);
#365=CIRCLE('',#9939,0.15);
#366=CIRCLE('',#9944,0.15);
#367=CIRCLE('',#9957,2.9);
#368=CIRCLE('',#9958,0.15);
#369=CIRCLE('',#9959,0.15);
#370=CIRCLE('',#9960,0.15);
#371=CIRCLE('',#9961,0.15);
#372=CIRCLE('',#9963,0.15);
#373=CIRCLE('',#9968,0.15);
#374=CIRCLE('',#9973,2.9);
#375=CIRCLE('',#9974,0.15);
#376=CIRCLE('',#9975,0.15);
#377=CIRCLE('',#9987,0.15);
#378=CIRCLE('',#9988,0.15);
#379=CIRCLE('',#9993,0.15);
#380=CIRCLE('',#9994,0.15);
#381=CIRCLE('',#9997,2.9);
#382=CIRCLE('',#9998,2.9);
#383=CIRCLE('',#10001,0.15);
#384=CIRCLE('',#10002,0.15);
#385=CIRCLE('',#10005,0.15);
#386=CIRCLE('',#10010,0.15);
#387=CIRCLE('',#10015,2.9);
#388=CIRCLE('',#10016,0.15);
#389=CIRCLE('',#10017,0.15);
#390=CIRCLE('',#10018,0.15);
#391=CIRCLE('',#10019,0.15);
#392=CIRCLE('',#10023,0.15);
#393=CIRCLE('',#10028,0.15);
#394=CIRCLE('',#10031,2.9);
#395=CIRCLE('',#10032,0.15);
#396=CIRCLE('',#10033,0.15);
#397=CIRCLE('',#10047,0.15);
#398=CIRCLE('',#10048,0.15);
#399=CIRCLE('',#10053,2.9);
#400=CIRCLE('',#10054,2.9);
#401=CIRCLE('',#10056,0.15);
#402=CIRCLE('',#10057,0.15);
#403=CIRCLE('',#10059,0.15);
#404=CIRCLE('',#10060,0.15);
#405=CIRCLE('',#10065,0.15);
#406=CIRCLE('',#10070,0.15);
#407=CONICAL_SURFACE('',#9317,1.72499999999999,0.785398163397439);
#408=CONICAL_SURFACE('',#9321,1.72499999999999,0.785398163397437);
#409=CONICAL_SURFACE('',#9325,1.72499999999999,0.785398163397437);
#410=CONICAL_SURFACE('',#9329,1.72499999999999,0.785398163397439);
#411=CONICAL_SURFACE('',#9372,1.72499999999999,0.785398163397432);
#412=CONICAL_SURFACE('',#9375,1.72499999999999,0.78539816339743);
#413=CONICAL_SURFACE('',#9378,1.72499999999999,0.78539816339743);
#414=CONICAL_SURFACE('',#9381,1.72499999999999,0.785398163397432);
#415=CONICAL_SURFACE('',#9390,1.72499999999999,0.785398163397424);
#416=CONICAL_SURFACE('',#9393,1.72499999999999,0.785398163397423);
#417=CONICAL_SURFACE('',#9396,1.72499999999999,0.785398163397423);
#418=CONICAL_SURFACE('',#9399,1.72499999999999,0.785398163397424);
#419=CONICAL_SURFACE('',#9408,1.72499999999999,0.785398163397415);
#420=CONICAL_SURFACE('',#9411,1.72499999999999,0.785398163397417);
#421=CONICAL_SURFACE('',#9414,1.72499999999999,0.785398163397417);
#422=CONICAL_SURFACE('',#9417,1.72499999999999,0.785398163397415);
#423=CONICAL_SURFACE('',#9426,1.725,0.785398163397449);
#424=CONICAL_SURFACE('',#9428,0.975000000000005,0.785398163397437);
#425=CONICAL_SURFACE('',#9431,0.975000000000001,0.785398163397445);
#426=CONICAL_SURFACE('',#9434,0.975000000000001,0.785398163397445);
#427=CONICAL_SURFACE('',#9437,0.975000000000005,0.785398163397437);
#428=CONICAL_SURFACE('',#9439,1.725,0.785398163397448);
#429=CONICAL_SURFACE('',#9442,1.725,0.785398163397827);
#430=CONICAL_SURFACE('',#9444,0.97500000000001,0.78539816339777);
#431=CONICAL_SURFACE('',#9447,0.974999999999992,0.785398163397808);
#432=CONICAL_SURFACE('',#9450,0.974999999999995,0.785398163397117);
#433=CONICAL_SURFACE('',#9453,0.974999999999997,0.785398163397111);
#434=CONICAL_SURFACE('',#9455,1.72499999999999,0.785398163397057);
#435=CONICAL_SURFACE('',#9474,1.72499999999999,0.785398163397436);
#436=CONICAL_SURFACE('',#9477,1.72499999999999,0.785398163397439);
#437=CONICAL_SURFACE('',#9480,1.72499999999999,0.785398163397439);
#438=CONICAL_SURFACE('',#9484,1.72499999999999,0.785398163397436);
#439=CONICAL_SURFACE('',#9514,1.72499999999999,0.785398163397429);
#440=CONICAL_SURFACE('',#9517,1.72499999999999,0.785398163397432);
#441=CONICAL_SURFACE('',#9520,1.72499999999999,0.785398163397432);
#442=CONICAL_SURFACE('',#9522,1.72499999999999,0.785398163397429);
#443=CONICAL_SURFACE('',#9527,1.72499999999999,0.785398163397423);
#444=CONICAL_SURFACE('',#9530,1.72499999999999,0.785398163397425);
#445=CONICAL_SURFACE('',#9533,1.72499999999999,0.785398163397425);
#446=CONICAL_SURFACE('',#9535,1.72499999999999,0.785398163397423);
#447=CONICAL_SURFACE('',#9540,1.72499999999999,0.785398163397416);
#448=CONICAL_SURFACE('',#9543,1.72499999999999,0.785398163397419);
#449=CONICAL_SURFACE('',#9546,1.72499999999999,0.785398163397419);
#450=CONICAL_SURFACE('',#9548,1.72499999999999,0.785398163397416);
#451=CONICAL_SURFACE('',#9553,1.725,0.785398163397449);
#452=CONICAL_SURFACE('',#9554,0.975000000000005,0.785398163397437);
#453=CONICAL_SURFACE('',#9556,0.975000000000001,0.785398163397445);
#454=CONICAL_SURFACE('',#9558,0.975000000000001,0.785398163397445);
#455=CONICAL_SURFACE('',#9560,0.975000000000005,0.785398163397437);
#456=CONICAL_SURFACE('',#9561,1.725,0.785398163397449);
#457=CONICAL_SURFACE('',#9563,1.72499999999999,0.785398163397804);
#458=CONICAL_SURFACE('',#9565,0.974999999999995,0.785398163397803);
#459=CONICAL_SURFACE('',#9568,0.974999999999992,0.785398163397808);
#460=CONICAL_SURFACE('',#9571,0.974999999999995,0.785398163397117);
#461=CONICAL_SURFACE('',#9574,0.975000000000014,0.785398163397074);
#462=CONICAL_SURFACE('',#9576,1.725,0.785398163397081);
#463=CONICAL_SURFACE('',#9763,2.8,0.785398163397448);
#464=CONICAL_SURFACE('',#9764,2.9,0.785398163397448);
#465=CONICAL_SURFACE('',#9766,2.9,0.785398163397448);
#466=CONICAL_SURFACE('',#9883,2.8,0.785398163397448);
#467=CONICAL_SURFACE('',#9884,2.9,0.785398163397448);
#468=CONICAL_SURFACE('',#9886,2.9,0.785398163397448);
#469=FACE_OUTER_BOUND('',#991,.T.);
#470=FACE_OUTER_BOUND('',#992,.T.);
#471=FACE_OUTER_BOUND('',#993,.T.);
#472=FACE_OUTER_BOUND('',#994,.T.);
#473=FACE_OUTER_BOUND('',#995,.T.);
#474=FACE_OUTER_BOUND('',#996,.T.);
#475=FACE_OUTER_BOUND('',#997,.T.);
#476=FACE_OUTER_BOUND('',#998,.T.);
#477=FACE_OUTER_BOUND('',#999,.T.);
#478=FACE_OUTER_BOUND('',#1000,.T.);
#479=FACE_OUTER_BOUND('',#1001,.T.);
#480=FACE_OUTER_BOUND('',#1002,.T.);
#481=FACE_OUTER_BOUND('',#1003,.T.);
#482=FACE_OUTER_BOUND('',#1010,.T.);
#483=FACE_OUTER_BOUND('',#1011,.T.);
#484=FACE_OUTER_BOUND('',#1012,.T.);
#485=FACE_OUTER_BOUND('',#1013,.T.);
#486=FACE_OUTER_BOUND('',#1014,.T.);
#487=FACE_OUTER_BOUND('',#1015,.T.);
#488=FACE_OUTER_BOUND('',#1016,.T.);
#489=FACE_OUTER_BOUND('',#1017,.T.);
#490=FACE_OUTER_BOUND('',#1018,.T.);
#491=FACE_OUTER_BOUND('',#1019,.T.);
#492=FACE_OUTER_BOUND('',#1020,.T.);
#493=FACE_OUTER_BOUND('',#1021,.T.);
#494=FACE_OUTER_BOUND('',#1022,.T.);
#495=FACE_OUTER_BOUND('',#1023,.T.);
#496=FACE_OUTER_BOUND('',#1024,.T.);
#497=FACE_OUTER_BOUND('',#1025,.T.);
#498=FACE_OUTER_BOUND('',#1026,.T.);
#499=FACE_OUTER_BOUND('',#1027,.T.);
#500=FACE_OUTER_BOUND('',#1028,.T.);
#501=FACE_OUTER_BOUND('',#1029,.T.);
#502=FACE_OUTER_BOUND('',#1030,.T.);
#503=FACE_OUTER_BOUND('',#1031,.T.);
#504=FACE_OUTER_BOUND('',#1032,.T.);
#505=FACE_OUTER_BOUND('',#1033,.T.);
#506=FACE_OUTER_BOUND('',#1034,.T.);
#507=FACE_OUTER_BOUND('',#1035,.T.);
#508=FACE_OUTER_BOUND('',#1036,.T.);
#509=FACE_OUTER_BOUND('',#1037,.T.);
#510=FACE_OUTER_BOUND('',#1038,.T.);
#511=FACE_OUTER_BOUND('',#1039,.T.);
#512=FACE_OUTER_BOUND('',#1040,.T.);
#513=FACE_OUTER_BOUND('',#1041,.T.);
#514=FACE_OUTER_BOUND('',#1042,.T.);
#515=FACE_OUTER_BOUND('',#1043,.T.);
#516=FACE_OUTER_BOUND('',#1044,.T.);
#517=FACE_OUTER_BOUND('',#1045,.T.);
#518=FACE_OUTER_BOUND('',#1046,.T.);
#519=FACE_OUTER_BOUND('',#1047,.T.);
#520=FACE_OUTER_BOUND('',#1048,.T.);
#521=FACE_OUTER_BOUND('',#1049,.T.);
#522=FACE_OUTER_BOUND('',#1050,.T.);
#523=FACE_OUTER_BOUND('',#1051,.T.);
#524=FACE_OUTER_BOUND('',#1052,.T.);
#525=FACE_OUTER_BOUND('',#1053,.T.);
#526=FACE_OUTER_BOUND('',#1054,.T.);
#527=FACE_OUTER_BOUND('',#1055,.T.);
#528=FACE_OUTER_BOUND('',#1056,.T.);
#529=FACE_OUTER_BOUND('',#1057,.T.);
#530=FACE_OUTER_BOUND('',#1058,.T.);
#531=FACE_OUTER_BOUND('',#1059,.T.);
#532=FACE_OUTER_BOUND('',#1060,.T.);
#533=FACE_OUTER_BOUND('',#1061,.T.);
#534=FACE_OUTER_BOUND('',#1062,.T.);
#535=FACE_OUTER_BOUND('',#1063,.T.);
#536=FACE_OUTER_BOUND('',#1064,.T.);
#537=FACE_OUTER_BOUND('',#1065,.T.);
#538=FACE_OUTER_BOUND('',#1066,.T.);
#539=FACE_OUTER_BOUND('',#1067,.T.);
#540=FACE_OUTER_BOUND('',#1068,.T.);
#541=FACE_OUTER_BOUND('',#1069,.T.);
#542=FACE_OUTER_BOUND('',#1070,.T.);
#543=FACE_OUTER_BOUND('',#1071,.T.);
#544=FACE_OUTER_BOUND('',#1072,.T.);
#545=FACE_OUTER_BOUND('',#1073,.T.);
#546=FACE_OUTER_BOUND('',#1074,.T.);
#547=FACE_OUTER_BOUND('',#1075,.T.);
#548=FACE_OUTER_BOUND('',#1076,.T.);
#549=FACE_OUTER_BOUND('',#1077,.T.);
#550=FACE_OUTER_BOUND('',#1078,.T.);
#551=FACE_OUTER_BOUND('',#1079,.T.);
#552=FACE_OUTER_BOUND('',#1080,.T.);
#553=FACE_OUTER_BOUND('',#1081,.T.);
#554=FACE_OUTER_BOUND('',#1082,.T.);
#555=FACE_OUTER_BOUND('',#1083,.T.);
#556=FACE_OUTER_BOUND('',#1084,.T.);
#557=FACE_OUTER_BOUND('',#1085,.T.);
#558=FACE_OUTER_BOUND('',#1120,.T.);
#559=FACE_OUTER_BOUND('',#1121,.T.);
#560=FACE_OUTER_BOUND('',#1122,.T.);
#561=FACE_OUTER_BOUND('',#1123,.T.);
#562=FACE_OUTER_BOUND('',#1124,.T.);
#563=FACE_OUTER_BOUND('',#1125,.T.);
#564=FACE_OUTER_BOUND('',#1126,.T.);
#565=FACE_OUTER_BOUND('',#1127,.T.);
#566=FACE_OUTER_BOUND('',#1128,.T.);
#567=FACE_OUTER_BOUND('',#1129,.T.);
#568=FACE_OUTER_BOUND('',#1130,.T.);
#569=FACE_OUTER_BOUND('',#1131,.T.);
#570=FACE_OUTER_BOUND('',#1132,.T.);
#571=FACE_OUTER_BOUND('',#1133,.T.);
#572=FACE_OUTER_BOUND('',#1134,.T.);
#573=FACE_OUTER_BOUND('',#1135,.T.);
#574=FACE_OUTER_BOUND('',#1136,.T.);
#575=FACE_OUTER_BOUND('',#1137,.T.);
#576=FACE_OUTER_BOUND('',#1138,.T.);
#577=FACE_OUTER_BOUND('',#1139,.T.);
#578=FACE_OUTER_BOUND('',#1140,.T.);
#579=FACE_OUTER_BOUND('',#1141,.T.);
#580=FACE_OUTER_BOUND('',#1142,.T.);
#581=FACE_OUTER_BOUND('',#1143,.T.);
#582=FACE_OUTER_BOUND('',#1144,.T.);
#583=FACE_OUTER_BOUND('',#1145,.T.);
#584=FACE_OUTER_BOUND('',#1146,.T.);
#585=FACE_OUTER_BOUND('',#1147,.T.);
#586=FACE_OUTER_BOUND('',#1148,.T.);
#587=FACE_OUTER_BOUND('',#1149,.T.);
#588=FACE_OUTER_BOUND('',#1150,.T.);
#589=FACE_OUTER_BOUND('',#1151,.T.);
#590=FACE_OUTER_BOUND('',#1152,.T.);
#591=FACE_OUTER_BOUND('',#1153,.T.);
#592=FACE_OUTER_BOUND('',#1154,.T.);
#593=FACE_OUTER_BOUND('',#1155,.T.);
#594=FACE_OUTER_BOUND('',#1156,.T.);
#595=FACE_OUTER_BOUND('',#1157,.T.);
#596=FACE_OUTER_BOUND('',#1158,.T.);
#597=FACE_OUTER_BOUND('',#1159,.T.);
#598=FACE_OUTER_BOUND('',#1160,.T.);
#599=FACE_OUTER_BOUND('',#1161,.T.);
#600=FACE_OUTER_BOUND('',#1162,.T.);
#601=FACE_OUTER_BOUND('',#1163,.T.);
#602=FACE_OUTER_BOUND('',#1164,.T.);
#603=FACE_OUTER_BOUND('',#1165,.T.);
#604=FACE_OUTER_BOUND('',#1166,.T.);
#605=FACE_OUTER_BOUND('',#1167,.T.);
#606=FACE_OUTER_BOUND('',#1168,.T.);
#607=FACE_OUTER_BOUND('',#1169,.T.);
#608=FACE_OUTER_BOUND('',#1170,.T.);
#609=FACE_OUTER_BOUND('',#1171,.T.);
#610=FACE_OUTER_BOUND('',#1172,.T.);
#611=FACE_OUTER_BOUND('',#1173,.T.);
#612=FACE_OUTER_BOUND('',#1174,.T.);
#613=FACE_OUTER_BOUND('',#1175,.T.);
#614=FACE_OUTER_BOUND('',#1176,.T.);
#615=FACE_OUTER_BOUND('',#1177,.T.);
#616=FACE_OUTER_BOUND('',#1178,.T.);
#617=FACE_OUTER_BOUND('',#1179,.T.);
#618=FACE_OUTER_BOUND('',#1180,.T.);
#619=FACE_OUTER_BOUND('',#1181,.T.);
#620=FACE_OUTER_BOUND('',#1182,.T.);
#621=FACE_OUTER_BOUND('',#1183,.T.);
#622=FACE_OUTER_BOUND('',#1184,.T.);
#623=FACE_OUTER_BOUND('',#1185,.T.);
#624=FACE_OUTER_BOUND('',#1186,.T.);
#625=FACE_OUTER_BOUND('',#1187,.T.);
#626=FACE_OUTER_BOUND('',#1188,.T.);
#627=FACE_OUTER_BOUND('',#1189,.T.);
#628=FACE_OUTER_BOUND('',#1190,.T.);
#629=FACE_OUTER_BOUND('',#1191,.T.);
#630=FACE_OUTER_BOUND('',#1192,.T.);
#631=FACE_OUTER_BOUND('',#1193,.T.);
#632=FACE_OUTER_BOUND('',#1194,.T.);
#633=FACE_OUTER_BOUND('',#1195,.T.);
#634=FACE_OUTER_BOUND('',#1196,.T.);
#635=FACE_OUTER_BOUND('',#1197,.T.);
#636=FACE_OUTER_BOUND('',#1198,.T.);
#637=FACE_OUTER_BOUND('',#1199,.T.);
#638=FACE_OUTER_BOUND('',#1200,.T.);
#639=FACE_OUTER_BOUND('',#1201,.T.);
#640=FACE_OUTER_BOUND('',#1202,.T.);
#641=FACE_OUTER_BOUND('',#1203,.T.);
#642=FACE_OUTER_BOUND('',#1204,.T.);
#643=FACE_OUTER_BOUND('',#1205,.T.);
#644=FACE_OUTER_BOUND('',#1206,.T.);
#645=FACE_OUTER_BOUND('',#1207,.T.);
#646=FACE_OUTER_BOUND('',#1208,.T.);
#647=FACE_OUTER_BOUND('',#1209,.T.);
#648=FACE_OUTER_BOUND('',#1210,.T.);
#649=FACE_OUTER_BOUND('',#1211,.T.);
#650=FACE_OUTER_BOUND('',#1212,.T.);
#651=FACE_OUTER_BOUND('',#1213,.T.);
#652=FACE_OUTER_BOUND('',#1214,.T.);
#653=FACE_OUTER_BOUND('',#1215,.T.);
#654=FACE_OUTER_BOUND('',#1216,.T.);
#655=FACE_OUTER_BOUND('',#1217,.T.);
#656=FACE_OUTER_BOUND('',#1218,.T.);
#657=FACE_OUTER_BOUND('',#1219,.T.);
#658=FACE_OUTER_BOUND('',#1220,.T.);
#659=FACE_OUTER_BOUND('',#1221,.T.);
#660=FACE_OUTER_BOUND('',#1222,.T.);
#661=FACE_OUTER_BOUND('',#1223,.T.);
#662=FACE_OUTER_BOUND('',#1224,.T.);
#663=FACE_OUTER_BOUND('',#1225,.T.);
#664=FACE_OUTER_BOUND('',#1226,.T.);
#665=FACE_OUTER_BOUND('',#1227,.T.);
#666=FACE_OUTER_BOUND('',#1228,.T.);
#667=FACE_OUTER_BOUND('',#1229,.T.);
#668=FACE_OUTER_BOUND('',#1230,.T.);
#669=FACE_OUTER_BOUND('',#1231,.T.);
#670=FACE_OUTER_BOUND('',#1232,.T.);
#671=FACE_OUTER_BOUND('',#1233,.T.);
#672=FACE_OUTER_BOUND('',#1234,.T.);
#673=FACE_OUTER_BOUND('',#1235,.T.);
#674=FACE_OUTER_BOUND('',#1236,.T.);
#675=FACE_OUTER_BOUND('',#1237,.T.);
#676=FACE_OUTER_BOUND('',#1238,.T.);
#677=FACE_OUTER_BOUND('',#1239,.T.);
#678=FACE_OUTER_BOUND('',#1240,.T.);
#679=FACE_OUTER_BOUND('',#1241,.T.);
#680=FACE_OUTER_BOUND('',#1242,.T.);
#681=FACE_OUTER_BOUND('',#1243,.T.);
#682=FACE_OUTER_BOUND('',#1244,.T.);
#683=FACE_OUTER_BOUND('',#1245,.T.);
#684=FACE_OUTER_BOUND('',#1246,.T.);
#685=FACE_OUTER_BOUND('',#1247,.T.);
#686=FACE_OUTER_BOUND('',#1248,.T.);
#687=FACE_OUTER_BOUND('',#1249,.T.);
#688=FACE_OUTER_BOUND('',#1250,.T.);
#689=FACE_OUTER_BOUND('',#1251,.T.);
#690=FACE_OUTER_BOUND('',#1252,.T.);
#691=FACE_OUTER_BOUND('',#1253,.T.);
#692=FACE_OUTER_BOUND('',#1254,.T.);
#693=FACE_OUTER_BOUND('',#1255,.T.);
#694=FACE_OUTER_BOUND('',#1256,.T.);
#695=FACE_OUTER_BOUND('',#1257,.T.);
#696=FACE_OUTER_BOUND('',#1258,.T.);
#697=FACE_OUTER_BOUND('',#1259,.T.);
#698=FACE_OUTER_BOUND('',#1260,.T.);
#699=FACE_OUTER_BOUND('',#1261,.T.);
#700=FACE_OUTER_BOUND('',#1262,.T.);
#701=FACE_OUTER_BOUND('',#1263,.T.);
#702=FACE_OUTER_BOUND('',#1264,.T.);
#703=FACE_OUTER_BOUND('',#1265,.T.);
#704=FACE_OUTER_BOUND('',#1266,.T.);
#705=FACE_OUTER_BOUND('',#1267,.T.);
#706=FACE_OUTER_BOUND('',#1268,.T.);
#707=FACE_OUTER_BOUND('',#1269,.T.);
#708=FACE_OUTER_BOUND('',#1270,.T.);
#709=FACE_OUTER_BOUND('',#1271,.T.);
#710=FACE_OUTER_BOUND('',#1272,.T.);
#711=FACE_OUTER_BOUND('',#1273,.T.);
#712=FACE_OUTER_BOUND('',#1274,.T.);
#713=FACE_OUTER_BOUND('',#1275,.T.);
#714=FACE_OUTER_BOUND('',#1276,.T.);
#715=FACE_OUTER_BOUND('',#1277,.T.);
#716=FACE_OUTER_BOUND('',#1278,.T.);
#717=FACE_OUTER_BOUND('',#1279,.T.);
#718=FACE_OUTER_BOUND('',#1280,.T.);
#719=FACE_OUTER_BOUND('',#1281,.T.);
#720=FACE_OUTER_BOUND('',#1282,.T.);
#721=FACE_OUTER_BOUND('',#1283,.T.);
#722=FACE_OUTER_BOUND('',#1284,.T.);
#723=FACE_OUTER_BOUND('',#1285,.T.);
#724=FACE_OUTER_BOUND('',#1286,.T.);
#725=FACE_OUTER_BOUND('',#1287,.T.);
#726=FACE_OUTER_BOUND('',#1291,.T.);
#727=FACE_OUTER_BOUND('',#1292,.T.);
#728=FACE_OUTER_BOUND('',#1293,.T.);
#729=FACE_OUTER_BOUND('',#1294,.T.);
#730=FACE_OUTER_BOUND('',#1295,.T.);
#731=FACE_OUTER_BOUND('',#1296,.T.);
#732=FACE_OUTER_BOUND('',#1297,.T.);
#733=FACE_OUTER_BOUND('',#1298,.T.);
#734=FACE_OUTER_BOUND('',#1299,.T.);
#735=FACE_OUTER_BOUND('',#1300,.T.);
#736=FACE_OUTER_BOUND('',#1301,.T.);
#737=FACE_OUTER_BOUND('',#1302,.T.);
#738=FACE_OUTER_BOUND('',#1303,.T.);
#739=FACE_OUTER_BOUND('',#1304,.T.);
#740=FACE_OUTER_BOUND('',#1305,.T.);
#741=FACE_OUTER_BOUND('',#1306,.T.);
#742=FACE_OUTER_BOUND('',#1307,.T.);
#743=FACE_OUTER_BOUND('',#1308,.T.);
#744=FACE_OUTER_BOUND('',#1309,.T.);
#745=FACE_OUTER_BOUND('',#1310,.T.);
#746=FACE_OUTER_BOUND('',#1311,.T.);
#747=FACE_OUTER_BOUND('',#1312,.T.);
#748=FACE_OUTER_BOUND('',#1313,.T.);
#749=FACE_OUTER_BOUND('',#1314,.T.);
#750=FACE_OUTER_BOUND('',#1315,.T.);
#751=FACE_OUTER_BOUND('',#1316,.T.);
#752=FACE_OUTER_BOUND('',#1317,.T.);
#753=FACE_OUTER_BOUND('',#1318,.T.);
#754=FACE_OUTER_BOUND('',#1319,.T.);
#755=FACE_OUTER_BOUND('',#1320,.T.);
#756=FACE_OUTER_BOUND('',#1321,.T.);
#757=FACE_OUTER_BOUND('',#1322,.T.);
#758=FACE_OUTER_BOUND('',#1323,.T.);
#759=FACE_OUTER_BOUND('',#1324,.T.);
#760=FACE_OUTER_BOUND('',#1325,.T.);
#761=FACE_OUTER_BOUND('',#1326,.T.);
#762=FACE_OUTER_BOUND('',#1327,.T.);
#763=FACE_OUTER_BOUND('',#1328,.T.);
#764=FACE_OUTER_BOUND('',#1329,.T.);
#765=FACE_OUTER_BOUND('',#1330,.T.);
#766=FACE_OUTER_BOUND('',#1332,.T.);
#767=FACE_OUTER_BOUND('',#1333,.T.);
#768=FACE_OUTER_BOUND('',#1334,.T.);
#769=FACE_OUTER_BOUND('',#1335,.T.);
#770=FACE_OUTER_BOUND('',#1336,.T.);
#771=FACE_OUTER_BOUND('',#1337,.T.);
#772=FACE_OUTER_BOUND('',#1338,.T.);
#773=FACE_OUTER_BOUND('',#1339,.T.);
#774=FACE_OUTER_BOUND('',#1340,.T.);
#775=FACE_OUTER_BOUND('',#1341,.T.);
#776=FACE_OUTER_BOUND('',#1342,.T.);
#777=FACE_OUTER_BOUND('',#1343,.T.);
#778=FACE_OUTER_BOUND('',#1344,.T.);
#779=FACE_OUTER_BOUND('',#1345,.T.);
#780=FACE_OUTER_BOUND('',#1346,.T.);
#781=FACE_OUTER_BOUND('',#1347,.T.);
#782=FACE_OUTER_BOUND('',#1348,.T.);
#783=FACE_OUTER_BOUND('',#1349,.T.);
#784=FACE_OUTER_BOUND('',#1350,.T.);
#785=FACE_OUTER_BOUND('',#1351,.T.);
#786=FACE_OUTER_BOUND('',#1352,.T.);
#787=FACE_OUTER_BOUND('',#1353,.T.);
#788=FACE_OUTER_BOUND('',#1354,.T.);
#789=FACE_OUTER_BOUND('',#1355,.T.);
#790=FACE_OUTER_BOUND('',#1356,.T.);
#791=FACE_OUTER_BOUND('',#1357,.T.);
#792=FACE_OUTER_BOUND('',#1358,.T.);
#793=FACE_OUTER_BOUND('',#1359,.T.);
#794=FACE_OUTER_BOUND('',#1360,.T.);
#795=FACE_OUTER_BOUND('',#1361,.T.);
#796=FACE_OUTER_BOUND('',#1362,.T.);
#797=FACE_OUTER_BOUND('',#1363,.T.);
#798=FACE_OUTER_BOUND('',#1364,.T.);
#799=FACE_OUTER_BOUND('',#1365,.T.);
#800=FACE_OUTER_BOUND('',#1366,.T.);
#801=FACE_OUTER_BOUND('',#1367,.T.);
#802=FACE_OUTER_BOUND('',#1368,.T.);
#803=FACE_OUTER_BOUND('',#1369,.T.);
#804=FACE_OUTER_BOUND('',#1370,.T.);
#805=FACE_OUTER_BOUND('',#1371,.T.);
#806=FACE_OUTER_BOUND('',#1372,.T.);
#807=FACE_OUTER_BOUND('',#1373,.T.);
#808=FACE_OUTER_BOUND('',#1374,.T.);
#809=FACE_OUTER_BOUND('',#1375,.T.);
#810=FACE_OUTER_BOUND('',#1376,.T.);
#811=FACE_OUTER_BOUND('',#1377,.T.);
#812=FACE_OUTER_BOUND('',#1378,.T.);
#813=FACE_OUTER_BOUND('',#1379,.T.);
#814=FACE_OUTER_BOUND('',#1380,.T.);
#815=FACE_OUTER_BOUND('',#1384,.T.);
#816=FACE_OUTER_BOUND('',#1385,.T.);
#817=FACE_OUTER_BOUND('',#1386,.T.);
#818=FACE_OUTER_BOUND('',#1387,.T.);
#819=FACE_OUTER_BOUND('',#1388,.T.);
#820=FACE_OUTER_BOUND('',#1389,.T.);
#821=FACE_OUTER_BOUND('',#1390,.T.);
#822=FACE_OUTER_BOUND('',#1391,.T.);
#823=FACE_OUTER_BOUND('',#1392,.T.);
#824=FACE_OUTER_BOUND('',#1393,.T.);
#825=FACE_OUTER_BOUND('',#1394,.T.);
#826=FACE_OUTER_BOUND('',#1395,.T.);
#827=FACE_OUTER_BOUND('',#1396,.T.);
#828=FACE_OUTER_BOUND('',#1397,.T.);
#829=FACE_OUTER_BOUND('',#1398,.T.);
#830=FACE_OUTER_BOUND('',#1399,.T.);
#831=FACE_OUTER_BOUND('',#1400,.T.);
#832=FACE_OUTER_BOUND('',#1401,.T.);
#833=FACE_OUTER_BOUND('',#1402,.T.);
#834=FACE_OUTER_BOUND('',#1403,.T.);
#835=FACE_OUTER_BOUND('',#1404,.T.);
#836=FACE_OUTER_BOUND('',#1405,.T.);
#837=FACE_OUTER_BOUND('',#1406,.T.);
#838=FACE_OUTER_BOUND('',#1407,.T.);
#839=FACE_OUTER_BOUND('',#1408,.T.);
#840=FACE_OUTER_BOUND('',#1409,.T.);
#841=FACE_OUTER_BOUND('',#1410,.T.);
#842=FACE_OUTER_BOUND('',#1411,.T.);
#843=FACE_OUTER_BOUND('',#1412,.T.);
#844=FACE_OUTER_BOUND('',#1413,.T.);
#845=FACE_OUTER_BOUND('',#1414,.T.);
#846=FACE_OUTER_BOUND('',#1415,.T.);
#847=FACE_OUTER_BOUND('',#1416,.T.);
#848=FACE_OUTER_BOUND('',#1417,.T.);
#849=FACE_OUTER_BOUND('',#1418,.T.);
#850=FACE_OUTER_BOUND('',#1419,.T.);
#851=FACE_OUTER_BOUND('',#1420,.T.);
#852=FACE_OUTER_BOUND('',#1421,.T.);
#853=FACE_OUTER_BOUND('',#1422,.T.);
#854=FACE_OUTER_BOUND('',#1423,.T.);
#855=FACE_OUTER_BOUND('',#1425,.T.);
#856=FACE_OUTER_BOUND('',#1426,.T.);
#857=FACE_OUTER_BOUND('',#1427,.T.);
#858=FACE_OUTER_BOUND('',#1428,.T.);
#859=FACE_OUTER_BOUND('',#1429,.T.);
#860=FACE_OUTER_BOUND('',#1430,.T.);
#861=FACE_OUTER_BOUND('',#1431,.T.);
#862=FACE_OUTER_BOUND('',#1432,.T.);
#863=FACE_OUTER_BOUND('',#1433,.T.);
#864=FACE_OUTER_BOUND('',#1434,.T.);
#865=FACE_OUTER_BOUND('',#1435,.T.);
#866=FACE_OUTER_BOUND('',#1436,.T.);
#867=FACE_OUTER_BOUND('',#1437,.T.);
#868=FACE_OUTER_BOUND('',#1438,.T.);
#869=FACE_OUTER_BOUND('',#1439,.T.);
#870=FACE_OUTER_BOUND('',#1440,.T.);
#871=FACE_OUTER_BOUND('',#1441,.T.);
#872=FACE_OUTER_BOUND('',#1442,.T.);
#873=FACE_OUTER_BOUND('',#1443,.T.);
#874=FACE_OUTER_BOUND('',#1444,.T.);
#875=FACE_OUTER_BOUND('',#1445,.T.);
#876=FACE_OUTER_BOUND('',#1446,.T.);
#877=FACE_OUTER_BOUND('',#1447,.T.);
#878=FACE_OUTER_BOUND('',#1448,.T.);
#879=FACE_OUTER_BOUND('',#1449,.T.);
#880=FACE_OUTER_BOUND('',#1450,.T.);
#881=FACE_OUTER_BOUND('',#1451,.T.);
#882=FACE_OUTER_BOUND('',#1452,.T.);
#883=FACE_OUTER_BOUND('',#1453,.T.);
#884=FACE_OUTER_BOUND('',#1454,.T.);
#885=FACE_OUTER_BOUND('',#1455,.T.);
#886=FACE_OUTER_BOUND('',#1456,.T.);
#887=FACE_OUTER_BOUND('',#1457,.T.);
#888=FACE_OUTER_BOUND('',#1458,.T.);
#889=FACE_OUTER_BOUND('',#1459,.T.);
#890=FACE_OUTER_BOUND('',#1460,.T.);
#891=FACE_OUTER_BOUND('',#1461,.T.);
#892=FACE_OUTER_BOUND('',#1462,.T.);
#893=FACE_OUTER_BOUND('',#1463,.T.);
#894=FACE_OUTER_BOUND('',#1464,.T.);
#895=FACE_OUTER_BOUND('',#1465,.T.);
#896=FACE_OUTER_BOUND('',#1466,.T.);
#897=FACE_OUTER_BOUND('',#1467,.T.);
#898=FACE_OUTER_BOUND('',#1468,.T.);
#899=FACE_OUTER_BOUND('',#1469,.T.);
#900=FACE_OUTER_BOUND('',#1470,.T.);
#901=FACE_OUTER_BOUND('',#1471,.T.);
#902=FACE_OUTER_BOUND('',#1472,.T.);
#903=FACE_OUTER_BOUND('',#1473,.T.);
#904=FACE_OUTER_BOUND('',#1474,.T.);
#905=FACE_OUTER_BOUND('',#1475,.T.);
#906=FACE_OUTER_BOUND('',#1476,.T.);
#907=FACE_OUTER_BOUND('',#1477,.T.);
#908=FACE_OUTER_BOUND('',#1478,.T.);
#909=FACE_OUTER_BOUND('',#1479,.T.);
#910=FACE_OUTER_BOUND('',#1480,.T.);
#911=FACE_OUTER_BOUND('',#1481,.T.);
#912=FACE_OUTER_BOUND('',#1483,.T.);
#913=FACE_OUTER_BOUND('',#1485,.T.);
#914=FACE_OUTER_BOUND('',#1487,.T.);
#915=FACE_OUTER_BOUND('',#1489,.T.);
#916=FACE_OUTER_BOUND('',#1491,.T.);
#917=FACE_OUTER_BOUND('',#1492,.T.);
#918=FACE_OUTER_BOUND('',#1493,.T.);
#919=FACE_OUTER_BOUND('',#1494,.T.);
#920=FACE_OUTER_BOUND('',#1495,.T.);
#921=FACE_OUTER_BOUND('',#1496,.T.);
#922=FACE_OUTER_BOUND('',#1497,.T.);
#923=FACE_OUTER_BOUND('',#1498,.T.);
#924=FACE_OUTER_BOUND('',#1499,.T.);
#925=FACE_OUTER_BOUND('',#1501,.T.);
#926=FACE_OUTER_BOUND('',#1502,.T.);
#927=FACE_OUTER_BOUND('',#1503,.T.);
#928=FACE_OUTER_BOUND('',#1504,.T.);
#929=FACE_OUTER_BOUND('',#1505,.T.);
#930=FACE_OUTER_BOUND('',#1506,.T.);
#931=FACE_OUTER_BOUND('',#1507,.T.);
#932=FACE_OUTER_BOUND('',#1508,.T.);
#933=FACE_OUTER_BOUND('',#1509,.T.);
#934=FACE_OUTER_BOUND('',#1510,.T.);
#935=FACE_OUTER_BOUND('',#1511,.T.);
#936=FACE_OUTER_BOUND('',#1512,.T.);
#937=FACE_OUTER_BOUND('',#1513,.T.);
#938=FACE_OUTER_BOUND('',#1514,.T.);
#939=FACE_OUTER_BOUND('',#1515,.T.);
#940=FACE_OUTER_BOUND('',#1516,.T.);
#941=FACE_OUTER_BOUND('',#1517,.T.);
#942=FACE_OUTER_BOUND('',#1518,.T.);
#943=FACE_OUTER_BOUND('',#1519,.T.);
#944=FACE_OUTER_BOUND('',#1521,.T.);
#945=FACE_OUTER_BOUND('',#1522,.T.);
#946=FACE_OUTER_BOUND('',#1523,.T.);
#947=FACE_OUTER_BOUND('',#1524,.T.);
#948=FACE_OUTER_BOUND('',#1525,.T.);
#949=FACE_OUTER_BOUND('',#1526,.T.);
#950=FACE_OUTER_BOUND('',#1527,.T.);
#951=FACE_OUTER_BOUND('',#1528,.T.);
#952=FACE_OUTER_BOUND('',#1529,.T.);
#953=FACE_OUTER_BOUND('',#1531,.T.);
#954=FACE_OUTER_BOUND('',#1533,.T.);
#955=FACE_OUTER_BOUND('',#1534,.T.);
#956=FACE_OUTER_BOUND('',#1535,.T.);
#957=FACE_OUTER_BOUND('',#1536,.T.);
#958=FACE_OUTER_BOUND('',#1537,.T.);
#959=FACE_OUTER_BOUND('',#1538,.T.);
#960=FACE_OUTER_BOUND('',#1539,.T.);
#961=FACE_OUTER_BOUND('',#1540,.T.);
#962=FACE_OUTER_BOUND('',#1541,.T.);
#963=FACE_OUTER_BOUND('',#1543,.T.);
#964=FACE_OUTER_BOUND('',#1544,.T.);
#965=FACE_OUTER_BOUND('',#1545,.T.);
#966=FACE_OUTER_BOUND('',#1546,.T.);
#967=FACE_OUTER_BOUND('',#1547,.T.);
#968=FACE_OUTER_BOUND('',#1548,.T.);
#969=FACE_OUTER_BOUND('',#1549,.T.);
#970=FACE_OUTER_BOUND('',#1550,.T.);
#971=FACE_OUTER_BOUND('',#1551,.T.);
#972=FACE_OUTER_BOUND('',#1552,.T.);
#973=FACE_OUTER_BOUND('',#1553,.T.);
#974=FACE_OUTER_BOUND('',#1554,.T.);
#975=FACE_OUTER_BOUND('',#1555,.T.);
#976=FACE_OUTER_BOUND('',#1556,.T.);
#977=FACE_OUTER_BOUND('',#1557,.T.);
#978=FACE_OUTER_BOUND('',#1558,.T.);
#979=FACE_OUTER_BOUND('',#1559,.T.);
#980=FACE_OUTER_BOUND('',#1560,.T.);
#981=FACE_OUTER_BOUND('',#1561,.T.);
#982=FACE_OUTER_BOUND('',#1563,.T.);
#983=FACE_OUTER_BOUND('',#1564,.T.);
#984=FACE_OUTER_BOUND('',#1565,.T.);
#985=FACE_OUTER_BOUND('',#1566,.T.);
#986=FACE_OUTER_BOUND('',#1567,.T.);
#987=FACE_OUTER_BOUND('',#1568,.T.);
#988=FACE_OUTER_BOUND('',#1569,.T.);
#989=FACE_OUTER_BOUND('',#1570,.T.);
#990=FACE_OUTER_BOUND('',#1571,.T.);
#991=EDGE_LOOP('',(#5813,#5814,#5815,#5816));
#992=EDGE_LOOP('',(#5817,#5818,#5819,#5820));
#993=EDGE_LOOP('',(#5821,#5822,#5823,#5824));
#994=EDGE_LOOP('',(#5825,#5826,#5827,#5828));
#995=EDGE_LOOP('',(#5829,#5830,#5831,#5832));
#996=EDGE_LOOP('',(#5833,#5834,#5835,#5836));
#997=EDGE_LOOP('',(#5837,#5838,#5839,#5840));
#998=EDGE_LOOP('',(#5841,#5842,#5843,#5844));
#999=EDGE_LOOP('',(#5845,#5846,#5847,#5848));
#1000=EDGE_LOOP('',(#5849,#5850,#5851,#5852));
#1001=EDGE_LOOP('',(#5853,#5854,#5855,#5856));
#1002=EDGE_LOOP('',(#5857,#5858,#5859,#5860));
#1003=EDGE_LOOP('',(#5861,#5862,#5863,#5864,#5865,#5866,#5867,#5868,#5869,
#5870,#5871,#5872,#5873,#5874,#5875,#5876,#5877,#5878,#5879,#5880));
#1004=EDGE_LOOP('',(#5881,#5882,#5883,#5884,#5885,#5886,#5887,#5888));
#1005=EDGE_LOOP('',(#5889,#5890,#5891,#5892,#5893,#5894,#5895,#5896));
#1006=EDGE_LOOP('',(#5897,#5898,#5899,#5900,#5901,#5902,#5903,#5904));
#1007=EDGE_LOOP('',(#5905,#5906,#5907,#5908,#5909,#5910,#5911,#5912));
#1008=EDGE_LOOP('',(#5913,#5914,#5915,#5916,#5917,#5918,#5919,#5920));
#1009=EDGE_LOOP('',(#5921,#5922,#5923,#5924,#5925,#5926,#5927,#5928));
#1010=EDGE_LOOP('',(#5929,#5930,#5931,#5932));
#1011=EDGE_LOOP('',(#5933,#5934,#5935,#5936));
#1012=EDGE_LOOP('',(#5937,#5938,#5939,#5940));
#1013=EDGE_LOOP('',(#5941,#5942,#5943,#5944));
#1014=EDGE_LOOP('',(#5945,#5946,#5947,#5948));
#1015=EDGE_LOOP('',(#5949,#5950,#5951,#5952));
#1016=EDGE_LOOP('',(#5953,#5954,#5955,#5956));
#1017=EDGE_LOOP('',(#5957,#5958,#5959,#5960));
#1018=EDGE_LOOP('',(#5961,#5962,#5963,#5964));
#1019=EDGE_LOOP('',(#5965,#5966,#5967,#5968));
#1020=EDGE_LOOP('',(#5969,#5970,#5971,#5972));
#1021=EDGE_LOOP('',(#5973,#5974,#5975,#5976));
#1022=EDGE_LOOP('',(#5977,#5978,#5979,#5980));
#1023=EDGE_LOOP('',(#5981,#5982,#5983,#5984));
#1024=EDGE_LOOP('',(#5985,#5986,#5987,#5988));
#1025=EDGE_LOOP('',(#5989,#5990,#5991,#5992));
#1026=EDGE_LOOP('',(#5993,#5994,#5995,#5996));
#1027=EDGE_LOOP('',(#5997,#5998,#5999,#6000));
#1028=EDGE_LOOP('',(#6001,#6002,#6003,#6004));
#1029=EDGE_LOOP('',(#6005,#6006,#6007,#6008));
#1030=EDGE_LOOP('',(#6009,#6010,#6011,#6012));
#1031=EDGE_LOOP('',(#6013,#6014,#6015,#6016));
#1032=EDGE_LOOP('',(#6017,#6018,#6019,#6020));
#1033=EDGE_LOOP('',(#6021,#6022,#6023,#6024));
#1034=EDGE_LOOP('',(#6025,#6026,#6027,#6028));
#1035=EDGE_LOOP('',(#6029,#6030,#6031,#6032));
#1036=EDGE_LOOP('',(#6033,#6034,#6035,#6036));
#1037=EDGE_LOOP('',(#6037,#6038,#6039,#6040));
#1038=EDGE_LOOP('',(#6041,#6042,#6043,#6044));
#1039=EDGE_LOOP('',(#6045,#6046,#6047,#6048));
#1040=EDGE_LOOP('',(#6049,#6050,#6051,#6052));
#1041=EDGE_LOOP('',(#6053,#6054,#6055,#6056));
#1042=EDGE_LOOP('',(#6057,#6058,#6059,#6060));
#1043=EDGE_LOOP('',(#6061,#6062,#6063,#6064));
#1044=EDGE_LOOP('',(#6065,#6066,#6067,#6068));
#1045=EDGE_LOOP('',(#6069,#6070,#6071,#6072));
#1046=EDGE_LOOP('',(#6073,#6074,#6075,#6076));
#1047=EDGE_LOOP('',(#6077,#6078,#6079,#6080));
#1048=EDGE_LOOP('',(#6081,#6082,#6083,#6084));
#1049=EDGE_LOOP('',(#6085,#6086,#6087,#6088));
#1050=EDGE_LOOP('',(#6089,#6090,#6091,#6092));
#1051=EDGE_LOOP('',(#6093,#6094,#6095,#6096));
#1052=EDGE_LOOP('',(#6097,#6098,#6099,#6100));
#1053=EDGE_LOOP('',(#6101,#6102,#6103,#6104));
#1054=EDGE_LOOP('',(#6105,#6106,#6107,#6108));
#1055=EDGE_LOOP('',(#6109,#6110,#6111,#6112));
#1056=EDGE_LOOP('',(#6113,#6114,#6115,#6116));
#1057=EDGE_LOOP('',(#6117,#6118,#6119,#6120));
#1058=EDGE_LOOP('',(#6121,#6122,#6123,#6124));
#1059=EDGE_LOOP('',(#6125,#6126,#6127,#6128));
#1060=EDGE_LOOP('',(#6129,#6130,#6131,#6132));
#1061=EDGE_LOOP('',(#6133,#6134,#6135,#6136));
#1062=EDGE_LOOP('',(#6137,#6138,#6139,#6140));
#1063=EDGE_LOOP('',(#6141,#6142,#6143,#6144));
#1064=EDGE_LOOP('',(#6145,#6146,#6147,#6148));
#1065=EDGE_LOOP('',(#6149,#6150,#6151,#6152));
#1066=EDGE_LOOP('',(#6153,#6154,#6155,#6156));
#1067=EDGE_LOOP('',(#6157,#6158,#6159,#6160));
#1068=EDGE_LOOP('',(#6161,#6162,#6163,#6164));
#1069=EDGE_LOOP('',(#6165,#6166,#6167,#6168));
#1070=EDGE_LOOP('',(#6169,#6170,#6171,#6172));
#1071=EDGE_LOOP('',(#6173,#6174,#6175,#6176));
#1072=EDGE_LOOP('',(#6177,#6178,#6179,#6180));
#1073=EDGE_LOOP('',(#6181,#6182,#6183,#6184));
#1074=EDGE_LOOP('',(#6185,#6186,#6187,#6188));
#1075=EDGE_LOOP('',(#6189,#6190,#6191,#6192));
#1076=EDGE_LOOP('',(#6193,#6194,#6195,#6196));
#1077=EDGE_LOOP('',(#6197,#6198,#6199,#6200));
#1078=EDGE_LOOP('',(#6201,#6202,#6203,#6204));
#1079=EDGE_LOOP('',(#6205,#6206,#6207,#6208));
#1080=EDGE_LOOP('',(#6209,#6210,#6211,#6212));
#1081=EDGE_LOOP('',(#6213,#6214,#6215,#6216));
#1082=EDGE_LOOP('',(#6217,#6218,#6219,#6220));
#1083=EDGE_LOOP('',(#6221,#6222,#6223,#6224));
#1084=EDGE_LOOP('',(#6225,#6226,#6227,#6228));
#1085=EDGE_LOOP('',(#6229,#6230,#6231,#6232,#6233,#6234,#6235,#6236,#6237,
#6238,#6239,#6240,#6241,#6242,#6243,#6244,#6245,#6246,#6247,#6248));
#1086=EDGE_LOOP('',(#6249,#6250,#6251,#6252,#6253,#6254,#6255,#6256));
#1087=EDGE_LOOP('',(#6257,#6258,#6259,#6260,#6261,#6262,#6263,#6264));
#1088=EDGE_LOOP('',(#6265,#6266,#6267,#6268));
#1089=EDGE_LOOP('',(#6269,#6270,#6271,#6272));
#1090=EDGE_LOOP('',(#6273,#6274,#6275,#6276));
#1091=EDGE_LOOP('',(#6277,#6278,#6279,#6280));
#1092=EDGE_LOOP('',(#6281,#6282,#6283,#6284));
#1093=EDGE_LOOP('',(#6285,#6286,#6287,#6288));
#1094=EDGE_LOOP('',(#6289,#6290,#6291,#6292));
#1095=EDGE_LOOP('',(#6293,#6294,#6295,#6296));
#1096=EDGE_LOOP('',(#6297,#6298,#6299,#6300));
#1097=EDGE_LOOP('',(#6301,#6302,#6303,#6304));
#1098=EDGE_LOOP('',(#6305,#6306,#6307,#6308));
#1099=EDGE_LOOP('',(#6309,#6310,#6311,#6312));
#1100=EDGE_LOOP('',(#6313,#6314,#6315,#6316));
#1101=EDGE_LOOP('',(#6317,#6318,#6319,#6320));
#1102=EDGE_LOOP('',(#6321,#6322,#6323,#6324));
#1103=EDGE_LOOP('',(#6325,#6326,#6327,#6328));
#1104=EDGE_LOOP('',(#6329,#6330,#6331,#6332));
#1105=EDGE_LOOP('',(#6333,#6334,#6335,#6336));
#1106=EDGE_LOOP('',(#6337,#6338,#6339,#6340));
#1107=EDGE_LOOP('',(#6341,#6342,#6343,#6344));
#1108=EDGE_LOOP('',(#6345,#6346,#6347,#6348));
#1109=EDGE_LOOP('',(#6349,#6350,#6351,#6352));
#1110=EDGE_LOOP('',(#6353,#6354,#6355,#6356));
#1111=EDGE_LOOP('',(#6357,#6358,#6359,#6360));
#1112=EDGE_LOOP('',(#6361,#6362,#6363,#6364));
#1113=EDGE_LOOP('',(#6365,#6366,#6367,#6368));
#1114=EDGE_LOOP('',(#6369,#6370,#6371,#6372));
#1115=EDGE_LOOP('',(#6373,#6374,#6375,#6376));
#1116=EDGE_LOOP('',(#6377,#6378,#6379,#6380));
#1117=EDGE_LOOP('',(#6381,#6382,#6383,#6384));
#1118=EDGE_LOOP('',(#6385,#6386,#6387,#6388,#6389,#6390,#6391,#6392));
#1119=EDGE_LOOP('',(#6393,#6394,#6395,#6396,#6397,#6398,#6399,#6400));
#1120=EDGE_LOOP('',(#6401,#6402,#6403,#6404));
#1121=EDGE_LOOP('',(#6405,#6406,#6407,#6408));
#1122=EDGE_LOOP('',(#6409,#6410,#6411,#6412));
#1123=EDGE_LOOP('',(#6413,#6414,#6415,#6416));
#1124=EDGE_LOOP('',(#6417,#6418,#6419,#6420));
#1125=EDGE_LOOP('',(#6421,#6422,#6423,#6424));
#1126=EDGE_LOOP('',(#6425,#6426,#6427,#6428));
#1127=EDGE_LOOP('',(#6429,#6430,#6431,#6432));
#1128=EDGE_LOOP('',(#6433,#6434,#6435,#6436));
#1129=EDGE_LOOP('',(#6437,#6438,#6439,#6440));
#1130=EDGE_LOOP('',(#6441,#6442,#6443,#6444));
#1131=EDGE_LOOP('',(#6445,#6446,#6447,#6448));
#1132=EDGE_LOOP('',(#6449,#6450,#6451,#6452));
#1133=EDGE_LOOP('',(#6453,#6454,#6455,#6456));
#1134=EDGE_LOOP('',(#6457,#6458,#6459,#6460));
#1135=EDGE_LOOP('',(#6461,#6462,#6463,#6464));
#1136=EDGE_LOOP('',(#6465,#6466,#6467,#6468));
#1137=EDGE_LOOP('',(#6469,#6470,#6471,#6472));
#1138=EDGE_LOOP('',(#6473,#6474,#6475,#6476));
#1139=EDGE_LOOP('',(#6477,#6478,#6479,#6480));
#1140=EDGE_LOOP('',(#6481,#6482,#6483,#6484));
#1141=EDGE_LOOP('',(#6485,#6486,#6487,#6488));
#1142=EDGE_LOOP('',(#6489,#6490,#6491,#6492));
#1143=EDGE_LOOP('',(#6493,#6494,#6495,#6496));
#1144=EDGE_LOOP('',(#6497,#6498,#6499,#6500));
#1145=EDGE_LOOP('',(#6501,#6502,#6503,#6504));
#1146=EDGE_LOOP('',(#6505,#6506,#6507,#6508));
#1147=EDGE_LOOP('',(#6509,#6510,#6511,#6512));
#1148=EDGE_LOOP('',(#6513,#6514,#6515,#6516));
#1149=EDGE_LOOP('',(#6517,#6518,#6519,#6520));
#1150=EDGE_LOOP('',(#6521,#6522,#6523,#6524));
#1151=EDGE_LOOP('',(#6525,#6526,#6527,#6528));
#1152=EDGE_LOOP('',(#6529,#6530,#6531,#6532));
#1153=EDGE_LOOP('',(#6533,#6534,#6535,#6536));
#1154=EDGE_LOOP('',(#6537,#6538,#6539,#6540));
#1155=EDGE_LOOP('',(#6541,#6542,#6543,#6544));
#1156=EDGE_LOOP('',(#6545,#6546,#6547,#6548));
#1157=EDGE_LOOP('',(#6549,#6550,#6551,#6552));
#1158=EDGE_LOOP('',(#6553,#6554,#6555,#6556));
#1159=EDGE_LOOP('',(#6557,#6558,#6559,#6560));
#1160=EDGE_LOOP('',(#6561,#6562,#6563,#6564));
#1161=EDGE_LOOP('',(#6565,#6566,#6567,#6568));
#1162=EDGE_LOOP('',(#6569,#6570,#6571,#6572));
#1163=EDGE_LOOP('',(#6573,#6574,#6575,#6576));
#1164=EDGE_LOOP('',(#6577,#6578,#6579,#6580));
#1165=EDGE_LOOP('',(#6581,#6582,#6583,#6584));
#1166=EDGE_LOOP('',(#6585,#6586,#6587,#6588));
#1167=EDGE_LOOP('',(#6589,#6590,#6591,#6592));
#1168=EDGE_LOOP('',(#6593,#6594,#6595,#6596));
#1169=EDGE_LOOP('',(#6597,#6598,#6599,#6600));
#1170=EDGE_LOOP('',(#6601,#6602,#6603,#6604));
#1171=EDGE_LOOP('',(#6605,#6606,#6607,#6608));
#1172=EDGE_LOOP('',(#6609,#6610,#6611,#6612));
#1173=EDGE_LOOP('',(#6613,#6614,#6615,#6616));
#1174=EDGE_LOOP('',(#6617,#6618,#6619,#6620));
#1175=EDGE_LOOP('',(#6621,#6622,#6623,#6624));
#1176=EDGE_LOOP('',(#6625,#6626,#6627,#6628));
#1177=EDGE_LOOP('',(#6629,#6630,#6631,#6632));
#1178=EDGE_LOOP('',(#6633,#6634,#6635,#6636));
#1179=EDGE_LOOP('',(#6637,#6638,#6639,#6640));
#1180=EDGE_LOOP('',(#6641,#6642,#6643,#6644));
#1181=EDGE_LOOP('',(#6645,#6646,#6647,#6648));
#1182=EDGE_LOOP('',(#6649,#6650,#6651,#6652));
#1183=EDGE_LOOP('',(#6653,#6654,#6655,#6656));
#1184=EDGE_LOOP('',(#6657,#6658,#6659,#6660));
#1185=EDGE_LOOP('',(#6661,#6662,#6663,#6664));
#1186=EDGE_LOOP('',(#6665,#6666,#6667,#6668));
#1187=EDGE_LOOP('',(#6669,#6670,#6671,#6672));
#1188=EDGE_LOOP('',(#6673,#6674,#6675,#6676));
#1189=EDGE_LOOP('',(#6677,#6678,#6679,#6680));
#1190=EDGE_LOOP('',(#6681,#6682,#6683,#6684));
#1191=EDGE_LOOP('',(#6685,#6686,#6687,#6688));
#1192=EDGE_LOOP('',(#6689,#6690,#6691,#6692));
#1193=EDGE_LOOP('',(#6693,#6694,#6695,#6696));
#1194=EDGE_LOOP('',(#6697,#6698,#6699,#6700));
#1195=EDGE_LOOP('',(#6701,#6702,#6703,#6704));
#1196=EDGE_LOOP('',(#6705,#6706,#6707,#6708));
#1197=EDGE_LOOP('',(#6709,#6710,#6711,#6712));
#1198=EDGE_LOOP('',(#6713,#6714,#6715,#6716));
#1199=EDGE_LOOP('',(#6717,#6718,#6719,#6720));
#1200=EDGE_LOOP('',(#6721,#6722,#6723,#6724));
#1201=EDGE_LOOP('',(#6725,#6726,#6727,#6728));
#1202=EDGE_LOOP('',(#6729,#6730,#6731,#6732));
#1203=EDGE_LOOP('',(#6733,#6734,#6735,#6736));
#1204=EDGE_LOOP('',(#6737,#6738,#6739,#6740));
#1205=EDGE_LOOP('',(#6741,#6742,#6743,#6744));
#1206=EDGE_LOOP('',(#6745,#6746,#6747,#6748));
#1207=EDGE_LOOP('',(#6749,#6750,#6751,#6752));
#1208=EDGE_LOOP('',(#6753,#6754,#6755,#6756));
#1209=EDGE_LOOP('',(#6757,#6758,#6759,#6760));
#1210=EDGE_LOOP('',(#6761,#6762,#6763,#6764));
#1211=EDGE_LOOP('',(#6765,#6766,#6767,#6768));
#1212=EDGE_LOOP('',(#6769,#6770,#6771,#6772));
#1213=EDGE_LOOP('',(#6773,#6774,#6775,#6776));
#1214=EDGE_LOOP('',(#6777,#6778,#6779,#6780));
#1215=EDGE_LOOP('',(#6781,#6782,#6783,#6784));
#1216=EDGE_LOOP('',(#6785,#6786,#6787,#6788));
#1217=EDGE_LOOP('',(#6789,#6790,#6791,#6792));
#1218=EDGE_LOOP('',(#6793,#6794,#6795,#6796));
#1219=EDGE_LOOP('',(#6797,#6798,#6799,#6800));
#1220=EDGE_LOOP('',(#6801,#6802,#6803,#6804));
#1221=EDGE_LOOP('',(#6805,#6806,#6807,#6808));
#1222=EDGE_LOOP('',(#6809,#6810,#6811,#6812));
#1223=EDGE_LOOP('',(#6813,#6814,#6815,#6816));
#1224=EDGE_LOOP('',(#6817,#6818,#6819,#6820));
#1225=EDGE_LOOP('',(#6821,#6822,#6823,#6824));
#1226=EDGE_LOOP('',(#6825,#6826,#6827,#6828));
#1227=EDGE_LOOP('',(#6829,#6830,#6831,#6832));
#1228=EDGE_LOOP('',(#6833,#6834,#6835,#6836));
#1229=EDGE_LOOP('',(#6837,#6838,#6839,#6840));
#1230=EDGE_LOOP('',(#6841,#6842,#6843,#6844));
#1231=EDGE_LOOP('',(#6845,#6846,#6847,#6848));
#1232=EDGE_LOOP('',(#6849,#6850,#6851,#6852));
#1233=EDGE_LOOP('',(#6853,#6854,#6855,#6856));
#1234=EDGE_LOOP('',(#6857,#6858,#6859,#6860));
#1235=EDGE_LOOP('',(#6861,#6862,#6863,#6864));
#1236=EDGE_LOOP('',(#6865,#6866,#6867,#6868));
#1237=EDGE_LOOP('',(#6869,#6870,#6871,#6872));
#1238=EDGE_LOOP('',(#6873,#6874,#6875,#6876));
#1239=EDGE_LOOP('',(#6877,#6878,#6879,#6880));
#1240=EDGE_LOOP('',(#6881,#6882,#6883,#6884));
#1241=EDGE_LOOP('',(#6885,#6886,#6887,#6888));
#1242=EDGE_LOOP('',(#6889,#6890,#6891,#6892));
#1243=EDGE_LOOP('',(#6893,#6894,#6895,#6896));
#1244=EDGE_LOOP('',(#6897,#6898,#6899,#6900));
#1245=EDGE_LOOP('',(#6901,#6902,#6903,#6904));
#1246=EDGE_LOOP('',(#6905,#6906,#6907,#6908));
#1247=EDGE_LOOP('',(#6909,#6910,#6911,#6912));
#1248=EDGE_LOOP('',(#6913,#6914,#6915,#6916));
#1249=EDGE_LOOP('',(#6917,#6918,#6919,#6920));
#1250=EDGE_LOOP('',(#6921,#6922,#6923,#6924));
#1251=EDGE_LOOP('',(#6925,#6926,#6927,#6928));
#1252=EDGE_LOOP('',(#6929,#6930,#6931,#6932));
#1253=EDGE_LOOP('',(#6933,#6934,#6935,#6936));
#1254=EDGE_LOOP('',(#6937,#6938,#6939,#6940));
#1255=EDGE_LOOP('',(#6941,#6942,#6943,#6944));
#1256=EDGE_LOOP('',(#6945,#6946,#6947,#6948));
#1257=EDGE_LOOP('',(#6949,#6950,#6951,#6952));
#1258=EDGE_LOOP('',(#6953,#6954,#6955,#6956));
#1259=EDGE_LOOP('',(#6957,#6958,#6959,#6960));
#1260=EDGE_LOOP('',(#6961,#6962,#6963,#6964));
#1261=EDGE_LOOP('',(#6965,#6966,#6967,#6968));
#1262=EDGE_LOOP('',(#6969,#6970,#6971,#6972));
#1263=EDGE_LOOP('',(#6973,#6974,#6975,#6976));
#1264=EDGE_LOOP('',(#6977,#6978,#6979,#6980));
#1265=EDGE_LOOP('',(#6981,#6982,#6983,#6984));
#1266=EDGE_LOOP('',(#6985,#6986,#6987,#6988));
#1267=EDGE_LOOP('',(#6989,#6990,#6991,#6992));
#1268=EDGE_LOOP('',(#6993,#6994,#6995,#6996));
#1269=EDGE_LOOP('',(#6997,#6998,#6999,#7000));
#1270=EDGE_LOOP('',(#7001,#7002,#7003,#7004));
#1271=EDGE_LOOP('',(#7005,#7006,#7007,#7008));
#1272=EDGE_LOOP('',(#7009,#7010,#7011,#7012));
#1273=EDGE_LOOP('',(#7013,#7014,#7015,#7016));
#1274=EDGE_LOOP('',(#7017,#7018,#7019,#7020));
#1275=EDGE_LOOP('',(#7021,#7022,#7023,#7024));
#1276=EDGE_LOOP('',(#7025,#7026,#7027,#7028));
#1277=EDGE_LOOP('',(#7029,#7030,#7031,#7032));
#1278=EDGE_LOOP('',(#7033,#7034,#7035,#7036));
#1279=EDGE_LOOP('',(#7037,#7038,#7039,#7040));
#1280=EDGE_LOOP('',(#7041,#7042,#7043,#7044));
#1281=EDGE_LOOP('',(#7045,#7046,#7047,#7048));
#1282=EDGE_LOOP('',(#7049,#7050,#7051,#7052));
#1283=EDGE_LOOP('',(#7053,#7054,#7055,#7056));
#1284=EDGE_LOOP('',(#7057,#7058,#7059,#7060));
#1285=EDGE_LOOP('',(#7061,#7062,#7063,#7064));
#1286=EDGE_LOOP('',(#7065,#7066,#7067,#7068));
#1287=EDGE_LOOP('',(#7069,#7070,#7071,#7072,#7073,#7074,#7075,#7076));
#1288=EDGE_LOOP('',(#7077));
#1289=EDGE_LOOP('',(#7078));
#1290=EDGE_LOOP('',(#7079));
#1291=EDGE_LOOP('',(#7080,#7081,#7082,#7083));
#1292=EDGE_LOOP('',(#7084,#7085,#7086,#7087));
#1293=EDGE_LOOP('',(#7088,#7089,#7090,#7091));
#1294=EDGE_LOOP('',(#7092,#7093,#7094,#7095));
#1295=EDGE_LOOP('',(#7096,#7097,#7098,#7099));
#1296=EDGE_LOOP('',(#7100,#7101,#7102,#7103));
#1297=EDGE_LOOP('',(#7104,#7105,#7106,#7107));
#1298=EDGE_LOOP('',(#7108,#7109,#7110,#7111));
#1299=EDGE_LOOP('',(#7112,#7113,#7114,#7115));
#1300=EDGE_LOOP('',(#7116,#7117,#7118,#7119));
#1301=EDGE_LOOP('',(#7120,#7121,#7122,#7123,#7124,#7125,#7126,#7127,#7128,
#7129,#7130,#7131,#7132,#7133,#7134,#7135));
#1302=EDGE_LOOP('',(#7136,#7137,#7138,#7139));
#1303=EDGE_LOOP('',(#7140,#7141,#7142,#7143));
#1304=EDGE_LOOP('',(#7144,#7145,#7146,#7147));
#1305=EDGE_LOOP('',(#7148,#7149,#7150,#7151));
#1306=EDGE_LOOP('',(#7152,#7153,#7154,#7155));
#1307=EDGE_LOOP('',(#7156,#7157,#7158,#7159));
#1308=EDGE_LOOP('',(#7160,#7161,#7162,#7163));
#1309=EDGE_LOOP('',(#7164,#7165,#7166,#7167));
#1310=EDGE_LOOP('',(#7168,#7169,#7170,#7171,#7172,#7173,#7174,#7175,#7176,
#7177,#7178,#7179,#7180,#7181,#7182,#7183));
#1311=EDGE_LOOP('',(#7184,#7185,#7186,#7187));
#1312=EDGE_LOOP('',(#7188,#7189,#7190,#7191));
#1313=EDGE_LOOP('',(#7192,#7193,#7194,#7195));
#1314=EDGE_LOOP('',(#7196,#7197,#7198,#7199));
#1315=EDGE_LOOP('',(#7200,#7201,#7202,#7203));
#1316=EDGE_LOOP('',(#7204,#7205,#7206,#7207));
#1317=EDGE_LOOP('',(#7208,#7209,#7210,#7211));
#1318=EDGE_LOOP('',(#7212,#7213,#7214,#7215));
#1319=EDGE_LOOP('',(#7216,#7217,#7218,#7219));
#1320=EDGE_LOOP('',(#7220,#7221,#7222,#7223));
#1321=EDGE_LOOP('',(#7224,#7225,#7226,#7227));
#1322=EDGE_LOOP('',(#7228,#7229,#7230,#7231));
#1323=EDGE_LOOP('',(#7232,#7233,#7234,#7235));
#1324=EDGE_LOOP('',(#7236,#7237,#7238,#7239));
#1325=EDGE_LOOP('',(#7240,#7241,#7242,#7243));
#1326=EDGE_LOOP('',(#7244,#7245,#7246,#7247));
#1327=EDGE_LOOP('',(#7248,#7249,#7250,#7251));
#1328=EDGE_LOOP('',(#7252,#7253,#7254,#7255));
#1329=EDGE_LOOP('',(#7256,#7257,#7258,#7259));
#1330=EDGE_LOOP('',(#7260));
#1331=EDGE_LOOP('',(#7261,#7262,#7263,#7264,#7265,#7266,#7267,#7268,#7269,
#7270,#7271,#7272,#7273,#7274,#7275,#7276));
#1332=EDGE_LOOP('',(#7277,#7278,#7279,#7280,#7281,#7282,#7283,#7284,#7285,
#7286,#7287,#7288,#7289,#7290,#7291,#7292));
#1333=EDGE_LOOP('',(#7293,#7294,#7295,#7296));
#1334=EDGE_LOOP('',(#7297,#7298,#7299,#7300));
#1335=EDGE_LOOP('',(#7301,#7302,#7303,#7304));
#1336=EDGE_LOOP('',(#7305,#7306,#7307,#7308));
#1337=EDGE_LOOP('',(#7309,#7310,#7311,#7312));
#1338=EDGE_LOOP('',(#7313,#7314,#7315,#7316));
#1339=EDGE_LOOP('',(#7317,#7318,#7319,#7320));
#1340=EDGE_LOOP('',(#7321,#7322,#7323,#7324));
#1341=EDGE_LOOP('',(#7325,#7326,#7327,#7328));
#1342=EDGE_LOOP('',(#7329,#7330,#7331,#7332));
#1343=EDGE_LOOP('',(#7333,#7334,#7335,#7336));
#1344=EDGE_LOOP('',(#7337,#7338,#7339,#7340));
#1345=EDGE_LOOP('',(#7341,#7342,#7343,#7344));
#1346=EDGE_LOOP('',(#7345,#7346,#7347,#7348));
#1347=EDGE_LOOP('',(#7349,#7350,#7351,#7352));
#1348=EDGE_LOOP('',(#7353,#7354,#7355,#7356));
#1349=EDGE_LOOP('',(#7357,#7358,#7359,#7360));
#1350=EDGE_LOOP('',(#7361,#7362,#7363,#7364));
#1351=EDGE_LOOP('',(#7365,#7366,#7367,#7368));
#1352=EDGE_LOOP('',(#7369,#7370,#7371,#7372));
#1353=EDGE_LOOP('',(#7373,#7374,#7375,#7376));
#1354=EDGE_LOOP('',(#7377,#7378,#7379,#7380));
#1355=EDGE_LOOP('',(#7381,#7382,#7383,#7384));
#1356=EDGE_LOOP('',(#7385,#7386,#7387,#7388));
#1357=EDGE_LOOP('',(#7389,#7390,#7391,#7392));
#1358=EDGE_LOOP('',(#7393,#7394,#7395,#7396));
#1359=EDGE_LOOP('',(#7397,#7398,#7399,#7400));
#1360=EDGE_LOOP('',(#7401,#7402,#7403,#7404));
#1361=EDGE_LOOP('',(#7405,#7406,#7407,#7408));
#1362=EDGE_LOOP('',(#7409,#7410,#7411,#7412));
#1363=EDGE_LOOP('',(#7413,#7414,#7415,#7416));
#1364=EDGE_LOOP('',(#7417,#7418,#7419,#7420));
#1365=EDGE_LOOP('',(#7421,#7422,#7423,#7424));
#1366=EDGE_LOOP('',(#7425,#7426,#7427,#7428));
#1367=EDGE_LOOP('',(#7429,#7430,#7431,#7432));
#1368=EDGE_LOOP('',(#7433,#7434,#7435,#7436));
#1369=EDGE_LOOP('',(#7437,#7438,#7439,#7440));
#1370=EDGE_LOOP('',(#7441,#7442,#7443,#7444));
#1371=EDGE_LOOP('',(#7445,#7446,#7447,#7448));
#1372=EDGE_LOOP('',(#7449,#7450,#7451,#7452));
#1373=EDGE_LOOP('',(#7453,#7454,#7455,#7456));
#1374=EDGE_LOOP('',(#7457,#7458,#7459,#7460));
#1375=EDGE_LOOP('',(#7461,#7462,#7463,#7464));
#1376=EDGE_LOOP('',(#7465,#7466,#7467,#7468));
#1377=EDGE_LOOP('',(#7469,#7470,#7471,#7472));
#1378=EDGE_LOOP('',(#7473,#7474,#7475,#7476));
#1379=EDGE_LOOP('',(#7477,#7478,#7479,#7480));
#1380=EDGE_LOOP('',(#7481,#7482,#7483,#7484,#7485,#7486,#7487,#7488));
#1381=EDGE_LOOP('',(#7489));
#1382=EDGE_LOOP('',(#7490));
#1383=EDGE_LOOP('',(#7491));
#1384=EDGE_LOOP('',(#7492,#7493,#7494,#7495));
#1385=EDGE_LOOP('',(#7496,#7497,#7498,#7499));
#1386=EDGE_LOOP('',(#7500,#7501,#7502,#7503));
#1387=EDGE_LOOP('',(#7504,#7505,#7506,#7507));
#1388=EDGE_LOOP('',(#7508,#7509,#7510,#7511));
#1389=EDGE_LOOP('',(#7512,#7513,#7514,#7515));
#1390=EDGE_LOOP('',(#7516,#7517,#7518,#7519));
#1391=EDGE_LOOP('',(#7520,#7521,#7522,#7523));
#1392=EDGE_LOOP('',(#7524,#7525,#7526,#7527));
#1393=EDGE_LOOP('',(#7528,#7529,#7530,#7531));
#1394=EDGE_LOOP('',(#7532,#7533,#7534,#7535,#7536,#7537,#7538,#7539,#7540,
#7541,#7542,#7543,#7544,#7545,#7546,#7547));
#1395=EDGE_LOOP('',(#7548,#7549,#7550,#7551));
#1396=EDGE_LOOP('',(#7552,#7553,#7554,#7555));
#1397=EDGE_LOOP('',(#7556,#7557,#7558,#7559));
#1398=EDGE_LOOP('',(#7560,#7561,#7562,#7563));
#1399=EDGE_LOOP('',(#7564,#7565,#7566,#7567));
#1400=EDGE_LOOP('',(#7568,#7569,#7570,#7571));
#1401=EDGE_LOOP('',(#7572,#7573,#7574,#7575));
#1402=EDGE_LOOP('',(#7576,#7577,#7578,#7579));
#1403=EDGE_LOOP('',(#7580,#7581,#7582,#7583,#7584,#7585,#7586,#7587,#7588,
#7589,#7590,#7591,#7592,#7593,#7594,#7595));
#1404=EDGE_LOOP('',(#7596,#7597,#7598,#7599));
#1405=EDGE_LOOP('',(#7600,#7601,#7602,#7603));
#1406=EDGE_LOOP('',(#7604,#7605,#7606,#7607));
#1407=EDGE_LOOP('',(#7608,#7609,#7610,#7611));
#1408=EDGE_LOOP('',(#7612,#7613,#7614,#7615));
#1409=EDGE_LOOP('',(#7616,#7617,#7618,#7619));
#1410=EDGE_LOOP('',(#7620,#7621,#7622,#7623));
#1411=EDGE_LOOP('',(#7624,#7625,#7626,#7627));
#1412=EDGE_LOOP('',(#7628,#7629,#7630,#7631));
#1413=EDGE_LOOP('',(#7632,#7633,#7634,#7635));
#1414=EDGE_LOOP('',(#7636,#7637,#7638,#7639));
#1415=EDGE_LOOP('',(#7640,#7641,#7642,#7643));
#1416=EDGE_LOOP('',(#7644,#7645,#7646,#7647));
#1417=EDGE_LOOP('',(#7648,#7649,#7650,#7651));
#1418=EDGE_LOOP('',(#7652,#7653,#7654,#7655));
#1419=EDGE_LOOP('',(#7656,#7657,#7658,#7659));
#1420=EDGE_LOOP('',(#7660,#7661,#7662,#7663));
#1421=EDGE_LOOP('',(#7664,#7665,#7666,#7667));
#1422=EDGE_LOOP('',(#7668,#7669,#7670,#7671));
#1423=EDGE_LOOP('',(#7672));
#1424=EDGE_LOOP('',(#7673,#7674,#7675,#7676,#7677,#7678,#7679,#7680,#7681,
#7682,#7683,#7684,#7685,#7686,#7687,#7688));
#1425=EDGE_LOOP('',(#7689,#7690,#7691,#7692,#7693,#7694,#7695,#7696,#7697,
#7698,#7699,#7700,#7701,#7702,#7703,#7704));
#1426=EDGE_LOOP('',(#7705,#7706,#7707,#7708));
#1427=EDGE_LOOP('',(#7709,#7710,#7711,#7712));
#1428=EDGE_LOOP('',(#7713,#7714,#7715,#7716));
#1429=EDGE_LOOP('',(#7717,#7718,#7719,#7720));
#1430=EDGE_LOOP('',(#7721,#7722,#7723,#7724));
#1431=EDGE_LOOP('',(#7725,#7726,#7727,#7728));
#1432=EDGE_LOOP('',(#7729,#7730,#7731,#7732));
#1433=EDGE_LOOP('',(#7733,#7734,#7735,#7736));
#1434=EDGE_LOOP('',(#7737,#7738,#7739,#7740));
#1435=EDGE_LOOP('',(#7741,#7742,#7743,#7744));
#1436=EDGE_LOOP('',(#7745,#7746,#7747,#7748));
#1437=EDGE_LOOP('',(#7749,#7750,#7751,#7752));
#1438=EDGE_LOOP('',(#7753,#7754,#7755,#7756));
#1439=EDGE_LOOP('',(#7757,#7758,#7759,#7760));
#1440=EDGE_LOOP('',(#7761,#7762,#7763,#7764));
#1441=EDGE_LOOP('',(#7765,#7766,#7767,#7768));
#1442=EDGE_LOOP('',(#7769,#7770,#7771,#7772));
#1443=EDGE_LOOP('',(#7773,#7774,#7775,#7776));
#1444=EDGE_LOOP('',(#7777,#7778,#7779,#7780));
#1445=EDGE_LOOP('',(#7781,#7782,#7783,#7784));
#1446=EDGE_LOOP('',(#7785,#7786,#7787,#7788));
#1447=EDGE_LOOP('',(#7789,#7790,#7791,#7792));
#1448=EDGE_LOOP('',(#7793,#7794,#7795,#7796));
#1449=EDGE_LOOP('',(#7797,#7798,#7799,#7800));
#1450=EDGE_LOOP('',(#7801,#7802,#7803,#7804));
#1451=EDGE_LOOP('',(#7805,#7806,#7807,#7808));
#1452=EDGE_LOOP('',(#7809,#7810,#7811,#7812));
#1453=EDGE_LOOP('',(#7813,#7814,#7815,#7816));
#1454=EDGE_LOOP('',(#7817,#7818,#7819,#7820));
#1455=EDGE_LOOP('',(#7821,#7822,#7823,#7824));
#1456=EDGE_LOOP('',(#7825,#7826,#7827,#7828));
#1457=EDGE_LOOP('',(#7829,#7830,#7831,#7832));
#1458=EDGE_LOOP('',(#7833,#7834,#7835,#7836));
#1459=EDGE_LOOP('',(#7837,#7838,#7839,#7840));
#1460=EDGE_LOOP('',(#7841,#7842,#7843,#7844));
#1461=EDGE_LOOP('',(#7845,#7846,#7847,#7848));
#1462=EDGE_LOOP('',(#7849,#7850,#7851,#7852));
#1463=EDGE_LOOP('',(#7853,#7854,#7855,#7856));
#1464=EDGE_LOOP('',(#7857,#7858,#7859,#7860));
#1465=EDGE_LOOP('',(#7861,#7862,#7863,#7864));
#1466=EDGE_LOOP('',(#7865,#7866,#7867,#7868));
#1467=EDGE_LOOP('',(#7869,#7870,#7871,#7872));
#1468=EDGE_LOOP('',(#7873,#7874,#7875,#7876));
#1469=EDGE_LOOP('',(#7877,#7878,#7879,#7880));
#1470=EDGE_LOOP('',(#7881,#7882,#7883,#7884));
#1471=EDGE_LOOP('',(#7885,#7886,#7887,#7888));
#1472=EDGE_LOOP('',(#7889,#7890,#7891,#7892));
#1473=EDGE_LOOP('',(#7893,#7894,#7895,#7896));
#1474=EDGE_LOOP('',(#7897,#7898,#7899,#7900));
#1475=EDGE_LOOP('',(#7901,#7902,#7903,#7904));
#1476=EDGE_LOOP('',(#7905,#7906,#7907,#7908));
#1477=EDGE_LOOP('',(#7909,#7910,#7911,#7912));
#1478=EDGE_LOOP('',(#7913,#7914,#7915,#7916));
#1479=EDGE_LOOP('',(#7917,#7918,#7919,#7920));
#1480=EDGE_LOOP('',(#7921,#7922,#7923,#7924));
#1481=EDGE_LOOP('',(#7925));
#1482=EDGE_LOOP('',(#7926,#7927,#7928,#7929,#7930,#7931,#7932,#7933,#7934,
#7935,#7936,#7937,#7938,#7939,#7940,#7941));
#1483=EDGE_LOOP('',(#7942));
#1484=EDGE_LOOP('',(#7943,#7944,#7945,#7946,#7947,#7948,#7949,#7950,#7951,
#7952,#7953,#7954,#7955,#7956,#7957,#7958));
#1485=EDGE_LOOP('',(#7959));
#1486=EDGE_LOOP('',(#7960,#7961,#7962,#7963,#7964,#7965,#7966,#7967,#7968,
#7969,#7970,#7971,#7972,#7973,#7974,#7975));
#1487=EDGE_LOOP('',(#7976));
#1488=EDGE_LOOP('',(#7977,#7978,#7979,#7980,#7981,#7982,#7983,#7984,#7985,
#7986,#7987,#7988,#7989,#7990,#7991,#7992));
#1489=EDGE_LOOP('',(#7993));
#1490=EDGE_LOOP('',(#7994,#7995,#7996,#7997,#7998,#7999,#8000,#8001,#8002,
#8003,#8004,#8005,#8006,#8007,#8008,#8009));
#1491=EDGE_LOOP('',(#8010,#8011,#8012,#8013));
#1492=EDGE_LOOP('',(#8014,#8015,#8016,#8017));
#1493=EDGE_LOOP('',(#8018,#8019,#8020,#8021));
#1494=EDGE_LOOP('',(#8022,#8023,#8024,#8025));
#1495=EDGE_LOOP('',(#8026,#8027,#8028,#8029));
#1496=EDGE_LOOP('',(#8030,#8031,#8032,#8033));
#1497=EDGE_LOOP('',(#8034,#8035,#8036,#8037));
#1498=EDGE_LOOP('',(#8038,#8039,#8040,#8041));
#1499=EDGE_LOOP('',(#8042));
#1500=EDGE_LOOP('',(#8043,#8044,#8045,#8046,#8047,#8048,#8049,#8050,#8051,
#8052,#8053,#8054,#8055,#8056,#8057,#8058));
#1501=EDGE_LOOP('',(#8059,#8060,#8061,#8062));
#1502=EDGE_LOOP('',(#8063,#8064,#8065,#8066));
#1503=EDGE_LOOP('',(#8067,#8068,#8069,#8070));
#1504=EDGE_LOOP('',(#8071,#8072,#8073,#8074));
#1505=EDGE_LOOP('',(#8075,#8076,#8077,#8078));
#1506=EDGE_LOOP('',(#8079,#8080,#8081,#8082));
#1507=EDGE_LOOP('',(#8083,#8084,#8085,#8086));
#1508=EDGE_LOOP('',(#8087,#8088,#8089,#8090));
#1509=EDGE_LOOP('',(#8091,#8092,#8093,#8094));
#1510=EDGE_LOOP('',(#8095,#8096,#8097,#8098));
#1511=EDGE_LOOP('',(#8099,#8100,#8101,#8102));
#1512=EDGE_LOOP('',(#8103,#8104,#8105,#8106));
#1513=EDGE_LOOP('',(#8107,#8108,#8109,#8110));
#1514=EDGE_LOOP('',(#8111,#8112,#8113,#8114));
#1515=EDGE_LOOP('',(#8115,#8116,#8117,#8118));
#1516=EDGE_LOOP('',(#8119,#8120,#8121,#8122));
#1517=EDGE_LOOP('',(#8123,#8124,#8125,#8126));
#1518=EDGE_LOOP('',(#8127,#8128,#8129,#8130));
#1519=EDGE_LOOP('',(#8131));
#1520=EDGE_LOOP('',(#8132,#8133,#8134,#8135,#8136,#8137,#8138,#8139,#8140,
#8141,#8142,#8143,#8144,#8145,#8146,#8147));
#1521=EDGE_LOOP('',(#8148,#8149,#8150,#8151));
#1522=EDGE_LOOP('',(#8152,#8153,#8154,#8155));
#1523=EDGE_LOOP('',(#8156,#8157,#8158,#8159));
#1524=EDGE_LOOP('',(#8160,#8161,#8162,#8163));
#1525=EDGE_LOOP('',(#8164,#8165,#8166,#8167));
#1526=EDGE_LOOP('',(#8168,#8169,#8170,#8171));
#1527=EDGE_LOOP('',(#8172,#8173,#8174,#8175));
#1528=EDGE_LOOP('',(#8176,#8177,#8178,#8179));
#1529=EDGE_LOOP('',(#8180));
#1530=EDGE_LOOP('',(#8181,#8182,#8183,#8184,#8185,#8186,#8187,#8188,#8189,
#8190,#8191,#8192,#8193,#8194,#8195,#8196));
#1531=EDGE_LOOP('',(#8197));
#1532=EDGE_LOOP('',(#8198,#8199,#8200,#8201,#8202,#8203,#8204,#8205,#8206,
#8207,#8208,#8209,#8210,#8211,#8212,#8213));
#1533=EDGE_LOOP('',(#8214,#8215,#8216,#8217));
#1534=EDGE_LOOP('',(#8218,#8219,#8220,#8221));
#1535=EDGE_LOOP('',(#8222,#8223,#8224,#8225));
#1536=EDGE_LOOP('',(#8226,#8227,#8228,#8229));
#1537=EDGE_LOOP('',(#8230,#8231,#8232,#8233));
#1538=EDGE_LOOP('',(#8234,#8235,#8236,#8237));
#1539=EDGE_LOOP('',(#8238,#8239,#8240,#8241));
#1540=EDGE_LOOP('',(#8242,#8243,#8244,#8245));
#1541=EDGE_LOOP('',(#8246));
#1542=EDGE_LOOP('',(#8247,#8248,#8249,#8250,#8251,#8252,#8253,#8254,#8255,
#8256,#8257,#8258,#8259,#8260,#8261,#8262));
#1543=EDGE_LOOP('',(#8263,#8264,#8265,#8266));
#1544=EDGE_LOOP('',(#8267,#8268,#8269,#8270));
#1545=EDGE_LOOP('',(#8271,#8272,#8273,#8274));
#1546=EDGE_LOOP('',(#8275,#8276,#8277,#8278));
#1547=EDGE_LOOP('',(#8279,#8280,#8281,#8282));
#1548=EDGE_LOOP('',(#8283,#8284,#8285,#8286));
#1549=EDGE_LOOP('',(#8287,#8288,#8289,#8290));
#1550=EDGE_LOOP('',(#8291,#8292,#8293,#8294));
#1551=EDGE_LOOP('',(#8295,#8296,#8297,#8298));
#1552=EDGE_LOOP('',(#8299,#8300,#8301,#8302));
#1553=EDGE_LOOP('',(#8303,#8304,#8305,#8306));
#1554=EDGE_LOOP('',(#8307,#8308,#8309,#8310));
#1555=EDGE_LOOP('',(#8311,#8312,#8313,#8314));
#1556=EDGE_LOOP('',(#8315,#8316,#8317,#8318));
#1557=EDGE_LOOP('',(#8319,#8320,#8321,#8322));
#1558=EDGE_LOOP('',(#8323,#8324,#8325,#8326));
#1559=EDGE_LOOP('',(#8327,#8328,#8329,#8330));
#1560=EDGE_LOOP('',(#8331,#8332,#8333,#8334));
#1561=EDGE_LOOP('',(#8335));
#1562=EDGE_LOOP('',(#8336,#8337,#8338,#8339,#8340,#8341,#8342,#8343,#8344,
#8345,#8346,#8347,#8348,#8349,#8350,#8351));
#1563=EDGE_LOOP('',(#8352,#8353,#8354,#8355));
#1564=EDGE_LOOP('',(#8356,#8357,#8358,#8359));
#1565=EDGE_LOOP('',(#8360,#8361,#8362,#8363));
#1566=EDGE_LOOP('',(#8364,#8365,#8366,#8367));
#1567=EDGE_LOOP('',(#8368,#8369,#8370,#8371));
#1568=EDGE_LOOP('',(#8372,#8373,#8374,#8375));
#1569=EDGE_LOOP('',(#8376,#8377,#8378,#8379));
#1570=EDGE_LOOP('',(#8380,#8381,#8382,#8383));
#1571=EDGE_LOOP('',(#8384));
#1572=EDGE_LOOP('',(#8385,#8386,#8387,#8388,#8389,#8390,#8391,#8392,#8393,
#8394,#8395,#8396,#8397,#8398,#8399,#8400));
#1573=LINE('',#12656,#2633);
#1574=LINE('',#12658,#2634);
#1575=LINE('',#12660,#2635);
#1576=LINE('',#12661,#2636);
#1577=LINE('',#12665,#2637);
#1578=LINE('',#12671,#2638);
#1579=LINE('',#12672,#2639);
#1580=LINE('',#12673,#2640);
#1581=LINE('',#12677,#2641);
#1582=LINE('',#12683,#2642);
#1583=LINE('',#12684,#2643);
#1584=LINE('',#12685,#2644);
#1585=LINE('',#12689,#2645);
#1586=LINE('',#12695,#2646);
#1587=LINE('',#12696,#2647);
#1588=LINE('',#12697,#2648);
#1589=LINE('',#12703,#2649);
#1590=LINE('',#12706,#2650);
#1591=LINE('',#12709,#2651);
#1592=LINE('',#12710,#2652);
#1593=LINE('',#12713,#2653);
#1594=LINE('',#12717,#2654);
#1595=LINE('',#12718,#2655);
#1596=LINE('',#12722,#2656);
#1597=LINE('',#12728,#2657);
#1598=LINE('',#12732,#2658);
#1599=LINE('',#12736,#2659);
#1600=LINE('',#12742,#2660);
#1601=LINE('',#12748,#2661);
#1602=LINE('',#12752,#2662);
#1603=LINE('',#12756,#2663);
#1604=LINE('',#12762,#2664);
#1605=LINE('',#12766,#2665);
#1606=LINE('',#12770,#2666);
#1607=LINE('',#12774,#2667);
#1608=LINE('',#12778,#2668);
#1609=LINE('',#12782,#2669);
#1610=LINE('',#12786,#2670);
#1611=LINE('',#12790,#2671);
#1612=LINE('',#12796,#2672);
#1613=LINE('',#12800,#2673);
#1614=LINE('',#12804,#2674);
#1615=LINE('',#12807,#2675);
#1616=LINE('',#12812,#2676);
#1617=LINE('',#12816,#2677);
#1618=LINE('',#12820,#2678);
#1619=LINE('',#12823,#2679);
#1620=LINE('',#12826,#2680);
#1621=LINE('',#12830,#2681);
#1622=LINE('',#12834,#2682);
#1623=LINE('',#12838,#2683);
#1624=LINE('',#12842,#2684);
#1625=LINE('',#12844,#2685);
#1626=LINE('',#12845,#2686);
#1627=LINE('',#12848,#2687);
#1628=LINE('',#12852,#2688);
#1629=LINE('',#12853,#2689);
#1630=LINE('',#12856,#2690);
#1631=LINE('',#12860,#2691);
#1632=LINE('',#12861,#2692);
#1633=LINE('',#12864,#2693);
#1634=LINE('',#12868,#2694);
#1635=LINE('',#12869,#2695);
#1636=LINE('',#12874,#2696);
#1637=LINE('',#12877,#2697);
#1638=LINE('',#12880,#2698);
#1639=LINE('',#12881,#2699);
#1640=LINE('',#12884,#2700);
#1641=LINE('',#12888,#2701);
#1642=LINE('',#12889,#2702);
#1643=LINE('',#12892,#2703);
#1644=LINE('',#12894,#2704);
#1645=LINE('',#12895,#2705);
#1646=LINE('',#12898,#2706);
#1647=LINE('',#12902,#2707);
#1648=LINE('',#12903,#2708);
#1649=LINE('',#12906,#2709);
#1650=LINE('',#12910,#2710);
#1651=LINE('',#12911,#2711);
#1652=LINE('',#12914,#2712);
#1653=LINE('',#12918,#2713);
#1654=LINE('',#12919,#2714);
#1655=LINE('',#12924,#2715);
#1656=LINE('',#12927,#2716);
#1657=LINE('',#12930,#2717);
#1658=LINE('',#12931,#2718);
#1659=LINE('',#12934,#2719);
#1660=LINE('',#12938,#2720);
#1661=LINE('',#12939,#2721);
#1662=LINE('',#12942,#2722);
#1663=LINE('',#12944,#2723);
#1664=LINE('',#12945,#2724);
#1665=LINE('',#12948,#2725);
#1666=LINE('',#12952,#2726);
#1667=LINE('',#12953,#2727);
#1668=LINE('',#12956,#2728);
#1669=LINE('',#12960,#2729);
#1670=LINE('',#12961,#2730);
#1671=LINE('',#12964,#2731);
#1672=LINE('',#12968,#2732);
#1673=LINE('',#12969,#2733);
#1674=LINE('',#12974,#2734);
#1675=LINE('',#12977,#2735);
#1676=LINE('',#12980,#2736);
#1677=LINE('',#12981,#2737);
#1678=LINE('',#12984,#2738);
#1679=LINE('',#12988,#2739);
#1680=LINE('',#12989,#2740);
#1681=LINE('',#12992,#2741);
#1682=LINE('',#12994,#2742);
#1683=LINE('',#12995,#2743);
#1684=LINE('',#12998,#2744);
#1685=LINE('',#13002,#2745);
#1686=LINE('',#13006,#2746);
#1687=LINE('',#13007,#2747);
#1688=LINE('',#13010,#2748);
#1689=LINE('',#13014,#2749);
#1690=LINE('',#13015,#2750);
#1691=LINE('',#13018,#2751);
#1692=LINE('',#13022,#2752);
#1693=LINE('',#13023,#2753);
#1694=LINE('',#13026,#2754);
#1695=LINE('',#13030,#2755);
#1696=LINE('',#13034,#2756);
#1697=LINE('',#13035,#2757);
#1698=LINE('',#13038,#2758);
#1699=LINE('',#13042,#2759);
#1700=LINE('',#13046,#2760);
#1701=LINE('',#13047,#2761);
#1702=LINE('',#13050,#2762);
#1703=LINE('',#13054,#2763);
#1704=LINE('',#13055,#2764);
#1705=LINE('',#13058,#2765);
#1706=LINE('',#13062,#2766);
#1707=LINE('',#13063,#2767);
#1708=LINE('',#13066,#2768);
#1709=LINE('',#13072,#2769);
#1710=LINE('',#13075,#2770);
#1711=LINE('',#13078,#2771);
#1712=LINE('',#13082,#2772);
#1713=LINE('',#13083,#2773);
#1714=LINE('',#13086,#2774);
#1715=LINE('',#13090,#2775);
#1716=LINE('',#13091,#2776);
#1717=LINE('',#13094,#2777);
#1718=LINE('',#13098,#2778);
#1719=LINE('',#13099,#2779);
#1720=LINE('',#13102,#2780);
#1721=LINE('',#13106,#2781);
#1722=LINE('',#13110,#2782);
#1723=LINE('',#13111,#2783);
#1724=LINE('',#13114,#2784);
#1725=LINE('',#13116,#2785);
#1726=LINE('',#13118,#2786);
#1727=LINE('',#13119,#2787);
#1728=LINE('',#13122,#2788);
#1729=LINE('',#13126,#2789);
#1730=LINE('',#13127,#2790);
#1731=LINE('',#13130,#2791);
#1732=LINE('',#13134,#2792);
#1733=LINE('',#13135,#2793);
#1734=LINE('',#13139,#2794);
#1735=LINE('',#13145,#2795);
#1736=LINE('',#13146,#2796);
#1737=LINE('',#13147,#2797);
#1738=LINE('',#13152,#2798);
#1739=LINE('',#13156,#2799);
#1740=LINE('',#13162,#2800);
#1741=LINE('',#13166,#2801);
#1742=LINE('',#13170,#2802);
#1743=LINE('',#13176,#2803);
#1744=LINE('',#13182,#2804);
#1745=LINE('',#13186,#2805);
#1746=LINE('',#13190,#2806);
#1747=LINE('',#13196,#2807);
#1748=LINE('',#13200,#2808);
#1749=LINE('',#13204,#2809);
#1750=LINE('',#13208,#2810);
#1751=LINE('',#13212,#2811);
#1752=LINE('',#13216,#2812);
#1753=LINE('',#13220,#2813);
#1754=LINE('',#13224,#2814);
#1755=LINE('',#13228,#2815);
#1756=LINE('',#13230,#2816);
#1757=LINE('',#13232,#2817);
#1758=LINE('',#13233,#2818);
#1759=LINE('',#13236,#2819);
#1760=LINE('',#13238,#2820);
#1761=LINE('',#13240,#2821);
#1762=LINE('',#13241,#2822);
#1763=LINE('',#13244,#2823);
#1764=LINE('',#13246,#2824);
#1765=LINE('',#13248,#2825);
#1766=LINE('',#13249,#2826);
#1767=LINE('',#13252,#2827);
#1768=LINE('',#13254,#2828);
#1769=LINE('',#13256,#2829);
#1770=LINE('',#13257,#2830);
#1771=LINE('',#13260,#2831);
#1772=LINE('',#13262,#2832);
#1773=LINE('',#13264,#2833);
#1774=LINE('',#13265,#2834);
#1775=LINE('',#13268,#2835);
#1776=LINE('',#13270,#2836);
#1777=LINE('',#13272,#2837);
#1778=LINE('',#13273,#2838);
#1779=LINE('',#13276,#2839);
#1780=LINE('',#13278,#2840);
#1781=LINE('',#13280,#2841);
#1782=LINE('',#13281,#2842);
#1783=LINE('',#13284,#2843);
#1784=LINE('',#13286,#2844);
#1785=LINE('',#13288,#2845);
#1786=LINE('',#13289,#2846);
#1787=LINE('',#13292,#2847);
#1788=LINE('',#13294,#2848);
#1789=LINE('',#13296,#2849);
#1790=LINE('',#13297,#2850);
#1791=LINE('',#13300,#2851);
#1792=LINE('',#13302,#2852);
#1793=LINE('',#13304,#2853);
#1794=LINE('',#13305,#2854);
#1795=LINE('',#13308,#2855);
#1796=LINE('',#13310,#2856);
#1797=LINE('',#13312,#2857);
#1798=LINE('',#13313,#2858);
#1799=LINE('',#13316,#2859);
#1800=LINE('',#13318,#2860);
#1801=LINE('',#13320,#2861);
#1802=LINE('',#13321,#2862);
#1803=LINE('',#13324,#2863);
#1804=LINE('',#13326,#2864);
#1805=LINE('',#13328,#2865);
#1806=LINE('',#13329,#2866);
#1807=LINE('',#13332,#2867);
#1808=LINE('',#13334,#2868);
#1809=LINE('',#13336,#2869);
#1810=LINE('',#13337,#2870);
#1811=LINE('',#13340,#2871);
#1812=LINE('',#13342,#2872);
#1813=LINE('',#13344,#2873);
#1814=LINE('',#13345,#2874);
#1815=LINE('',#13348,#2875);
#1816=LINE('',#13350,#2876);
#1817=LINE('',#13352,#2877);
#1818=LINE('',#13353,#2878);
#1819=LINE('',#13356,#2879);
#1820=LINE('',#13358,#2880);
#1821=LINE('',#13360,#2881);
#1822=LINE('',#13361,#2882);
#1823=LINE('',#13364,#2883);
#1824=LINE('',#13366,#2884);
#1825=LINE('',#13368,#2885);
#1826=LINE('',#13369,#2886);
#1827=LINE('',#13372,#2887);
#1828=LINE('',#13374,#2888);
#1829=LINE('',#13376,#2889);
#1830=LINE('',#13377,#2890);
#1831=LINE('',#13380,#2891);
#1832=LINE('',#13382,#2892);
#1833=LINE('',#13384,#2893);
#1834=LINE('',#13385,#2894);
#1835=LINE('',#13388,#2895);
#1836=LINE('',#13390,#2896);
#1837=LINE('',#13392,#2897);
#1838=LINE('',#13393,#2898);
#1839=LINE('',#13396,#2899);
#1840=LINE('',#13398,#2900);
#1841=LINE('',#13400,#2901);
#1842=LINE('',#13401,#2902);
#1843=LINE('',#13404,#2903);
#1844=LINE('',#13406,#2904);
#1845=LINE('',#13408,#2905);
#1846=LINE('',#13409,#2906);
#1847=LINE('',#13412,#2907);
#1848=LINE('',#13414,#2908);
#1849=LINE('',#13416,#2909);
#1850=LINE('',#13417,#2910);
#1851=LINE('',#13420,#2911);
#1852=LINE('',#13422,#2912);
#1853=LINE('',#13424,#2913);
#1854=LINE('',#13425,#2914);
#1855=LINE('',#13428,#2915);
#1856=LINE('',#13430,#2916);
#1857=LINE('',#13432,#2917);
#1858=LINE('',#13433,#2918);
#1859=LINE('',#13436,#2919);
#1860=LINE('',#13438,#2920);
#1861=LINE('',#13440,#2921);
#1862=LINE('',#13441,#2922);
#1863=LINE('',#13444,#2923);
#1864=LINE('',#13446,#2924);
#1865=LINE('',#13448,#2925);
#1866=LINE('',#13449,#2926);
#1867=LINE('',#13452,#2927);
#1868=LINE('',#13454,#2928);
#1869=LINE('',#13456,#2929);
#1870=LINE('',#13457,#2930);
#1871=LINE('',#13460,#2931);
#1872=LINE('',#13462,#2932);
#1873=LINE('',#13464,#2933);
#1874=LINE('',#13465,#2934);
#1875=LINE('',#13468,#2935);
#1876=LINE('',#13472,#2936);
#1877=LINE('',#13476,#2937);
#1878=LINE('',#13480,#2938);
#1879=LINE('',#13483,#2939);
#1880=LINE('',#13484,#2940);
#1881=LINE('',#13487,#2941);
#1882=LINE('',#13491,#2942);
#1883=LINE('',#13492,#2943);
#1884=LINE('',#13495,#2944);
#1885=LINE('',#13498,#2945);
#1886=LINE('',#13499,#2946);
#1887=LINE('',#13501,#2947);
#1888=LINE('',#13503,#2948);
#1889=LINE('',#13506,#2949);
#1890=LINE('',#13507,#2950);
#1891=LINE('',#13509,#2951);
#1892=LINE('',#13512,#2952);
#1893=LINE('',#13513,#2953);
#1894=LINE('',#13516,#2954);
#1895=LINE('',#13520,#2955);
#1896=LINE('',#13521,#2956);
#1897=LINE('',#13524,#2957);
#1898=LINE('',#13527,#2958);
#1899=LINE('',#13528,#2959);
#1900=LINE('',#13530,#2960);
#1901=LINE('',#13532,#2961);
#1902=LINE('',#13535,#2962);
#1903=LINE('',#13536,#2963);
#1904=LINE('',#13538,#2964);
#1905=LINE('',#13541,#2965);
#1906=LINE('',#13542,#2966);
#1907=LINE('',#13545,#2967);
#1908=LINE('',#13549,#2968);
#1909=LINE('',#13550,#2969);
#1910=LINE('',#13553,#2970);
#1911=LINE('',#13556,#2971);
#1912=LINE('',#13557,#2972);
#1913=LINE('',#13559,#2973);
#1914=LINE('',#13561,#2974);
#1915=LINE('',#13564,#2975);
#1916=LINE('',#13565,#2976);
#1917=LINE('',#13567,#2977);
#1918=LINE('',#13570,#2978);
#1919=LINE('',#13572,#2979);
#1920=LINE('',#13573,#2980);
#1921=LINE('',#13575,#2981);
#1922=LINE('',#13577,#2982);
#1923=LINE('',#13579,#2983);
#1924=LINE('',#13581,#2984);
#1925=LINE('',#13583,#2985);
#1926=LINE('',#13585,#2986);
#1927=LINE('',#13587,#2987);
#1928=LINE('',#13589,#2988);
#1929=LINE('',#13591,#2989);
#1930=LINE('',#13593,#2990);
#1931=LINE('',#13596,#2991);
#1932=LINE('',#13600,#2992);
#1933=LINE('',#13604,#2993);
#1934=LINE('',#13605,#2994);
#1935=LINE('',#13608,#2995);
#1936=LINE('',#13612,#2996);
#1937=LINE('',#13613,#2997);
#1938=LINE('',#13616,#2998);
#1939=LINE('',#13620,#2999);
#1940=LINE('',#13621,#3000);
#1941=LINE('',#13624,#3001);
#1942=LINE('',#13629,#3002);
#1943=LINE('',#13631,#3003);
#1944=LINE('',#13633,#3004);
#1945=LINE('',#13634,#3005);
#1946=LINE('',#13637,#3006);
#1947=LINE('',#13639,#3007);
#1948=LINE('',#13640,#3008);
#1949=LINE('',#13643,#3009);
#1950=LINE('',#13644,#3010);
#1951=LINE('',#13647,#3011);
#1952=LINE('',#13649,#3012);
#1953=LINE('',#13650,#3013);
#1954=LINE('',#13653,#3014);
#1955=LINE('',#13654,#3015);
#1956=LINE('',#13657,#3016);
#1957=LINE('',#13659,#3017);
#1958=LINE('',#13660,#3018);
#1959=LINE('',#13663,#3019);
#1960=LINE('',#13664,#3020);
#1961=LINE('',#13667,#3021);
#1962=LINE('',#13669,#3022);
#1963=LINE('',#13670,#3023);
#1964=LINE('',#13673,#3024);
#1965=LINE('',#13674,#3025);
#1966=LINE('',#13677,#3026);
#1967=LINE('',#13679,#3027);
#1968=LINE('',#13680,#3028);
#1969=LINE('',#13683,#3029);
#1970=LINE('',#13684,#3030);
#1971=LINE('',#13687,#3031);
#1972=LINE('',#13689,#3032);
#1973=LINE('',#13690,#3033);
#1974=LINE('',#13693,#3034);
#1975=LINE('',#13694,#3035);
#1976=LINE('',#13697,#3036);
#1977=LINE('',#13699,#3037);
#1978=LINE('',#13700,#3038);
#1979=LINE('',#13703,#3039);
#1980=LINE('',#13704,#3040);
#1981=LINE('',#13707,#3041);
#1982=LINE('',#13709,#3042);
#1983=LINE('',#13710,#3043);
#1984=LINE('',#13713,#3044);
#1985=LINE('',#13714,#3045);
#1986=LINE('',#13717,#3046);
#1987=LINE('',#13719,#3047);
#1988=LINE('',#13720,#3048);
#1989=LINE('',#13723,#3049);
#1990=LINE('',#13724,#3050);
#1991=LINE('',#13727,#3051);
#1992=LINE('',#13729,#3052);
#1993=LINE('',#13730,#3053);
#1994=LINE('',#13733,#3054);
#1995=LINE('',#13734,#3055);
#1996=LINE('',#13737,#3056);
#1997=LINE('',#13739,#3057);
#1998=LINE('',#13740,#3058);
#1999=LINE('',#13743,#3059);
#2000=LINE('',#13744,#3060);
#2001=LINE('',#13747,#3061);
#2002=LINE('',#13749,#3062);
#2003=LINE('',#13750,#3063);
#2004=LINE('',#13753,#3064);
#2005=LINE('',#13754,#3065);
#2006=LINE('',#13757,#3066);
#2007=LINE('',#13759,#3067);
#2008=LINE('',#13760,#3068);
#2009=LINE('',#13763,#3069);
#2010=LINE('',#13764,#3070);
#2011=LINE('',#13767,#3071);
#2012=LINE('',#13769,#3072);
#2013=LINE('',#13770,#3073);
#2014=LINE('',#13773,#3074);
#2015=LINE('',#13774,#3075);
#2016=LINE('',#13777,#3076);
#2017=LINE('',#13779,#3077);
#2018=LINE('',#13780,#3078);
#2019=LINE('',#13783,#3079);
#2020=LINE('',#13784,#3080);
#2021=LINE('',#13787,#3081);
#2022=LINE('',#13789,#3082);
#2023=LINE('',#13790,#3083);
#2024=LINE('',#13793,#3084);
#2025=LINE('',#13794,#3085);
#2026=LINE('',#13797,#3086);
#2027=LINE('',#13799,#3087);
#2028=LINE('',#13800,#3088);
#2029=LINE('',#13803,#3089);
#2030=LINE('',#13804,#3090);
#2031=LINE('',#13807,#3091);
#2032=LINE('',#13809,#3092);
#2033=LINE('',#13810,#3093);
#2034=LINE('',#13813,#3094);
#2035=LINE('',#13814,#3095);
#2036=LINE('',#13817,#3096);
#2037=LINE('',#13819,#3097);
#2038=LINE('',#13820,#3098);
#2039=LINE('',#13823,#3099);
#2040=LINE('',#13824,#3100);
#2041=LINE('',#13827,#3101);
#2042=LINE('',#13829,#3102);
#2043=LINE('',#13830,#3103);
#2044=LINE('',#13833,#3104);
#2045=LINE('',#13834,#3105);
#2046=LINE('',#13837,#3106);
#2047=LINE('',#13839,#3107);
#2048=LINE('',#13840,#3108);
#2049=LINE('',#13843,#3109);
#2050=LINE('',#13844,#3110);
#2051=LINE('',#13847,#3111);
#2052=LINE('',#13849,#3112);
#2053=LINE('',#13850,#3113);
#2054=LINE('',#13853,#3114);
#2055=LINE('',#13854,#3115);
#2056=LINE('',#13857,#3116);
#2057=LINE('',#13859,#3117);
#2058=LINE('',#13860,#3118);
#2059=LINE('',#13863,#3119);
#2060=LINE('',#13864,#3120);
#2061=LINE('',#13867,#3121);
#2062=LINE('',#13869,#3122);
#2063=LINE('',#13870,#3123);
#2064=LINE('',#13873,#3124);
#2065=LINE('',#13874,#3125);
#2066=LINE('',#13877,#3126);
#2067=LINE('',#13879,#3127);
#2068=LINE('',#13880,#3128);
#2069=LINE('',#13883,#3129);
#2070=LINE('',#13884,#3130);
#2071=LINE('',#13887,#3131);
#2072=LINE('',#13889,#3132);
#2073=LINE('',#13890,#3133);
#2074=LINE('',#13893,#3134);
#2075=LINE('',#13894,#3135);
#2076=LINE('',#13897,#3136);
#2077=LINE('',#13899,#3137);
#2078=LINE('',#13900,#3138);
#2079=LINE('',#13903,#3139);
#2080=LINE('',#13904,#3140);
#2081=LINE('',#13907,#3141);
#2082=LINE('',#13909,#3142);
#2083=LINE('',#13910,#3143);
#2084=LINE('',#13913,#3144);
#2085=LINE('',#13914,#3145);
#2086=LINE('',#13917,#3146);
#2087=LINE('',#13919,#3147);
#2088=LINE('',#13920,#3148);
#2089=LINE('',#13923,#3149);
#2090=LINE('',#13924,#3150);
#2091=LINE('',#13927,#3151);
#2092=LINE('',#13929,#3152);
#2093=LINE('',#13930,#3153);
#2094=LINE('',#13933,#3154);
#2095=LINE('',#13934,#3155);
#2096=LINE('',#13936,#3156);
#2097=LINE('',#13938,#3157);
#2098=LINE('',#13941,#3158);
#2099=LINE('',#13942,#3159);
#2100=LINE('',#13944,#3160);
#2101=LINE('',#13945,#3161);
#2102=LINE('',#13949,#3162);
#2103=LINE('',#13950,#3163);
#2104=LINE('',#13953,#3164);
#2105=LINE('',#13954,#3165);
#2106=LINE('',#13956,#3166);
#2107=LINE('',#13960,#3167);
#2108=LINE('',#13961,#3168);
#2109=LINE('',#13963,#3169);
#2110=LINE('',#13967,#3170);
#2111=LINE('',#13968,#3171);
#2112=LINE('',#13970,#3172);
#2113=LINE('',#13974,#3173);
#2114=LINE('',#13975,#3174);
#2115=LINE('',#13977,#3175);
#2116=LINE('',#13981,#3176);
#2117=LINE('',#13982,#3177);
#2118=LINE('',#13984,#3178);
#2119=LINE('',#13988,#3179);
#2120=LINE('',#13989,#3180);
#2121=LINE('',#13991,#3181);
#2122=LINE('',#13995,#3182);
#2123=LINE('',#13996,#3183);
#2124=LINE('',#13998,#3184);
#2125=LINE('',#14002,#3185);
#2126=LINE('',#14003,#3186);
#2127=LINE('',#14005,#3187);
#2128=LINE('',#14009,#3188);
#2129=LINE('',#14010,#3189);
#2130=LINE('',#14012,#3190);
#2131=LINE('',#14016,#3191);
#2132=LINE('',#14017,#3192);
#2133=LINE('',#14019,#3193);
#2134=LINE('',#14023,#3194);
#2135=LINE('',#14024,#3195);
#2136=LINE('',#14026,#3196);
#2137=LINE('',#14030,#3197);
#2138=LINE('',#14031,#3198);
#2139=LINE('',#14033,#3199);
#2140=LINE('',#14037,#3200);
#2141=LINE('',#14038,#3201);
#2142=LINE('',#14040,#3202);
#2143=LINE('',#14043,#3203);
#2144=LINE('',#14047,#3204);
#2145=LINE('',#14048,#3205);
#2146=LINE('',#14050,#3206);
#2147=LINE('',#14056,#3207);
#2148=LINE('',#14060,#3208);
#2149=LINE('',#14064,#3209);
#2150=LINE('',#14068,#3210);
#2151=LINE('',#14077,#3211);
#2152=LINE('',#14078,#3212);
#2153=LINE('',#14080,#3213);
#2154=LINE('',#14081,#3214);
#2155=LINE('',#14085,#3215);
#2156=LINE('',#14087,#3216);
#2157=LINE('',#14089,#3217);
#2158=LINE('',#14090,#3218);
#2159=LINE('',#14093,#3219);
#2160=LINE('',#14095,#3220);
#2161=LINE('',#14096,#3221);
#2162=LINE('',#14102,#3222);
#2163=LINE('',#14105,#3223);
#2164=LINE('',#14107,#3224);
#2165=LINE('',#14108,#3225);
#2166=LINE('',#14111,#3226);
#2167=LINE('',#14113,#3227);
#2168=LINE('',#14114,#3228);
#2169=LINE('',#14117,#3229);
#2170=LINE('',#14119,#3230);
#2171=LINE('',#14120,#3231);
#2172=LINE('',#14126,#3232);
#2173=LINE('',#14129,#3233);
#2174=LINE('',#14131,#3234);
#2175=LINE('',#14132,#3235);
#2176=LINE('',#14138,#3236);
#2177=LINE('',#14139,#3237);
#2178=LINE('',#14141,#3238);
#2179=LINE('',#14145,#3239);
#2180=LINE('',#14147,#3240);
#2181=LINE('',#14148,#3241);
#2182=LINE('',#14154,#3242);
#2183=LINE('',#14157,#3243);
#2184=LINE('',#14160,#3244);
#2185=LINE('',#14162,#3245);
#2186=LINE('',#14163,#3246);
#2187=LINE('',#14166,#3247);
#2188=LINE('',#14168,#3248);
#2189=LINE('',#14169,#3249);
#2190=LINE('',#14172,#3250);
#2191=LINE('',#14174,#3251);
#2192=LINE('',#14175,#3252);
#2193=LINE('',#14181,#3253);
#2194=LINE('',#14184,#3254);
#2195=LINE('',#14186,#3255);
#2196=LINE('',#14187,#3256);
#2197=LINE('',#14190,#3257);
#2198=LINE('',#14192,#3258);
#2199=LINE('',#14193,#3259);
#2200=LINE('',#14196,#3260);
#2201=LINE('',#14198,#3261);
#2202=LINE('',#14199,#3262);
#2203=LINE('',#14203,#3263);
#2204=LINE('',#14205,#3264);
#2205=LINE('',#14208,#3265);
#2206=LINE('',#14210,#3266);
#2207=LINE('',#14212,#3267);
#2208=LINE('',#14215,#3268);
#2209=LINE('',#14217,#3269);
#2210=LINE('',#14222,#3270);
#2211=LINE('',#14224,#3271);
#2212=LINE('',#14226,#3272);
#2213=LINE('',#14227,#3273);
#2214=LINE('',#14230,#3274);
#2215=LINE('',#14232,#3275);
#2216=LINE('',#14233,#3276);
#2217=LINE('',#14236,#3277);
#2218=LINE('',#14238,#3278);
#2219=LINE('',#14239,#3279);
#2220=LINE('',#14244,#3280);
#2221=LINE('',#14248,#3281);
#2222=LINE('',#14250,#3282);
#2223=LINE('',#14251,#3283);
#2224=LINE('',#14254,#3284);
#2225=LINE('',#14256,#3285);
#2226=LINE('',#14257,#3286);
#2227=LINE('',#14260,#3287);
#2228=LINE('',#14262,#3288);
#2229=LINE('',#14263,#3289);
#2230=LINE('',#14268,#3290);
#2231=LINE('',#14272,#3291);
#2232=LINE('',#14274,#3292);
#2233=LINE('',#14275,#3293);
#2234=LINE('',#14278,#3294);
#2235=LINE('',#14280,#3295);
#2236=LINE('',#14281,#3296);
#2237=LINE('',#14284,#3297);
#2238=LINE('',#14286,#3298);
#2239=LINE('',#14287,#3299);
#2240=LINE('',#14292,#3300);
#2241=LINE('',#14296,#3301);
#2242=LINE('',#14298,#3302);
#2243=LINE('',#14299,#3303);
#2244=LINE('',#14302,#3304);
#2245=LINE('',#14304,#3305);
#2246=LINE('',#14305,#3306);
#2247=LINE('',#14308,#3307);
#2248=LINE('',#14310,#3308);
#2249=LINE('',#14311,#3309);
#2250=LINE('',#14316,#3310);
#2251=LINE('',#14324,#3311);
#2252=LINE('',#14327,#3312);
#2253=LINE('',#14331,#3313);
#2254=LINE('',#14335,#3314);
#2255=LINE('',#14336,#3315);
#2256=LINE('',#14338,#3316);
#2257=LINE('',#14342,#3317);
#2258=LINE('',#14343,#3318);
#2259=LINE('',#14345,#3319);
#2260=LINE('',#14349,#3320);
#2261=LINE('',#14350,#3321);
#2262=LINE('',#14352,#3322);
#2263=LINE('',#14355,#3323);
#2264=LINE('',#14359,#3324);
#2265=LINE('',#14360,#3325);
#2266=LINE('',#14362,#3326);
#2267=LINE('',#14366,#3327);
#2268=LINE('',#14367,#3328);
#2269=LINE('',#14369,#3329);
#2270=LINE('',#14373,#3330);
#2271=LINE('',#14374,#3331);
#2272=LINE('',#14376,#3332);
#2273=LINE('',#14380,#3333);
#2274=LINE('',#14381,#3334);
#2275=LINE('',#14383,#3335);
#2276=LINE('',#14387,#3336);
#2277=LINE('',#14388,#3337);
#2278=LINE('',#14390,#3338);
#2279=LINE('',#14394,#3339);
#2280=LINE('',#14395,#3340);
#2281=LINE('',#14397,#3341);
#2282=LINE('',#14401,#3342);
#2283=LINE('',#14402,#3343);
#2284=LINE('',#14404,#3344);
#2285=LINE('',#14408,#3345);
#2286=LINE('',#14409,#3346);
#2287=LINE('',#14411,#3347);
#2288=LINE('',#14415,#3348);
#2289=LINE('',#14416,#3349);
#2290=LINE('',#14418,#3350);
#2291=LINE('',#14422,#3351);
#2292=LINE('',#14423,#3352);
#2293=LINE('',#14425,#3353);
#2294=LINE('',#14429,#3354);
#2295=LINE('',#14430,#3355);
#2296=LINE('',#14432,#3356);
#2297=LINE('',#14437,#3357);
#2298=LINE('',#14441,#3358);
#2299=LINE('',#14445,#3359);
#2300=LINE('',#14449,#3360);
#2301=LINE('',#14458,#3361);
#2302=LINE('',#14459,#3362);
#2303=LINE('',#14461,#3363);
#2304=LINE('',#14462,#3364);
#2305=LINE('',#14466,#3365);
#2306=LINE('',#14468,#3366);
#2307=LINE('',#14470,#3367);
#2308=LINE('',#14471,#3368);
#2309=LINE('',#14474,#3369);
#2310=LINE('',#14476,#3370);
#2311=LINE('',#14477,#3371);
#2312=LINE('',#14483,#3372);
#2313=LINE('',#14486,#3373);
#2314=LINE('',#14488,#3374);
#2315=LINE('',#14489,#3375);
#2316=LINE('',#14492,#3376);
#2317=LINE('',#14494,#3377);
#2318=LINE('',#14495,#3378);
#2319=LINE('',#14498,#3379);
#2320=LINE('',#14500,#3380);
#2321=LINE('',#14501,#3381);
#2322=LINE('',#14507,#3382);
#2323=LINE('',#14510,#3383);
#2324=LINE('',#14512,#3384);
#2325=LINE('',#14513,#3385);
#2326=LINE('',#14519,#3386);
#2327=LINE('',#14520,#3387);
#2328=LINE('',#14522,#3388);
#2329=LINE('',#14526,#3389);
#2330=LINE('',#14528,#3390);
#2331=LINE('',#14529,#3391);
#2332=LINE('',#14535,#3392);
#2333=LINE('',#14538,#3393);
#2334=LINE('',#14541,#3394);
#2335=LINE('',#14543,#3395);
#2336=LINE('',#14544,#3396);
#2337=LINE('',#14547,#3397);
#2338=LINE('',#14549,#3398);
#2339=LINE('',#14550,#3399);
#2340=LINE('',#14553,#3400);
#2341=LINE('',#14555,#3401);
#2342=LINE('',#14556,#3402);
#2343=LINE('',#14562,#3403);
#2344=LINE('',#14565,#3404);
#2345=LINE('',#14567,#3405);
#2346=LINE('',#14568,#3406);
#2347=LINE('',#14571,#3407);
#2348=LINE('',#14573,#3408);
#2349=LINE('',#14574,#3409);
#2350=LINE('',#14577,#3410);
#2351=LINE('',#14579,#3411);
#2352=LINE('',#14580,#3412);
#2353=LINE('',#14584,#3413);
#2354=LINE('',#14586,#3414);
#2355=LINE('',#14589,#3415);
#2356=LINE('',#14591,#3416);
#2357=LINE('',#14593,#3417);
#2358=LINE('',#14596,#3418);
#2359=LINE('',#14598,#3419);
#2360=LINE('',#14603,#3420);
#2361=LINE('',#14605,#3421);
#2362=LINE('',#14607,#3422);
#2363=LINE('',#14608,#3423);
#2364=LINE('',#14611,#3424);
#2365=LINE('',#14613,#3425);
#2366=LINE('',#14614,#3426);
#2367=LINE('',#14617,#3427);
#2368=LINE('',#14619,#3428);
#2369=LINE('',#14620,#3429);
#2370=LINE('',#14625,#3430);
#2371=LINE('',#14629,#3431);
#2372=LINE('',#14631,#3432);
#2373=LINE('',#14632,#3433);
#2374=LINE('',#14635,#3434);
#2375=LINE('',#14637,#3435);
#2376=LINE('',#14638,#3436);
#2377=LINE('',#14641,#3437);
#2378=LINE('',#14643,#3438);
#2379=LINE('',#14644,#3439);
#2380=LINE('',#14649,#3440);
#2381=LINE('',#14653,#3441);
#2382=LINE('',#14655,#3442);
#2383=LINE('',#14656,#3443);
#2384=LINE('',#14659,#3444);
#2385=LINE('',#14661,#3445);
#2386=LINE('',#14662,#3446);
#2387=LINE('',#14665,#3447);
#2388=LINE('',#14667,#3448);
#2389=LINE('',#14668,#3449);
#2390=LINE('',#14673,#3450);
#2391=LINE('',#14677,#3451);
#2392=LINE('',#14679,#3452);
#2393=LINE('',#14680,#3453);
#2394=LINE('',#14683,#3454);
#2395=LINE('',#14685,#3455);
#2396=LINE('',#14686,#3456);
#2397=LINE('',#14689,#3457);
#2398=LINE('',#14691,#3458);
#2399=LINE('',#14692,#3459);
#2400=LINE('',#14697,#3460);
#2401=LINE('',#14705,#3461);
#2402=LINE('',#14708,#3462);
#2403=LINE('',#14712,#3463);
#2404=LINE('',#14716,#3464);
#2405=LINE('',#14720,#3465);
#2406=LINE('',#14724,#3466);
#2407=LINE('',#14728,#3467);
#2408=LINE('',#14731,#3468);
#2409=LINE('',#14737,#3469);
#2410=LINE('',#14739,#3470);
#2411=LINE('',#14743,#3471);
#2412=LINE('',#14744,#3472);
#2413=LINE('',#14747,#3473);
#2414=LINE('',#14748,#3474);
#2415=LINE('',#14752,#3475);
#2416=LINE('',#14755,#3476);
#2417=LINE('',#14756,#3477);
#2418=LINE('',#14759,#3478);
#2419=LINE('',#14760,#3479);
#2420=LINE('',#14763,#3480);
#2421=LINE('',#14764,#3481);
#2422=LINE('',#14768,#3482);
#2423=LINE('',#14770,#3483);
#2424=LINE('',#14774,#3484);
#2425=LINE('',#14777,#3485);
#2426=LINE('',#14778,#3486);
#2427=LINE('',#14781,#3487);
#2428=LINE('',#14782,#3488);
#2429=LINE('',#14785,#3489);
#2430=LINE('',#14786,#3490);
#2431=LINE('',#14790,#3491);
#2432=LINE('',#14793,#3492);
#2433=LINE('',#14794,#3493);
#2434=LINE('',#14797,#3494);
#2435=LINE('',#14798,#3495);
#2436=LINE('',#14800,#3496);
#2437=LINE('',#14802,#3497);
#2438=LINE('',#14804,#3498);
#2439=LINE('',#14806,#3499);
#2440=LINE('',#14810,#3500);
#2441=LINE('',#14811,#3501);
#2442=LINE('',#14814,#3502);
#2443=LINE('',#14815,#3503);
#2444=LINE('',#14819,#3504);
#2445=LINE('',#14822,#3505);
#2446=LINE('',#14823,#3506);
#2447=LINE('',#14826,#3507);
#2448=LINE('',#14827,#3508);
#2449=LINE('',#14830,#3509);
#2450=LINE('',#14831,#3510);
#2451=LINE('',#14835,#3511);
#2452=LINE('',#14837,#3512);
#2453=LINE('',#14841,#3513);
#2454=LINE('',#14844,#3514);
#2455=LINE('',#14845,#3515);
#2456=LINE('',#14848,#3516);
#2457=LINE('',#14849,#3517);
#2458=LINE('',#14852,#3518);
#2459=LINE('',#14853,#3519);
#2460=LINE('',#14857,#3520);
#2461=LINE('',#14860,#3521);
#2462=LINE('',#14861,#3522);
#2463=LINE('',#14864,#3523);
#2464=LINE('',#14865,#3524);
#2465=LINE('',#14867,#3525);
#2466=LINE('',#14869,#3526);
#2467=LINE('',#14871,#3527);
#2468=LINE('',#14873,#3528);
#2469=LINE('',#14886,#3529);
#2470=LINE('',#14888,#3530);
#2471=LINE('',#14890,#3531);
#2472=LINE('',#14894,#3532);
#2473=LINE('',#14896,#3533);
#2474=LINE('',#14898,#3534);
#2475=LINE('',#14902,#3535);
#2476=LINE('',#14904,#3536);
#2477=LINE('',#14906,#3537);
#2478=LINE('',#14910,#3538);
#2479=LINE('',#14912,#3539);
#2480=LINE('',#14913,#3540);
#2481=LINE('',#14916,#3541);
#2482=LINE('',#14919,#3542);
#2483=LINE('',#14922,#3543);
#2484=LINE('',#14923,#3544);
#2485=LINE('',#14926,#3545);
#2486=LINE('',#14927,#3546);
#2487=LINE('',#14930,#3547);
#2488=LINE('',#14931,#3548);
#2489=LINE('',#14934,#3549);
#2490=LINE('',#14938,#3550);
#2491=LINE('',#14939,#3551);
#2492=LINE('',#14942,#3552);
#2493=LINE('',#14943,#3553);
#2494=LINE('',#14946,#3554);
#2495=LINE('',#14947,#3555);
#2496=LINE('',#14953,#3556);
#2497=LINE('',#14955,#3557);
#2498=LINE('',#14957,#3558);
#2499=LINE('',#14961,#3559);
#2500=LINE('',#14963,#3560);
#2501=LINE('',#14964,#3561);
#2502=LINE('',#14967,#3562);
#2503=LINE('',#14969,#3563);
#2504=LINE('',#14971,#3564);
#2505=LINE('',#14973,#3565);
#2506=LINE('',#14975,#3566);
#2507=LINE('',#14977,#3567);
#2508=LINE('',#14979,#3568);
#2509=LINE('',#14981,#3569);
#2510=LINE('',#14986,#3570);
#2511=LINE('',#14988,#3571);
#2512=LINE('',#14990,#3572);
#2513=LINE('',#14991,#3573);
#2514=LINE('',#14996,#3574);
#2515=LINE('',#15000,#3575);
#2516=LINE('',#15002,#3576);
#2517=LINE('',#15003,#3577);
#2518=LINE('',#15006,#3578);
#2519=LINE('',#15008,#3579);
#2520=LINE('',#15009,#3580);
#2521=LINE('',#15012,#3581);
#2522=LINE('',#15014,#3582);
#2523=LINE('',#15015,#3583);
#2524=LINE('',#15020,#3584);
#2525=LINE('',#15024,#3585);
#2526=LINE('',#15026,#3586);
#2527=LINE('',#15027,#3587);
#2528=LINE('',#15032,#3588);
#2529=LINE('',#15036,#3589);
#2530=LINE('',#15038,#3590);
#2531=LINE('',#15039,#3591);
#2532=LINE('',#15042,#3592);
#2533=LINE('',#15044,#3593);
#2534=LINE('',#15048,#3594);
#2535=LINE('',#15050,#3595);
#2536=LINE('',#15052,#3596);
#2537=LINE('',#15055,#3597);
#2538=LINE('',#15058,#3598);
#2539=LINE('',#15059,#3599);
#2540=LINE('',#15063,#3600);
#2541=LINE('',#15066,#3601);
#2542=LINE('',#15067,#3602);
#2543=LINE('',#15070,#3603);
#2544=LINE('',#15071,#3604);
#2545=LINE('',#15074,#3605);
#2546=LINE('',#15075,#3606);
#2547=LINE('',#15079,#3607);
#2548=LINE('',#15082,#3608);
#2549=LINE('',#15083,#3609);
#2550=LINE('',#15085,#3610);
#2551=LINE('',#15092,#3611);
#2552=LINE('',#15094,#3612);
#2553=LINE('',#15098,#3613);
#2554=LINE('',#15100,#3614);
#2555=LINE('',#15102,#3615);
#2556=LINE('',#15106,#3616);
#2557=LINE('',#15108,#3617);
#2558=LINE('',#15110,#3618);
#2559=LINE('',#15114,#3619);
#2560=LINE('',#15116,#3620);
#2561=LINE('',#15118,#3621);
#2562=LINE('',#15121,#3622);
#2563=LINE('',#15124,#3623);
#2564=LINE('',#15126,#3624);
#2565=LINE('',#15127,#3625);
#2566=LINE('',#15130,#3626);
#2567=LINE('',#15131,#3627);
#2568=LINE('',#15134,#3628);
#2569=LINE('',#15138,#3629);
#2570=LINE('',#15139,#3630);
#2571=LINE('',#15142,#3631);
#2572=LINE('',#15143,#3632);
#2573=LINE('',#15146,#3633);
#2574=LINE('',#15147,#3634);
#2575=LINE('',#15150,#3635);
#2576=LINE('',#15154,#3636);
#2577=LINE('',#15155,#3637);
#2578=LINE('',#15161,#3638);
#2579=LINE('',#15165,#3639);
#2580=LINE('',#15167,#3640);
#2581=LINE('',#15169,#3641);
#2582=LINE('',#15172,#3642);
#2583=LINE('',#15173,#3643);
#2584=LINE('',#15175,#3644);
#2585=LINE('',#15177,#3645);
#2586=LINE('',#15179,#3646);
#2587=LINE('',#15181,#3647);
#2588=LINE('',#15183,#3648);
#2589=LINE('',#15185,#3649);
#2590=LINE('',#15187,#3650);
#2591=LINE('',#15189,#3651);
#2592=LINE('',#15194,#3652);
#2593=LINE('',#15196,#3653);
#2594=LINE('',#15198,#3654);
#2595=LINE('',#15199,#3655);
#2596=LINE('',#15202,#3656);
#2597=LINE('',#15204,#3657);
#2598=LINE('',#15205,#3658);
#2599=LINE('',#15208,#3659);
#2600=LINE('',#15210,#3660);
#2601=LINE('',#15211,#3661);
#2602=LINE('',#15216,#3662);
#2603=LINE('',#15220,#3663);
#2604=LINE('',#15222,#3664);
#2605=LINE('',#15223,#3665);
#2606=LINE('',#15226,#3666);
#2607=LINE('',#15228,#3667);
#2608=LINE('',#15229,#3668);
#2609=LINE('',#15232,#3669);
#2610=LINE('',#15234,#3670);
#2611=LINE('',#15235,#3671);
#2612=LINE('',#15240,#3672);
#2613=LINE('',#15247,#3673);
#2614=LINE('',#15252,#3674);
#2615=LINE('',#15254,#3675);
#2616=LINE('',#15256,#3676);
#2617=LINE('',#15260,#3677);
#2618=LINE('',#15262,#3678);
#2619=LINE('',#15263,#3679);
#2620=LINE('',#15266,#3680);
#2621=LINE('',#15267,#3681);
#2622=LINE('',#15270,#3682);
#2623=LINE('',#15271,#3683);
#2624=LINE('',#15274,#3684);
#2625=LINE('',#15275,#3685);
#2626=LINE('',#15279,#3686);
#2627=LINE('',#15282,#3687);
#2628=LINE('',#15283,#3688);
#2629=LINE('',#15286,#3689);
#2630=LINE('',#15287,#3690);
#2631=LINE('',#15290,#3691);
#2632=LINE('',#15291,#3692);
#2633=VECTOR('',#10079,10.);
#2634=VECTOR('',#10080,10.);
#2635=VECTOR('',#10081,10.);
#2636=VECTOR('',#10082,10.);
#2637=VECTOR('',#10085,10.);
#2638=VECTOR('',#10092,10.);
#2639=VECTOR('',#10093,10.);
#2640=VECTOR('',#10094,10.);
#2641=VECTOR('',#10097,10.);
#2642=VECTOR('',#10104,10.);
#2643=VECTOR('',#10105,10.);
#2644=VECTOR('',#10106,10.);
#2645=VECTOR('',#10109,10.);
#2646=VECTOR('',#10116,10.);
#2647=VECTOR('',#10117,10.);
#2648=VECTOR('',#10118,10.);
#2649=VECTOR('',#10127,10.);
#2650=VECTOR('',#10130,10.);
#2651=VECTOR('',#10133,10.);
#2652=VECTOR('',#10134,10.);
#2653=VECTOR('',#10137,10.);
#2654=VECTOR('',#10142,10.);
#2655=VECTOR('',#10143,10.);
#2656=VECTOR('',#10146,10.);
#2657=VECTOR('',#10151,10.);
#2658=VECTOR('',#10154,10.);
#2659=VECTOR('',#10157,10.);
#2660=VECTOR('',#10162,10.);
#2661=VECTOR('',#10167,10.);
#2662=VECTOR('',#10170,10.);
#2663=VECTOR('',#10173,10.);
#2664=VECTOR('',#10178,10.);
#2665=VECTOR('',#10181,10.);
#2666=VECTOR('',#10184,10.);
#2667=VECTOR('',#10187,10.);
#2668=VECTOR('',#10190,10.);
#2669=VECTOR('',#10193,10.);
#2670=VECTOR('',#10196,10.);
#2671=VECTOR('',#10199,10.);
#2672=VECTOR('',#10204,10.);
#2673=VECTOR('',#10207,10.);
#2674=VECTOR('',#10210,10.);
#2675=VECTOR('',#10213,10.);
#2676=VECTOR('',#10216,10.);
#2677=VECTOR('',#10219,10.);
#2678=VECTOR('',#10222,10.);
#2679=VECTOR('',#10225,10.);
#2680=VECTOR('',#10226,10.);
#2681=VECTOR('',#10229,10.);
#2682=VECTOR('',#10232,10.);
#2683=VECTOR('',#10235,10.);
#2684=VECTOR('',#10240,10.);
#2685=VECTOR('',#10241,10.);
#2686=VECTOR('',#10242,10.);
#2687=VECTOR('',#10245,10.);
#2688=VECTOR('',#10250,10.);
#2689=VECTOR('',#10251,10.);
#2690=VECTOR('',#10254,10.);
#2691=VECTOR('',#10259,10.);
#2692=VECTOR('',#10260,10.);
#2693=VECTOR('',#10263,10.);
#2694=VECTOR('',#10268,10.);
#2695=VECTOR('',#10269,10.);
#2696=VECTOR('',#10276,10.);
#2697=VECTOR('',#10279,10.);
#2698=VECTOR('',#10282,10.);
#2699=VECTOR('',#10283,10.);
#2700=VECTOR('',#10286,10.);
#2701=VECTOR('',#10291,10.);
#2702=VECTOR('',#10292,10.);
#2703=VECTOR('',#10295,10.);
#2704=VECTOR('',#10296,10.);
#2705=VECTOR('',#10297,10.);
#2706=VECTOR('',#10300,10.);
#2707=VECTOR('',#10305,10.);
#2708=VECTOR('',#10306,10.);
#2709=VECTOR('',#10309,10.);
#2710=VECTOR('',#10314,10.);
#2711=VECTOR('',#10315,10.);
#2712=VECTOR('',#10318,10.);
#2713=VECTOR('',#10323,10.);
#2714=VECTOR('',#10324,10.);
#2715=VECTOR('',#10331,10.);
#2716=VECTOR('',#10334,10.);
#2717=VECTOR('',#10337,10.);
#2718=VECTOR('',#10338,10.);
#2719=VECTOR('',#10341,10.);
#2720=VECTOR('',#10346,10.);
#2721=VECTOR('',#10347,10.);
#2722=VECTOR('',#10350,10.);
#2723=VECTOR('',#10351,10.);
#2724=VECTOR('',#10352,10.);
#2725=VECTOR('',#10355,10.);
#2726=VECTOR('',#10360,10.);
#2727=VECTOR('',#10361,10.);
#2728=VECTOR('',#10364,10.);
#2729=VECTOR('',#10369,10.);
#2730=VECTOR('',#10370,10.);
#2731=VECTOR('',#10373,10.);
#2732=VECTOR('',#10378,10.);
#2733=VECTOR('',#10379,10.);
#2734=VECTOR('',#10386,10.);
#2735=VECTOR('',#10389,10.);
#2736=VECTOR('',#10392,10.);
#2737=VECTOR('',#10393,10.);
#2738=VECTOR('',#10396,10.);
#2739=VECTOR('',#10401,10.);
#2740=VECTOR('',#10402,10.);
#2741=VECTOR('',#10405,10.);
#2742=VECTOR('',#10406,10.);
#2743=VECTOR('',#10407,10.);
#2744=VECTOR('',#10410,10.);
#2745=VECTOR('',#10415,10.);
#2746=VECTOR('',#10420,10.);
#2747=VECTOR('',#10421,10.);
#2748=VECTOR('',#10424,10.);
#2749=VECTOR('',#10429,10.);
#2750=VECTOR('',#10430,10.);
#2751=VECTOR('',#10433,10.);
#2752=VECTOR('',#10438,10.);
#2753=VECTOR('',#10439,10.);
#2754=VECTOR('',#10442,10.);
#2755=VECTOR('',#10447,10.);
#2756=VECTOR('',#10452,10.);
#2757=VECTOR('',#10453,10.);
#2758=VECTOR('',#10456,10.);
#2759=VECTOR('',#10461,10.);
#2760=VECTOR('',#10466,10.);
#2761=VECTOR('',#10467,10.);
#2762=VECTOR('',#10470,10.);
#2763=VECTOR('',#10475,10.);
#2764=VECTOR('',#10476,10.);
#2765=VECTOR('',#10479,10.);
#2766=VECTOR('',#10484,10.);
#2767=VECTOR('',#10485,10.);
#2768=VECTOR('',#10488,10.);
#2769=VECTOR('',#10497,10.);
#2770=VECTOR('',#10500,10.);
#2771=VECTOR('',#10503,5.5);
#2772=VECTOR('',#10508,5.5);
#2773=VECTOR('',#10509,10.);
#2774=VECTOR('',#10512,5.5);
#2775=VECTOR('',#10517,5.5);
#2776=VECTOR('',#10518,10.);
#2777=VECTOR('',#10521,5.5);
#2778=VECTOR('',#10526,5.5);
#2779=VECTOR('',#10527,10.);
#2780=VECTOR('',#10530,10.);
#2781=VECTOR('',#10535,10.);
#2782=VECTOR('',#10540,10.);
#2783=VECTOR('',#10541,10.);
#2784=VECTOR('',#10544,10.);
#2785=VECTOR('',#10545,10.);
#2786=VECTOR('',#10546,10.);
#2787=VECTOR('',#10547,10.);
#2788=VECTOR('',#10550,10.);
#2789=VECTOR('',#10555,10.);
#2790=VECTOR('',#10556,10.);
#2791=VECTOR('',#10559,10.);
#2792=VECTOR('',#10564,10.);
#2793=VECTOR('',#10565,10.);
#2794=VECTOR('',#10568,10.);
#2795=VECTOR('',#10575,10.);
#2796=VECTOR('',#10576,10.);
#2797=VECTOR('',#10577,10.);
#2798=VECTOR('',#10586,10.);
#2799=VECTOR('',#10589,10.);
#2800=VECTOR('',#10594,10.);
#2801=VECTOR('',#10597,10.);
#2802=VECTOR('',#10600,10.);
#2803=VECTOR('',#10605,10.);
#2804=VECTOR('',#10610,10.);
#2805=VECTOR('',#10613,10.);
#2806=VECTOR('',#10616,10.);
#2807=VECTOR('',#10621,10.);
#2808=VECTOR('',#10624,10.);
#2809=VECTOR('',#10627,10.);
#2810=VECTOR('',#10630,10.);
#2811=VECTOR('',#10633,10.);
#2812=VECTOR('',#10636,10.);
#2813=VECTOR('',#10639,10.);
#2814=VECTOR('',#10642,10.);
#2815=VECTOR('',#10645,10.);
#2816=VECTOR('',#10646,10.);
#2817=VECTOR('',#10647,10.);
#2818=VECTOR('',#10648,10.);
#2819=VECTOR('',#10649,10.);
#2820=VECTOR('',#10650,10.);
#2821=VECTOR('',#10651,10.);
#2822=VECTOR('',#10652,10.);
#2823=VECTOR('',#10653,10.);
#2824=VECTOR('',#10654,10.);
#2825=VECTOR('',#10655,10.);
#2826=VECTOR('',#10656,10.);
#2827=VECTOR('',#10657,10.);
#2828=VECTOR('',#10658,10.);
#2829=VECTOR('',#10659,10.);
#2830=VECTOR('',#10660,10.);
#2831=VECTOR('',#10661,10.);
#2832=VECTOR('',#10662,10.);
#2833=VECTOR('',#10663,10.);
#2834=VECTOR('',#10664,10.);
#2835=VECTOR('',#10665,10.);
#2836=VECTOR('',#10666,10.);
#2837=VECTOR('',#10667,10.);
#2838=VECTOR('',#10668,10.);
#2839=VECTOR('',#10669,10.);
#2840=VECTOR('',#10670,10.);
#2841=VECTOR('',#10671,10.);
#2842=VECTOR('',#10672,10.);
#2843=VECTOR('',#10673,10.);
#2844=VECTOR('',#10674,10.);
#2845=VECTOR('',#10675,10.);
#2846=VECTOR('',#10676,10.);
#2847=VECTOR('',#10677,10.);
#2848=VECTOR('',#10678,10.);
#2849=VECTOR('',#10679,10.);
#2850=VECTOR('',#10680,10.);
#2851=VECTOR('',#10681,10.);
#2852=VECTOR('',#10682,10.);
#2853=VECTOR('',#10683,10.);
#2854=VECTOR('',#10684,10.);
#2855=VECTOR('',#10685,10.);
#2856=VECTOR('',#10686,10.);
#2857=VECTOR('',#10687,10.);
#2858=VECTOR('',#10688,10.);
#2859=VECTOR('',#10689,10.);
#2860=VECTOR('',#10690,10.);
#2861=VECTOR('',#10691,10.);
#2862=VECTOR('',#10692,10.);
#2863=VECTOR('',#10693,10.);
#2864=VECTOR('',#10694,10.);
#2865=VECTOR('',#10695,10.);
#2866=VECTOR('',#10696,10.);
#2867=VECTOR('',#10697,10.);
#2868=VECTOR('',#10698,10.);
#2869=VECTOR('',#10699,10.);
#2870=VECTOR('',#10700,10.);
#2871=VECTOR('',#10701,10.);
#2872=VECTOR('',#10702,10.);
#2873=VECTOR('',#10703,10.);
#2874=VECTOR('',#10704,10.);
#2875=VECTOR('',#10705,10.);
#2876=VECTOR('',#10706,10.);
#2877=VECTOR('',#10707,10.);
#2878=VECTOR('',#10708,10.);
#2879=VECTOR('',#10709,10.);
#2880=VECTOR('',#10710,10.);
#2881=VECTOR('',#10711,10.);
#2882=VECTOR('',#10712,10.);
#2883=VECTOR('',#10713,10.);
#2884=VECTOR('',#10714,10.);
#2885=VECTOR('',#10715,10.);
#2886=VECTOR('',#10716,10.);
#2887=VECTOR('',#10717,10.);
#2888=VECTOR('',#10718,10.);
#2889=VECTOR('',#10719,10.);
#2890=VECTOR('',#10720,10.);
#2891=VECTOR('',#10721,10.);
#2892=VECTOR('',#10722,10.);
#2893=VECTOR('',#10723,10.);
#2894=VECTOR('',#10724,10.);
#2895=VECTOR('',#10725,10.);
#2896=VECTOR('',#10726,10.);
#2897=VECTOR('',#10727,10.);
#2898=VECTOR('',#10728,10.);
#2899=VECTOR('',#10729,10.);
#2900=VECTOR('',#10730,10.);
#2901=VECTOR('',#10731,10.);
#2902=VECTOR('',#10732,10.);
#2903=VECTOR('',#10733,10.);
#2904=VECTOR('',#10734,10.);
#2905=VECTOR('',#10735,10.);
#2906=VECTOR('',#10736,10.);
#2907=VECTOR('',#10737,10.);
#2908=VECTOR('',#10738,10.);
#2909=VECTOR('',#10739,10.);
#2910=VECTOR('',#10740,10.);
#2911=VECTOR('',#10741,10.);
#2912=VECTOR('',#10742,10.);
#2913=VECTOR('',#10743,10.);
#2914=VECTOR('',#10744,10.);
#2915=VECTOR('',#10745,10.);
#2916=VECTOR('',#10746,10.);
#2917=VECTOR('',#10747,10.);
#2918=VECTOR('',#10748,10.);
#2919=VECTOR('',#10749,10.);
#2920=VECTOR('',#10750,10.);
#2921=VECTOR('',#10751,10.);
#2922=VECTOR('',#10752,10.);
#2923=VECTOR('',#10753,10.);
#2924=VECTOR('',#10754,10.);
#2925=VECTOR('',#10755,10.);
#2926=VECTOR('',#10756,10.);
#2927=VECTOR('',#10757,10.);
#2928=VECTOR('',#10758,10.);
#2929=VECTOR('',#10759,10.);
#2930=VECTOR('',#10760,10.);
#2931=VECTOR('',#10761,10.);
#2932=VECTOR('',#10762,10.);
#2933=VECTOR('',#10763,10.);
#2934=VECTOR('',#10764,10.);
#2935=VECTOR('',#10765,10.);
#2936=VECTOR('',#10768,10.);
#2937=VECTOR('',#10771,10.);
#2938=VECTOR('',#10774,10.);
#2939=VECTOR('',#10779,10.);
#2940=VECTOR('',#10780,10.);
#2941=VECTOR('',#10783,10.);
#2942=VECTOR('',#10788,10.);
#2943=VECTOR('',#10789,10.);
#2944=VECTOR('',#10792,10.);
#2945=VECTOR('',#10797,10.);
#2946=VECTOR('',#10798,10.);
#2947=VECTOR('',#10801,10.);
#2948=VECTOR('',#10804,10.);
#2949=VECTOR('',#10809,10.);
#2950=VECTOR('',#10810,10.);
#2951=VECTOR('',#10813,10.);
#2952=VECTOR('',#10818,10.);
#2953=VECTOR('',#10819,10.);
#2954=VECTOR('',#10822,10.);
#2955=VECTOR('',#10827,10.);
#2956=VECTOR('',#10828,10.);
#2957=VECTOR('',#10831,10.);
#2958=VECTOR('',#10836,10.);
#2959=VECTOR('',#10837,10.);
#2960=VECTOR('',#10840,10.);
#2961=VECTOR('',#10843,10.);
#2962=VECTOR('',#10848,10.);
#2963=VECTOR('',#10849,10.);
#2964=VECTOR('',#10852,10.);
#2965=VECTOR('',#10857,10.);
#2966=VECTOR('',#10858,10.);
#2967=VECTOR('',#10861,10.);
#2968=VECTOR('',#10866,10.);
#2969=VECTOR('',#10867,10.);
#2970=VECTOR('',#10870,10.);
#2971=VECTOR('',#10875,10.);
#2972=VECTOR('',#10876,10.);
#2973=VECTOR('',#10879,10.);
#2974=VECTOR('',#10882,10.);
#2975=VECTOR('',#10887,10.);
#2976=VECTOR('',#10888,10.);
#2977=VECTOR('',#10891,10.);
#2978=VECTOR('',#10896,10.);
#2979=VECTOR('',#10897,10.);
#2980=VECTOR('',#10898,10.);
#2981=VECTOR('',#10901,10.);
#2982=VECTOR('',#10904,10.);
#2983=VECTOR('',#10907,10.);
#2984=VECTOR('',#10910,10.);
#2985=VECTOR('',#10913,10.);
#2986=VECTOR('',#10916,10.);
#2987=VECTOR('',#10919,10.);
#2988=VECTOR('',#10922,10.);
#2989=VECTOR('',#10925,10.);
#2990=VECTOR('',#10928,10.);
#2991=VECTOR('',#10931,10.);
#2992=VECTOR('',#10936,10.);
#2993=VECTOR('',#10941,10.);
#2994=VECTOR('',#10942,10.);
#2995=VECTOR('',#10945,10.);
#2996=VECTOR('',#10950,10.);
#2997=VECTOR('',#10951,10.);
#2998=VECTOR('',#10954,10.);
#2999=VECTOR('',#10959,10.);
#3000=VECTOR('',#10960,10.);
#3001=VECTOR('',#10963,10.);
#3002=VECTOR('',#10972,10.);
#3003=VECTOR('',#10975,10.);
#3004=VECTOR('',#10978,5.5);
#3005=VECTOR('',#10979,5.5);
#3006=VECTOR('',#10982,10.);
#3007=VECTOR('',#10983,10.);
#3008=VECTOR('',#10984,10.);
#3009=VECTOR('',#10987,10.);
#3010=VECTOR('',#10988,10.);
#3011=VECTOR('',#10991,10.);
#3012=VECTOR('',#10992,10.);
#3013=VECTOR('',#10993,10.);
#3014=VECTOR('',#10996,10.);
#3015=VECTOR('',#10997,10.);
#3016=VECTOR('',#11000,10.);
#3017=VECTOR('',#11001,10.);
#3018=VECTOR('',#11002,10.);
#3019=VECTOR('',#11005,10.);
#3020=VECTOR('',#11006,10.);
#3021=VECTOR('',#11009,10.);
#3022=VECTOR('',#11010,10.);
#3023=VECTOR('',#11011,10.);
#3024=VECTOR('',#11014,10.);
#3025=VECTOR('',#11015,10.);
#3026=VECTOR('',#11018,10.);
#3027=VECTOR('',#11019,10.);
#3028=VECTOR('',#11020,10.);
#3029=VECTOR('',#11023,10.);
#3030=VECTOR('',#11024,10.);
#3031=VECTOR('',#11027,10.);
#3032=VECTOR('',#11028,10.);
#3033=VECTOR('',#11029,10.);
#3034=VECTOR('',#11032,10.);
#3035=VECTOR('',#11033,10.);
#3036=VECTOR('',#11036,10.);
#3037=VECTOR('',#11037,10.);
#3038=VECTOR('',#11038,10.);
#3039=VECTOR('',#11041,10.);
#3040=VECTOR('',#11042,10.);
#3041=VECTOR('',#11045,10.);
#3042=VECTOR('',#11046,10.);
#3043=VECTOR('',#11047,10.);
#3044=VECTOR('',#11050,10.);
#3045=VECTOR('',#11051,10.);
#3046=VECTOR('',#11054,10.);
#3047=VECTOR('',#11055,10.);
#3048=VECTOR('',#11056,10.);
#3049=VECTOR('',#11059,10.);
#3050=VECTOR('',#11060,10.);
#3051=VECTOR('',#11063,10.);
#3052=VECTOR('',#11064,10.);
#3053=VECTOR('',#11065,10.);
#3054=VECTOR('',#11068,10.);
#3055=VECTOR('',#11069,10.);
#3056=VECTOR('',#11072,10.);
#3057=VECTOR('',#11073,10.);
#3058=VECTOR('',#11074,10.);
#3059=VECTOR('',#11077,10.);
#3060=VECTOR('',#11078,10.);
#3061=VECTOR('',#11081,10.);
#3062=VECTOR('',#11082,10.);
#3063=VECTOR('',#11083,10.);
#3064=VECTOR('',#11086,10.);
#3065=VECTOR('',#11087,10.);
#3066=VECTOR('',#11090,10.);
#3067=VECTOR('',#11091,10.);
#3068=VECTOR('',#11092,10.);
#3069=VECTOR('',#11095,10.);
#3070=VECTOR('',#11096,10.);
#3071=VECTOR('',#11099,10.);
#3072=VECTOR('',#11100,10.);
#3073=VECTOR('',#11101,10.);
#3074=VECTOR('',#11104,10.);
#3075=VECTOR('',#11105,10.);
#3076=VECTOR('',#11108,10.);
#3077=VECTOR('',#11109,10.);
#3078=VECTOR('',#11110,10.);
#3079=VECTOR('',#11113,10.);
#3080=VECTOR('',#11114,10.);
#3081=VECTOR('',#11117,10.);
#3082=VECTOR('',#11118,10.);
#3083=VECTOR('',#11119,10.);
#3084=VECTOR('',#11122,10.);
#3085=VECTOR('',#11123,10.);
#3086=VECTOR('',#11126,10.);
#3087=VECTOR('',#11127,10.);
#3088=VECTOR('',#11128,10.);
#3089=VECTOR('',#11131,10.);
#3090=VECTOR('',#11132,10.);
#3091=VECTOR('',#11135,10.);
#3092=VECTOR('',#11136,10.);
#3093=VECTOR('',#11137,10.);
#3094=VECTOR('',#11140,10.);
#3095=VECTOR('',#11141,10.);
#3096=VECTOR('',#11144,10.);
#3097=VECTOR('',#11145,10.);
#3098=VECTOR('',#11146,10.);
#3099=VECTOR('',#11149,10.);
#3100=VECTOR('',#11150,10.);
#3101=VECTOR('',#11153,10.);
#3102=VECTOR('',#11154,10.);
#3103=VECTOR('',#11155,10.);
#3104=VECTOR('',#11158,10.);
#3105=VECTOR('',#11159,10.);
#3106=VECTOR('',#11162,10.);
#3107=VECTOR('',#11163,10.);
#3108=VECTOR('',#11164,10.);
#3109=VECTOR('',#11167,10.);
#3110=VECTOR('',#11168,10.);
#3111=VECTOR('',#11171,10.);
#3112=VECTOR('',#11172,10.);
#3113=VECTOR('',#11173,10.);
#3114=VECTOR('',#11176,10.);
#3115=VECTOR('',#11177,10.);
#3116=VECTOR('',#11180,10.);
#3117=VECTOR('',#11181,10.);
#3118=VECTOR('',#11182,10.);
#3119=VECTOR('',#11185,10.);
#3120=VECTOR('',#11186,10.);
#3121=VECTOR('',#11189,10.);
#3122=VECTOR('',#11190,10.);
#3123=VECTOR('',#11191,10.);
#3124=VECTOR('',#11194,10.);
#3125=VECTOR('',#11195,10.);
#3126=VECTOR('',#11198,10.);
#3127=VECTOR('',#11199,10.);
#3128=VECTOR('',#11200,10.);
#3129=VECTOR('',#11203,10.);
#3130=VECTOR('',#11204,10.);
#3131=VECTOR('',#11207,10.);
#3132=VECTOR('',#11208,10.);
#3133=VECTOR('',#11209,10.);
#3134=VECTOR('',#11212,10.);
#3135=VECTOR('',#11213,10.);
#3136=VECTOR('',#11216,10.);
#3137=VECTOR('',#11217,10.);
#3138=VECTOR('',#11218,10.);
#3139=VECTOR('',#11221,10.);
#3140=VECTOR('',#11222,10.);
#3141=VECTOR('',#11225,10.);
#3142=VECTOR('',#11226,10.);
#3143=VECTOR('',#11227,10.);
#3144=VECTOR('',#11230,10.);
#3145=VECTOR('',#11231,10.);
#3146=VECTOR('',#11234,10.);
#3147=VECTOR('',#11235,10.);
#3148=VECTOR('',#11236,10.);
#3149=VECTOR('',#11239,10.);
#3150=VECTOR('',#11240,10.);
#3151=VECTOR('',#11243,10.);
#3152=VECTOR('',#11244,10.);
#3153=VECTOR('',#11245,10.);
#3154=VECTOR('',#11248,10.);
#3155=VECTOR('',#11249,10.);
#3156=VECTOR('',#11252,10.);
#3157=VECTOR('',#11255,5.5);
#3158=VECTOR('',#11258,10.);
#3159=VECTOR('',#11259,10.);
#3160=VECTOR('',#11262,5.5);
#3161=VECTOR('',#11263,5.5);
#3162=VECTOR('',#11268,10.);
#3163=VECTOR('',#11269,10.);
#3164=VECTOR('',#11272,10.);
#3165=VECTOR('',#11273,10.);
#3166=VECTOR('',#11276,10.);
#3167=VECTOR('',#11281,10.);
#3168=VECTOR('',#11282,10.);
#3169=VECTOR('',#11285,10.);
#3170=VECTOR('',#11290,10.);
#3171=VECTOR('',#11291,10.);
#3172=VECTOR('',#11294,10.);
#3173=VECTOR('',#11299,10.);
#3174=VECTOR('',#11300,10.);
#3175=VECTOR('',#11303,10.);
#3176=VECTOR('',#11308,10.);
#3177=VECTOR('',#11309,10.);
#3178=VECTOR('',#11312,10.);
#3179=VECTOR('',#11317,10.);
#3180=VECTOR('',#11318,10.);
#3181=VECTOR('',#11321,10.);
#3182=VECTOR('',#11326,10.);
#3183=VECTOR('',#11327,10.);
#3184=VECTOR('',#11330,10.);
#3185=VECTOR('',#11335,10.);
#3186=VECTOR('',#11336,10.);
#3187=VECTOR('',#11339,10.);
#3188=VECTOR('',#11344,10.);
#3189=VECTOR('',#11345,10.);
#3190=VECTOR('',#11348,10.);
#3191=VECTOR('',#11353,10.);
#3192=VECTOR('',#11354,10.);
#3193=VECTOR('',#11357,10.);
#3194=VECTOR('',#11362,10.);
#3195=VECTOR('',#11363,10.);
#3196=VECTOR('',#11366,10.);
#3197=VECTOR('',#11371,10.);
#3198=VECTOR('',#11372,10.);
#3199=VECTOR('',#11375,10.);
#3200=VECTOR('',#11380,10.);
#3201=VECTOR('',#11381,10.);
#3202=VECTOR('',#11384,10.);
#3203=VECTOR('',#11389,10.);
#3204=VECTOR('',#11394,10.);
#3205=VECTOR('',#11395,10.);
#3206=VECTOR('',#11398,10.);
#3207=VECTOR('',#11405,38.262510275);
#3208=VECTOR('',#11408,14.449988971);
#3209=VECTOR('',#11411,38.262510275);
#3210=VECTOR('',#11414,14.449988971);
#3211=VECTOR('',#11425,5.5);
#3212=VECTOR('',#11426,5.5);
#3213=VECTOR('',#11429,5.5);
#3214=VECTOR('',#11430,5.5);
#3215=VECTOR('',#11433,10.);
#3216=VECTOR('',#11434,5.5);
#3217=VECTOR('',#11435,1.39);
#3218=VECTOR('',#11436,5.5);
#3219=VECTOR('',#11439,10.);
#3220=VECTOR('',#11440,1.255);
#3221=VECTOR('',#11441,5.5);
#3222=VECTOR('',#11448,5.5);
#3223=VECTOR('',#11451,10.);
#3224=VECTOR('',#11452,1.255);
#3225=VECTOR('',#11453,5.5);
#3226=VECTOR('',#11456,10.);
#3227=VECTOR('',#11457,1.39);
#3228=VECTOR('',#11458,5.5);
#3229=VECTOR('',#11461,10.);
#3230=VECTOR('',#11462,1.255);
#3231=VECTOR('',#11463,5.5);
#3232=VECTOR('',#11470,5.5);
#3233=VECTOR('',#11473,10.);
#3234=VECTOR('',#11474,1.255);
#3235=VECTOR('',#11475,5.5);
#3236=VECTOR('',#11480,1.255);
#3237=VECTOR('',#11481,1.39);
#3238=VECTOR('',#11482,1.255);
#3239=VECTOR('',#11485,1.255);
#3240=VECTOR('',#11486,1.39);
#3241=VECTOR('',#11487,1.255);
#3242=VECTOR('',#11492,5.5);
#3243=VECTOR('',#11495,5.5);
#3244=VECTOR('',#11498,10.);
#3245=VECTOR('',#11499,1.255);
#3246=VECTOR('',#11500,5.5);
#3247=VECTOR('',#11503,10.);
#3248=VECTOR('',#11504,1.39);
#3249=VECTOR('',#11505,5.5);
#3250=VECTOR('',#11508,10.);
#3251=VECTOR('',#11509,1.255);
#3252=VECTOR('',#11510,5.5);
#3253=VECTOR('',#11517,5.5);
#3254=VECTOR('',#11520,10.);
#3255=VECTOR('',#11521,1.255);
#3256=VECTOR('',#11522,5.5);
#3257=VECTOR('',#11525,10.);
#3258=VECTOR('',#11526,1.39);
#3259=VECTOR('',#11527,5.5);
#3260=VECTOR('',#11530,10.);
#3261=VECTOR('',#11531,1.255);
#3262=VECTOR('',#11532,5.5);
#3263=VECTOR('',#11535,1.39);
#3264=VECTOR('',#11536,1.255);
#3265=VECTOR('',#11539,1.255);
#3266=VECTOR('',#11540,1.39);
#3267=VECTOR('',#11541,1.255);
#3268=VECTOR('',#11544,1.255);
#3269=VECTOR('',#11547,5.5);
#3270=VECTOR('',#11552,1.255);
#3271=VECTOR('',#11553,4.5);
#3272=VECTOR('',#11554,1.255);
#3273=VECTOR('',#11555,4.5);
#3274=VECTOR('',#11558,1.39);
#3275=VECTOR('',#11559,4.5);
#3276=VECTOR('',#11560,1.39);
#3277=VECTOR('',#11563,1.255);
#3278=VECTOR('',#11564,4.5);
#3279=VECTOR('',#11565,1.255);
#3280=VECTOR('',#11570,4.5);
#3281=VECTOR('',#11575,1.255);
#3282=VECTOR('',#11576,4.5);
#3283=VECTOR('',#11577,1.255);
#3284=VECTOR('',#11580,1.39);
#3285=VECTOR('',#11581,4.5);
#3286=VECTOR('',#11582,1.39);
#3287=VECTOR('',#11585,1.255);
#3288=VECTOR('',#11586,4.5);
#3289=VECTOR('',#11587,1.255);
#3290=VECTOR('',#11592,4.5);
#3291=VECTOR('',#11597,1.255);
#3292=VECTOR('',#11598,4.5);
#3293=VECTOR('',#11599,1.255);
#3294=VECTOR('',#11602,1.39);
#3295=VECTOR('',#11603,4.5);
#3296=VECTOR('',#11604,1.39);
#3297=VECTOR('',#11607,1.255);
#3298=VECTOR('',#11608,4.5);
#3299=VECTOR('',#11609,1.255);
#3300=VECTOR('',#11614,4.5);
#3301=VECTOR('',#11619,1.255);
#3302=VECTOR('',#11620,4.5);
#3303=VECTOR('',#11621,1.255);
#3304=VECTOR('',#11624,1.39);
#3305=VECTOR('',#11625,4.5);
#3306=VECTOR('',#11626,1.39);
#3307=VECTOR('',#11629,1.255);
#3308=VECTOR('',#11630,4.5);
#3309=VECTOR('',#11631,1.255);
#3310=VECTOR('',#11636,2.8);
#3311=VECTOR('',#11651,2.8);
#3312=VECTOR('',#11654,2.9);
#3313=VECTOR('',#11659,2.9);
#3314=VECTOR('',#11664,10.);
#3315=VECTOR('',#11665,10.);
#3316=VECTOR('',#11668,10.);
#3317=VECTOR('',#11673,10.);
#3318=VECTOR('',#11674,10.);
#3319=VECTOR('',#11677,10.);
#3320=VECTOR('',#11682,10.);
#3321=VECTOR('',#11683,10.);
#3322=VECTOR('',#11686,10.);
#3323=VECTOR('',#11691,10.);
#3324=VECTOR('',#11696,10.);
#3325=VECTOR('',#11697,10.);
#3326=VECTOR('',#11700,10.);
#3327=VECTOR('',#11705,10.);
#3328=VECTOR('',#11706,10.);
#3329=VECTOR('',#11709,10.);
#3330=VECTOR('',#11714,10.);
#3331=VECTOR('',#11715,10.);
#3332=VECTOR('',#11718,10.);
#3333=VECTOR('',#11723,10.);
#3334=VECTOR('',#11724,10.);
#3335=VECTOR('',#11727,10.);
#3336=VECTOR('',#11732,10.);
#3337=VECTOR('',#11733,10.);
#3338=VECTOR('',#11736,10.);
#3339=VECTOR('',#11741,10.);
#3340=VECTOR('',#11742,10.);
#3341=VECTOR('',#11745,10.);
#3342=VECTOR('',#11750,10.);
#3343=VECTOR('',#11751,10.);
#3344=VECTOR('',#11754,10.);
#3345=VECTOR('',#11759,10.);
#3346=VECTOR('',#11760,10.);
#3347=VECTOR('',#11763,10.);
#3348=VECTOR('',#11768,10.);
#3349=VECTOR('',#11769,10.);
#3350=VECTOR('',#11772,10.);
#3351=VECTOR('',#11777,10.);
#3352=VECTOR('',#11778,10.);
#3353=VECTOR('',#11781,10.);
#3354=VECTOR('',#11786,10.);
#3355=VECTOR('',#11787,10.);
#3356=VECTOR('',#11790,10.);
#3357=VECTOR('',#11795,38.262510275);
#3358=VECTOR('',#11798,14.449988971);
#3359=VECTOR('',#11801,38.262510275);
#3360=VECTOR('',#11804,14.449988971);
#3361=VECTOR('',#11815,5.5);
#3362=VECTOR('',#11816,5.5);
#3363=VECTOR('',#11819,5.5);
#3364=VECTOR('',#11820,5.5);
#3365=VECTOR('',#11823,10.);
#3366=VECTOR('',#11824,5.5);
#3367=VECTOR('',#11825,1.39);
#3368=VECTOR('',#11826,5.5);
#3369=VECTOR('',#11829,10.);
#3370=VECTOR('',#11830,1.255);
#3371=VECTOR('',#11831,5.5);
#3372=VECTOR('',#11838,5.5);
#3373=VECTOR('',#11841,10.);
#3374=VECTOR('',#11842,1.255);
#3375=VECTOR('',#11843,5.5);
#3376=VECTOR('',#11846,10.);
#3377=VECTOR('',#11847,1.39);
#3378=VECTOR('',#11848,5.5);
#3379=VECTOR('',#11851,10.);
#3380=VECTOR('',#11852,1.255);
#3381=VECTOR('',#11853,5.5);
#3382=VECTOR('',#11860,5.5);
#3383=VECTOR('',#11863,10.);
#3384=VECTOR('',#11864,1.255);
#3385=VECTOR('',#11865,5.5);
#3386=VECTOR('',#11870,1.255);
#3387=VECTOR('',#11871,1.39);
#3388=VECTOR('',#11872,1.255);
#3389=VECTOR('',#11875,1.255);
#3390=VECTOR('',#11876,1.39);
#3391=VECTOR('',#11877,1.255);
#3392=VECTOR('',#11882,5.5);
#3393=VECTOR('',#11885,5.5);
#3394=VECTOR('',#11888,10.);
#3395=VECTOR('',#11889,1.255);
#3396=VECTOR('',#11890,5.5);
#3397=VECTOR('',#11893,10.);
#3398=VECTOR('',#11894,1.39);
#3399=VECTOR('',#11895,5.5);
#3400=VECTOR('',#11898,10.);
#3401=VECTOR('',#11899,1.255);
#3402=VECTOR('',#11900,5.5);
#3403=VECTOR('',#11907,5.5);
#3404=VECTOR('',#11910,10.);
#3405=VECTOR('',#11911,1.255);
#3406=VECTOR('',#11912,5.5);
#3407=VECTOR('',#11915,10.);
#3408=VECTOR('',#11916,1.39);
#3409=VECTOR('',#11917,5.5);
#3410=VECTOR('',#11920,10.);
#3411=VECTOR('',#11921,1.255);
#3412=VECTOR('',#11922,5.5);
#3413=VECTOR('',#11925,1.39);
#3414=VECTOR('',#11926,1.255);
#3415=VECTOR('',#11929,1.255);
#3416=VECTOR('',#11930,1.39);
#3417=VECTOR('',#11931,1.255);
#3418=VECTOR('',#11934,1.255);
#3419=VECTOR('',#11937,5.5);
#3420=VECTOR('',#11942,1.255);
#3421=VECTOR('',#11943,4.5);
#3422=VECTOR('',#11944,1.255);
#3423=VECTOR('',#11945,4.5);
#3424=VECTOR('',#11948,1.39);
#3425=VECTOR('',#11949,4.5);
#3426=VECTOR('',#11950,1.39);
#3427=VECTOR('',#11953,1.255);
#3428=VECTOR('',#11954,4.5);
#3429=VECTOR('',#11955,1.255);
#3430=VECTOR('',#11960,4.5);
#3431=VECTOR('',#11965,1.255);
#3432=VECTOR('',#11966,4.5);
#3433=VECTOR('',#11967,1.255);
#3434=VECTOR('',#11970,1.39);
#3435=VECTOR('',#11971,4.5);
#3436=VECTOR('',#11972,1.39);
#3437=VECTOR('',#11975,1.255);
#3438=VECTOR('',#11976,4.5);
#3439=VECTOR('',#11977,1.255);
#3440=VECTOR('',#11982,4.5);
#3441=VECTOR('',#11987,1.255);
#3442=VECTOR('',#11988,4.5);
#3443=VECTOR('',#11989,1.255);
#3444=VECTOR('',#11992,1.39);
#3445=VECTOR('',#11993,4.5);
#3446=VECTOR('',#11994,1.39);
#3447=VECTOR('',#11997,1.255);
#3448=VECTOR('',#11998,4.5);
#3449=VECTOR('',#11999,1.255);
#3450=VECTOR('',#12004,4.5);
#3451=VECTOR('',#12009,1.255);
#3452=VECTOR('',#12010,4.5);
#3453=VECTOR('',#12011,1.255);
#3454=VECTOR('',#12014,1.39);
#3455=VECTOR('',#12015,4.5);
#3456=VECTOR('',#12016,1.39);
#3457=VECTOR('',#12019,1.255);
#3458=VECTOR('',#12020,4.5);
#3459=VECTOR('',#12021,1.255);
#3460=VECTOR('',#12026,2.8);
#3461=VECTOR('',#12041,2.8);
#3462=VECTOR('',#12044,2.9);
#3463=VECTOR('',#12049,2.9);
#3464=VECTOR('',#12054,2.9);
#3465=VECTOR('',#12059,2.9);
#3466=VECTOR('',#12064,2.9);
#3467=VECTOR('',#12069,2.9);
#3468=VECTOR('',#12074,10.);
#3469=VECTOR('',#12085,10.);
#3470=VECTOR('',#12088,5.5);
#3471=VECTOR('',#12093,10.);
#3472=VECTOR('',#12094,5.5);
#3473=VECTOR('',#12097,10.);
#3474=VECTOR('',#12098,5.5);
#3475=VECTOR('',#12103,5.5);
#3476=VECTOR('',#12106,10.);
#3477=VECTOR('',#12107,5.5);
#3478=VECTOR('',#12110,10.);
#3479=VECTOR('',#12111,5.5);
#3480=VECTOR('',#12114,10.);
#3481=VECTOR('',#12115,5.5);
#3482=VECTOR('',#12120,5.5);
#3483=VECTOR('',#12123,10.);
#3484=VECTOR('',#12128,5.5);
#3485=VECTOR('',#12131,10.);
#3486=VECTOR('',#12132,5.5);
#3487=VECTOR('',#12135,10.);
#3488=VECTOR('',#12136,5.5);
#3489=VECTOR('',#12139,10.);
#3490=VECTOR('',#12140,5.5);
#3491=VECTOR('',#12145,5.5);
#3492=VECTOR('',#12148,10.);
#3493=VECTOR('',#12149,5.5);
#3494=VECTOR('',#12152,10.);
#3495=VECTOR('',#12153,5.5);
#3496=VECTOR('',#12156,10.);
#3497=VECTOR('',#12159,5.5);
#3498=VECTOR('',#12162,5.5);
#3499=VECTOR('',#12165,5.5);
#3500=VECTOR('',#12170,10.);
#3501=VECTOR('',#12171,5.5);
#3502=VECTOR('',#12174,10.);
#3503=VECTOR('',#12175,5.5);
#3504=VECTOR('',#12180,5.5);
#3505=VECTOR('',#12183,10.);
#3506=VECTOR('',#12184,5.5);
#3507=VECTOR('',#12187,10.);
#3508=VECTOR('',#12188,5.5);
#3509=VECTOR('',#12191,10.);
#3510=VECTOR('',#12192,5.5);
#3511=VECTOR('',#12197,5.5);
#3512=VECTOR('',#12200,10.);
#3513=VECTOR('',#12205,5.5);
#3514=VECTOR('',#12208,10.);
#3515=VECTOR('',#12209,5.5);
#3516=VECTOR('',#12212,10.);
#3517=VECTOR('',#12213,5.5);
#3518=VECTOR('',#12216,10.);
#3519=VECTOR('',#12217,5.5);
#3520=VECTOR('',#12222,5.5);
#3521=VECTOR('',#12225,10.);
#3522=VECTOR('',#12226,5.5);
#3523=VECTOR('',#12229,10.);
#3524=VECTOR('',#12230,5.5);
#3525=VECTOR('',#12233,10.);
#3526=VECTOR('',#12236,5.5);
#3527=VECTOR('',#12239,5.5);
#3528=VECTOR('',#12242,5.5);
#3529=VECTOR('',#12259,10.);
#3530=VECTOR('',#12260,10.);
#3531=VECTOR('',#12261,10.);
#3532=VECTOR('',#12264,10.);
#3533=VECTOR('',#12265,10.);
#3534=VECTOR('',#12266,10.);
#3535=VECTOR('',#12269,10.);
#3536=VECTOR('',#12270,10.);
#3537=VECTOR('',#12271,10.);
#3538=VECTOR('',#12274,10.);
#3539=VECTOR('',#12275,10.);
#3540=VECTOR('',#12276,10.);
#3541=VECTOR('',#12279,5.5);
#3542=VECTOR('',#12282,5.5);
#3543=VECTOR('',#12285,5.5);
#3544=VECTOR('',#12286,1.255);
#3545=VECTOR('',#12289,5.5);
#3546=VECTOR('',#12290,1.39);
#3547=VECTOR('',#12293,5.5);
#3548=VECTOR('',#12294,1.255);
#3549=VECTOR('',#12297,5.5);
#3550=VECTOR('',#12302,5.5);
#3551=VECTOR('',#12303,1.255);
#3552=VECTOR('',#12306,5.5);
#3553=VECTOR('',#12307,1.39);
#3554=VECTOR('',#12310,5.5);
#3555=VECTOR('',#12311,1.255);
#3556=VECTOR('',#12316,1.255);
#3557=VECTOR('',#12317,1.39);
#3558=VECTOR('',#12318,1.255);
#3559=VECTOR('',#12321,1.255);
#3560=VECTOR('',#12322,1.39);
#3561=VECTOR('',#12323,1.255);
#3562=VECTOR('',#12328,5.5);
#3563=VECTOR('',#12331,2.9);
#3564=VECTOR('',#12334,5.5);
#3565=VECTOR('',#12337,5.5);
#3566=VECTOR('',#12340,5.5);
#3567=VECTOR('',#12343,5.5);
#3568=VECTOR('',#12346,5.5);
#3569=VECTOR('',#12349,5.5);
#3570=VECTOR('',#12354,10.);
#3571=VECTOR('',#12355,5.5);
#3572=VECTOR('',#12356,1.255);
#3573=VECTOR('',#12357,5.5);
#3574=VECTOR('',#12362,5.5);
#3575=VECTOR('',#12367,10.);
#3576=VECTOR('',#12368,5.5);
#3577=VECTOR('',#12369,1.255);
#3578=VECTOR('',#12372,10.);
#3579=VECTOR('',#12373,5.5);
#3580=VECTOR('',#12374,1.39);
#3581=VECTOR('',#12377,10.);
#3582=VECTOR('',#12378,5.5);
#3583=VECTOR('',#12379,1.255);
#3584=VECTOR('',#12384,5.5);
#3585=VECTOR('',#12389,10.);
#3586=VECTOR('',#12390,5.5);
#3587=VECTOR('',#12391,1.255);
#3588=VECTOR('',#12396,2.9);
#3589=VECTOR('',#12401,10.);
#3590=VECTOR('',#12402,1.39);
#3591=VECTOR('',#12403,5.5);
#3592=VECTOR('',#12406,1.39);
#3593=VECTOR('',#12407,1.255);
#3594=VECTOR('',#12410,1.255);
#3595=VECTOR('',#12411,1.39);
#3596=VECTOR('',#12412,1.255);
#3597=VECTOR('',#12415,1.255);
#3598=VECTOR('',#12418,10.);
#3599=VECTOR('',#12419,5.5);
#3600=VECTOR('',#12424,5.5);
#3601=VECTOR('',#12427,10.);
#3602=VECTOR('',#12428,5.5);
#3603=VECTOR('',#12431,10.);
#3604=VECTOR('',#12432,5.5);
#3605=VECTOR('',#12435,10.);
#3606=VECTOR('',#12436,5.5);
#3607=VECTOR('',#12441,5.5);
#3608=VECTOR('',#12444,10.);
#3609=VECTOR('',#12445,5.5);
#3610=VECTOR('',#12448,10.);
#3611=VECTOR('',#12455,10.);
#3612=VECTOR('',#12456,10.);
#3613=VECTOR('',#12459,10.);
#3614=VECTOR('',#12460,10.);
#3615=VECTOR('',#12461,10.);
#3616=VECTOR('',#12464,10.);
#3617=VECTOR('',#12465,10.);
#3618=VECTOR('',#12466,10.);
#3619=VECTOR('',#12469,10.);
#3620=VECTOR('',#12470,10.);
#3621=VECTOR('',#12471,10.);
#3622=VECTOR('',#12474,10.);
#3623=VECTOR('',#12477,5.5);
#3624=VECTOR('',#12478,1.39);
#3625=VECTOR('',#12479,5.5);
#3626=VECTOR('',#12482,5.5);
#3627=VECTOR('',#12483,1.255);
#3628=VECTOR('',#12486,5.5);
#3629=VECTOR('',#12491,5.5);
#3630=VECTOR('',#12492,1.255);
#3631=VECTOR('',#12495,5.5);
#3632=VECTOR('',#12496,1.39);
#3633=VECTOR('',#12499,5.5);
#3634=VECTOR('',#12500,1.255);
#3635=VECTOR('',#12503,5.5);
#3636=VECTOR('',#12508,5.5);
#3637=VECTOR('',#12509,1.255);
#3638=VECTOR('',#12514,1.255);
#3639=VECTOR('',#12517,1.255);
#3640=VECTOR('',#12518,1.39);
#3641=VECTOR('',#12519,1.255);
#3642=VECTOR('',#12522,1.255);
#3643=VECTOR('',#12523,1.39);
#3644=VECTOR('',#12526,5.5);
#3645=VECTOR('',#12529,2.9);
#3646=VECTOR('',#12532,5.5);
#3647=VECTOR('',#12535,5.5);
#3648=VECTOR('',#12538,5.5);
#3649=VECTOR('',#12541,5.5);
#3650=VECTOR('',#12544,5.5);
#3651=VECTOR('',#12547,5.5);
#3652=VECTOR('',#12552,10.);
#3653=VECTOR('',#12553,5.5);
#3654=VECTOR('',#12554,1.255);
#3655=VECTOR('',#12555,5.5);
#3656=VECTOR('',#12558,10.);
#3657=VECTOR('',#12559,5.5);
#3658=VECTOR('',#12560,1.39);
#3659=VECTOR('',#12563,10.);
#3660=VECTOR('',#12564,5.5);
#3661=VECTOR('',#12565,1.255);
#3662=VECTOR('',#12570,5.5);
#3663=VECTOR('',#12575,10.);
#3664=VECTOR('',#12576,5.5);
#3665=VECTOR('',#12577,1.255);
#3666=VECTOR('',#12580,10.);
#3667=VECTOR('',#12581,5.5);
#3668=VECTOR('',#12582,1.39);
#3669=VECTOR('',#12585,10.);
#3670=VECTOR('',#12586,5.5);
#3671=VECTOR('',#12587,1.255);
#3672=VECTOR('',#12592,2.9);
#3673=VECTOR('',#12601,5.5);
#3674=VECTOR('',#12606,1.255);
#3675=VECTOR('',#12607,1.39);
#3676=VECTOR('',#12608,1.255);
#3677=VECTOR('',#12611,1.255);
#3678=VECTOR('',#12612,1.39);
#3679=VECTOR('',#12613,1.255);
#3680=VECTOR('',#12616,10.);
#3681=VECTOR('',#12617,5.5);
#3682=VECTOR('',#12620,10.);
#3683=VECTOR('',#12621,5.5);
#3684=VECTOR('',#12624,10.);
#3685=VECTOR('',#12625,5.5);
#3686=VECTOR('',#12630,5.5);
#3687=VECTOR('',#12633,10.);
#3688=VECTOR('',#12634,5.5);
#3689=VECTOR('',#12637,10.);
#3690=VECTOR('',#12638,5.5);
#3691=VECTOR('',#12641,10.);
#3692=VECTOR('',#12642,5.5);
#3693=VERTEX_POINT('',#12654);
#3694=VERTEX_POINT('',#12655);
#3695=VERTEX_POINT('',#12657);
#3696=VERTEX_POINT('',#12659);
#3697=VERTEX_POINT('',#12663);
#3698=VERTEX_POINT('',#12664);
#3699=VERTEX_POINT('',#12669);
#3700=VERTEX_POINT('',#12670);
#3701=VERTEX_POINT('',#12675);
#3702=VERTEX_POINT('',#12676);
#3703=VERTEX_POINT('',#12681);
#3704=VERTEX_POINT('',#12682);
#3705=VERTEX_POINT('',#12687);
#3706=VERTEX_POINT('',#12688);
#3707=VERTEX_POINT('',#12693);
#3708=VERTEX_POINT('',#12694);
#3709=VERTEX_POINT('',#12702);
#3710=VERTEX_POINT('',#12704);
#3711=VERTEX_POINT('',#12708);
#3712=VERTEX_POINT('',#12712);
#3713=VERTEX_POINT('',#12716);
#3714=VERTEX_POINT('',#12720);
#3715=VERTEX_POINT('',#12721);
#3716=VERTEX_POINT('',#12723);
#3717=VERTEX_POINT('',#12725);
#3718=VERTEX_POINT('',#12727);
#3719=VERTEX_POINT('',#12729);
#3720=VERTEX_POINT('',#12731);
#3721=VERTEX_POINT('',#12733);
#3722=VERTEX_POINT('',#12735);
#3723=VERTEX_POINT('',#12737);
#3724=VERTEX_POINT('',#12739);
#3725=VERTEX_POINT('',#12741);
#3726=VERTEX_POINT('',#12743);
#3727=VERTEX_POINT('',#12745);
#3728=VERTEX_POINT('',#12747);
#3729=VERTEX_POINT('',#12749);
#3730=VERTEX_POINT('',#12751);
#3731=VERTEX_POINT('',#12753);
#3732=VERTEX_POINT('',#12755);
#3733=VERTEX_POINT('',#12757);
#3734=VERTEX_POINT('',#12760);
#3735=VERTEX_POINT('',#12761);
#3736=VERTEX_POINT('',#12763);
#3737=VERTEX_POINT('',#12765);
#3738=VERTEX_POINT('',#12767);
#3739=VERTEX_POINT('',#12769);
#3740=VERTEX_POINT('',#12771);
#3741=VERTEX_POINT('',#12773);
#3742=VERTEX_POINT('',#12776);
#3743=VERTEX_POINT('',#12777);
#3744=VERTEX_POINT('',#12779);
#3745=VERTEX_POINT('',#12781);
#3746=VERTEX_POINT('',#12783);
#3747=VERTEX_POINT('',#12785);
#3748=VERTEX_POINT('',#12787);
#3749=VERTEX_POINT('',#12789);
#3750=VERTEX_POINT('',#12792);
#3751=VERTEX_POINT('',#12793);
#3752=VERTEX_POINT('',#12795);
#3753=VERTEX_POINT('',#12797);
#3754=VERTEX_POINT('',#12799);
#3755=VERTEX_POINT('',#12801);
#3756=VERTEX_POINT('',#12803);
#3757=VERTEX_POINT('',#12805);
#3758=VERTEX_POINT('',#12808);
#3759=VERTEX_POINT('',#12809);
#3760=VERTEX_POINT('',#12811);
#3761=VERTEX_POINT('',#12813);
#3762=VERTEX_POINT('',#12815);
#3763=VERTEX_POINT('',#12817);
#3764=VERTEX_POINT('',#12819);
#3765=VERTEX_POINT('',#12821);
#3766=VERTEX_POINT('',#12824);
#3767=VERTEX_POINT('',#12825);
#3768=VERTEX_POINT('',#12827);
#3769=VERTEX_POINT('',#12829);
#3770=VERTEX_POINT('',#12831);
#3771=VERTEX_POINT('',#12833);
#3772=VERTEX_POINT('',#12835);
#3773=VERTEX_POINT('',#12837);
#3774=VERTEX_POINT('',#12841);
#3775=VERTEX_POINT('',#12843);
#3776=VERTEX_POINT('',#12847);
#3777=VERTEX_POINT('',#12851);
#3778=VERTEX_POINT('',#12855);
#3779=VERTEX_POINT('',#12859);
#3780=VERTEX_POINT('',#12863);
#3781=VERTEX_POINT('',#12867);
#3782=VERTEX_POINT('',#12873);
#3783=VERTEX_POINT('',#12875);
#3784=VERTEX_POINT('',#12879);
#3785=VERTEX_POINT('',#12883);
#3786=VERTEX_POINT('',#12887);
#3787=VERTEX_POINT('',#12891);
#3788=VERTEX_POINT('',#12893);
#3789=VERTEX_POINT('',#12897);
#3790=VERTEX_POINT('',#12901);
#3791=VERTEX_POINT('',#12905);
#3792=VERTEX_POINT('',#12909);
#3793=VERTEX_POINT('',#12913);
#3794=VERTEX_POINT('',#12917);
#3795=VERTEX_POINT('',#12923);
#3796=VERTEX_POINT('',#12925);
#3797=VERTEX_POINT('',#12929);
#3798=VERTEX_POINT('',#12933);
#3799=VERTEX_POINT('',#12937);
#3800=VERTEX_POINT('',#12941);
#3801=VERTEX_POINT('',#12943);
#3802=VERTEX_POINT('',#12947);
#3803=VERTEX_POINT('',#12951);
#3804=VERTEX_POINT('',#12955);
#3805=VERTEX_POINT('',#12959);
#3806=VERTEX_POINT('',#12963);
#3807=VERTEX_POINT('',#12967);
#3808=VERTEX_POINT('',#12973);
#3809=VERTEX_POINT('',#12975);
#3810=VERTEX_POINT('',#12979);
#3811=VERTEX_POINT('',#12983);
#3812=VERTEX_POINT('',#12987);
#3813=VERTEX_POINT('',#12991);
#3814=VERTEX_POINT('',#12993);
#3815=VERTEX_POINT('',#12997);
#3816=VERTEX_POINT('',#13001);
#3817=VERTEX_POINT('',#13005);
#3818=VERTEX_POINT('',#13009);
#3819=VERTEX_POINT('',#13013);
#3820=VERTEX_POINT('',#13017);
#3821=VERTEX_POINT('',#13021);
#3822=VERTEX_POINT('',#13025);
#3823=VERTEX_POINT('',#13029);
#3824=VERTEX_POINT('',#13033);
#3825=VERTEX_POINT('',#13037);
#3826=VERTEX_POINT('',#13041);
#3827=VERTEX_POINT('',#13045);
#3828=VERTEX_POINT('',#13049);
#3829=VERTEX_POINT('',#13053);
#3830=VERTEX_POINT('',#13057);
#3831=VERTEX_POINT('',#13061);
#3832=VERTEX_POINT('',#13065);
#3833=VERTEX_POINT('',#13071);
#3834=VERTEX_POINT('',#13073);
#3835=VERTEX_POINT('',#13077);
#3836=VERTEX_POINT('',#13081);
#3837=VERTEX_POINT('',#13085);
#3838=VERTEX_POINT('',#13089);
#3839=VERTEX_POINT('',#13093);
#3840=VERTEX_POINT('',#13097);
#3841=VERTEX_POINT('',#13101);
#3842=VERTEX_POINT('',#13105);
#3843=VERTEX_POINT('',#13109);
#3844=VERTEX_POINT('',#13113);
#3845=VERTEX_POINT('',#13115);
#3846=VERTEX_POINT('',#13117);
#3847=VERTEX_POINT('',#13121);
#3848=VERTEX_POINT('',#13125);
#3849=VERTEX_POINT('',#13129);
#3850=VERTEX_POINT('',#13133);
#3851=VERTEX_POINT('',#13137);
#3852=VERTEX_POINT('',#13138);
#3853=VERTEX_POINT('',#13143);
#3854=VERTEX_POINT('',#13144);
#3855=VERTEX_POINT('',#13154);
#3856=VERTEX_POINT('',#13155);
#3857=VERTEX_POINT('',#13157);
#3858=VERTEX_POINT('',#13159);
#3859=VERTEX_POINT('',#13161);
#3860=VERTEX_POINT('',#13163);
#3861=VERTEX_POINT('',#13165);
#3862=VERTEX_POINT('',#13167);
#3863=VERTEX_POINT('',#13169);
#3864=VERTEX_POINT('',#13171);
#3865=VERTEX_POINT('',#13173);
#3866=VERTEX_POINT('',#13175);
#3867=VERTEX_POINT('',#13177);
#3868=VERTEX_POINT('',#13179);
#3869=VERTEX_POINT('',#13181);
#3870=VERTEX_POINT('',#13183);
#3871=VERTEX_POINT('',#13185);
#3872=VERTEX_POINT('',#13187);
#3873=VERTEX_POINT('',#13189);
#3874=VERTEX_POINT('',#13191);
#3875=VERTEX_POINT('',#13194);
#3876=VERTEX_POINT('',#13195);
#3877=VERTEX_POINT('',#13197);
#3878=VERTEX_POINT('',#13199);
#3879=VERTEX_POINT('',#13201);
#3880=VERTEX_POINT('',#13203);
#3881=VERTEX_POINT('',#13205);
#3882=VERTEX_POINT('',#13207);
#3883=VERTEX_POINT('',#13210);
#3884=VERTEX_POINT('',#13211);
#3885=VERTEX_POINT('',#13213);
#3886=VERTEX_POINT('',#13215);
#3887=VERTEX_POINT('',#13217);
#3888=VERTEX_POINT('',#13219);
#3889=VERTEX_POINT('',#13221);
#3890=VERTEX_POINT('',#13223);
#3891=VERTEX_POINT('',#13226);
#3892=VERTEX_POINT('',#13227);
#3893=VERTEX_POINT('',#13229);
#3894=VERTEX_POINT('',#13231);
#3895=VERTEX_POINT('',#13234);
#3896=VERTEX_POINT('',#13235);
#3897=VERTEX_POINT('',#13237);
#3898=VERTEX_POINT('',#13239);
#3899=VERTEX_POINT('',#13242);
#3900=VERTEX_POINT('',#13243);
#3901=VERTEX_POINT('',#13245);
#3902=VERTEX_POINT('',#13247);
#3903=VERTEX_POINT('',#13250);
#3904=VERTEX_POINT('',#13251);
#3905=VERTEX_POINT('',#13253);
#3906=VERTEX_POINT('',#13255);
#3907=VERTEX_POINT('',#13258);
#3908=VERTEX_POINT('',#13259);
#3909=VERTEX_POINT('',#13261);
#3910=VERTEX_POINT('',#13263);
#3911=VERTEX_POINT('',#13266);
#3912=VERTEX_POINT('',#13267);
#3913=VERTEX_POINT('',#13269);
#3914=VERTEX_POINT('',#13271);
#3915=VERTEX_POINT('',#13274);
#3916=VERTEX_POINT('',#13275);
#3917=VERTEX_POINT('',#13277);
#3918=VERTEX_POINT('',#13279);
#3919=VERTEX_POINT('',#13282);
#3920=VERTEX_POINT('',#13283);
#3921=VERTEX_POINT('',#13285);
#3922=VERTEX_POINT('',#13287);
#3923=VERTEX_POINT('',#13290);
#3924=VERTEX_POINT('',#13291);
#3925=VERTEX_POINT('',#13293);
#3926=VERTEX_POINT('',#13295);
#3927=VERTEX_POINT('',#13298);
#3928=VERTEX_POINT('',#13299);
#3929=VERTEX_POINT('',#13301);
#3930=VERTEX_POINT('',#13303);
#3931=VERTEX_POINT('',#13306);
#3932=VERTEX_POINT('',#13307);
#3933=VERTEX_POINT('',#13309);
#3934=VERTEX_POINT('',#13311);
#3935=VERTEX_POINT('',#13314);
#3936=VERTEX_POINT('',#13315);
#3937=VERTEX_POINT('',#13317);
#3938=VERTEX_POINT('',#13319);
#3939=VERTEX_POINT('',#13322);
#3940=VERTEX_POINT('',#13323);
#3941=VERTEX_POINT('',#13325);
#3942=VERTEX_POINT('',#13327);
#3943=VERTEX_POINT('',#13330);
#3944=VERTEX_POINT('',#13331);
#3945=VERTEX_POINT('',#13333);
#3946=VERTEX_POINT('',#13335);
#3947=VERTEX_POINT('',#13338);
#3948=VERTEX_POINT('',#13339);
#3949=VERTEX_POINT('',#13341);
#3950=VERTEX_POINT('',#13343);
#3951=VERTEX_POINT('',#13346);
#3952=VERTEX_POINT('',#13347);
#3953=VERTEX_POINT('',#13349);
#3954=VERTEX_POINT('',#13351);
#3955=VERTEX_POINT('',#13354);
#3956=VERTEX_POINT('',#13355);
#3957=VERTEX_POINT('',#13357);
#3958=VERTEX_POINT('',#13359);
#3959=VERTEX_POINT('',#13362);
#3960=VERTEX_POINT('',#13363);
#3961=VERTEX_POINT('',#13365);
#3962=VERTEX_POINT('',#13367);
#3963=VERTEX_POINT('',#13370);
#3964=VERTEX_POINT('',#13371);
#3965=VERTEX_POINT('',#13373);
#3966=VERTEX_POINT('',#13375);
#3967=VERTEX_POINT('',#13378);
#3968=VERTEX_POINT('',#13379);
#3969=VERTEX_POINT('',#13381);
#3970=VERTEX_POINT('',#13383);
#3971=VERTEX_POINT('',#13386);
#3972=VERTEX_POINT('',#13387);
#3973=VERTEX_POINT('',#13389);
#3974=VERTEX_POINT('',#13391);
#3975=VERTEX_POINT('',#13394);
#3976=VERTEX_POINT('',#13395);
#3977=VERTEX_POINT('',#13397);
#3978=VERTEX_POINT('',#13399);
#3979=VERTEX_POINT('',#13402);
#3980=VERTEX_POINT('',#13403);
#3981=VERTEX_POINT('',#13405);
#3982=VERTEX_POINT('',#13407);
#3983=VERTEX_POINT('',#13410);
#3984=VERTEX_POINT('',#13411);
#3985=VERTEX_POINT('',#13413);
#3986=VERTEX_POINT('',#13415);
#3987=VERTEX_POINT('',#13418);
#3988=VERTEX_POINT('',#13419);
#3989=VERTEX_POINT('',#13421);
#3990=VERTEX_POINT('',#13423);
#3991=VERTEX_POINT('',#13426);
#3992=VERTEX_POINT('',#13427);
#3993=VERTEX_POINT('',#13429);
#3994=VERTEX_POINT('',#13431);
#3995=VERTEX_POINT('',#13434);
#3996=VERTEX_POINT('',#13435);
#3997=VERTEX_POINT('',#13437);
#3998=VERTEX_POINT('',#13439);
#3999=VERTEX_POINT('',#13442);
#4000=VERTEX_POINT('',#13443);
#4001=VERTEX_POINT('',#13445);
#4002=VERTEX_POINT('',#13447);
#4003=VERTEX_POINT('',#13450);
#4004=VERTEX_POINT('',#13451);
#4005=VERTEX_POINT('',#13453);
#4006=VERTEX_POINT('',#13455);
#4007=VERTEX_POINT('',#13458);
#4008=VERTEX_POINT('',#13459);
#4009=VERTEX_POINT('',#13461);
#4010=VERTEX_POINT('',#13463);
#4011=VERTEX_POINT('',#13466);
#4012=VERTEX_POINT('',#13467);
#4013=VERTEX_POINT('',#13469);
#4014=VERTEX_POINT('',#13471);
#4015=VERTEX_POINT('',#13473);
#4016=VERTEX_POINT('',#13475);
#4017=VERTEX_POINT('',#13477);
#4018=VERTEX_POINT('',#13479);
#4019=VERTEX_POINT('',#13486);
#4020=VERTEX_POINT('',#13490);
#4021=VERTEX_POINT('',#13494);
#4022=VERTEX_POINT('',#13515);
#4023=VERTEX_POINT('',#13519);
#4024=VERTEX_POINT('',#13523);
#4025=VERTEX_POINT('',#13544);
#4026=VERTEX_POINT('',#13548);
#4027=VERTEX_POINT('',#13552);
#4028=VERTEX_POINT('',#13571);
#4029=VERTEX_POINT('',#13595);
#4030=VERTEX_POINT('',#13599);
#4031=VERTEX_POINT('',#13603);
#4032=VERTEX_POINT('',#13607);
#4033=VERTEX_POINT('',#13611);
#4034=VERTEX_POINT('',#13615);
#4035=VERTEX_POINT('',#13619);
#4036=VERTEX_POINT('',#13623);
#4037=VERTEX_POINT('',#13636);
#4038=VERTEX_POINT('',#13638);
#4039=VERTEX_POINT('',#13642);
#4040=VERTEX_POINT('',#13646);
#4041=VERTEX_POINT('',#13648);
#4042=VERTEX_POINT('',#13652);
#4043=VERTEX_POINT('',#13656);
#4044=VERTEX_POINT('',#13658);
#4045=VERTEX_POINT('',#13662);
#4046=VERTEX_POINT('',#13666);
#4047=VERTEX_POINT('',#13668);
#4048=VERTEX_POINT('',#13672);
#4049=VERTEX_POINT('',#13676);
#4050=VERTEX_POINT('',#13678);
#4051=VERTEX_POINT('',#13682);
#4052=VERTEX_POINT('',#13686);
#4053=VERTEX_POINT('',#13688);
#4054=VERTEX_POINT('',#13692);
#4055=VERTEX_POINT('',#13696);
#4056=VERTEX_POINT('',#13698);
#4057=VERTEX_POINT('',#13702);
#4058=VERTEX_POINT('',#13706);
#4059=VERTEX_POINT('',#13708);
#4060=VERTEX_POINT('',#13712);
#4061=VERTEX_POINT('',#13716);
#4062=VERTEX_POINT('',#13718);
#4063=VERTEX_POINT('',#13722);
#4064=VERTEX_POINT('',#13726);
#4065=VERTEX_POINT('',#13728);
#4066=VERTEX_POINT('',#13732);
#4067=VERTEX_POINT('',#13736);
#4068=VERTEX_POINT('',#13738);
#4069=VERTEX_POINT('',#13742);
#4070=VERTEX_POINT('',#13746);
#4071=VERTEX_POINT('',#13748);
#4072=VERTEX_POINT('',#13752);
#4073=VERTEX_POINT('',#13756);
#4074=VERTEX_POINT('',#13758);
#4075=VERTEX_POINT('',#13762);
#4076=VERTEX_POINT('',#13766);
#4077=VERTEX_POINT('',#13768);
#4078=VERTEX_POINT('',#13772);
#4079=VERTEX_POINT('',#13776);
#4080=VERTEX_POINT('',#13778);
#4081=VERTEX_POINT('',#13782);
#4082=VERTEX_POINT('',#13786);
#4083=VERTEX_POINT('',#13788);
#4084=VERTEX_POINT('',#13792);
#4085=VERTEX_POINT('',#13796);
#4086=VERTEX_POINT('',#13798);
#4087=VERTEX_POINT('',#13802);
#4088=VERTEX_POINT('',#13806);
#4089=VERTEX_POINT('',#13808);
#4090=VERTEX_POINT('',#13812);
#4091=VERTEX_POINT('',#13816);
#4092=VERTEX_POINT('',#13818);
#4093=VERTEX_POINT('',#13822);
#4094=VERTEX_POINT('',#13826);
#4095=VERTEX_POINT('',#13828);
#4096=VERTEX_POINT('',#13832);
#4097=VERTEX_POINT('',#13836);
#4098=VERTEX_POINT('',#13838);
#4099=VERTEX_POINT('',#13842);
#4100=VERTEX_POINT('',#13846);
#4101=VERTEX_POINT('',#13848);
#4102=VERTEX_POINT('',#13852);
#4103=VERTEX_POINT('',#13856);
#4104=VERTEX_POINT('',#13858);
#4105=VERTEX_POINT('',#13862);
#4106=VERTEX_POINT('',#13866);
#4107=VERTEX_POINT('',#13868);
#4108=VERTEX_POINT('',#13872);
#4109=VERTEX_POINT('',#13876);
#4110=VERTEX_POINT('',#13878);
#4111=VERTEX_POINT('',#13882);
#4112=VERTEX_POINT('',#13886);
#4113=VERTEX_POINT('',#13888);
#4114=VERTEX_POINT('',#13892);
#4115=VERTEX_POINT('',#13896);
#4116=VERTEX_POINT('',#13898);
#4117=VERTEX_POINT('',#13902);
#4118=VERTEX_POINT('',#13906);
#4119=VERTEX_POINT('',#13908);
#4120=VERTEX_POINT('',#13912);
#4121=VERTEX_POINT('',#13916);
#4122=VERTEX_POINT('',#13918);
#4123=VERTEX_POINT('',#13922);
#4124=VERTEX_POINT('',#13926);
#4125=VERTEX_POINT('',#13928);
#4126=VERTEX_POINT('',#13932);
#4127=VERTEX_POINT('',#13940);
#4128=VERTEX_POINT('',#13948);
#4129=VERTEX_POINT('',#13952);
#4130=VERTEX_POINT('',#13959);
#4131=VERTEX_POINT('',#13966);
#4132=VERTEX_POINT('',#13973);
#4133=VERTEX_POINT('',#13980);
#4134=VERTEX_POINT('',#13987);
#4135=VERTEX_POINT('',#13994);
#4136=VERTEX_POINT('',#14001);
#4137=VERTEX_POINT('',#14008);
#4138=VERTEX_POINT('',#14015);
#4139=VERTEX_POINT('',#14022);
#4140=VERTEX_POINT('',#14029);
#4141=VERTEX_POINT('',#14036);
#4142=VERTEX_POINT('',#14046);
#4143=VERTEX_POINT('',#14054);
#4144=VERTEX_POINT('',#14055);
#4145=VERTEX_POINT('',#14057);
#4146=VERTEX_POINT('',#14059);
#4147=VERTEX_POINT('',#14061);
#4148=VERTEX_POINT('',#14063);
#4149=VERTEX_POINT('',#14065);
#4150=VERTEX_POINT('',#14067);
#4151=VERTEX_POINT('',#14070);
#4152=VERTEX_POINT('',#14072);
#4153=VERTEX_POINT('',#14074);
#4154=VERTEX_POINT('',#14083);
#4155=VERTEX_POINT('',#14084);
#4156=VERTEX_POINT('',#14086);
#4157=VERTEX_POINT('',#14088);
#4158=VERTEX_POINT('',#14092);
#4159=VERTEX_POINT('',#14094);
#4160=VERTEX_POINT('',#14098);
#4161=VERTEX_POINT('',#14100);
#4162=VERTEX_POINT('',#14104);
#4163=VERTEX_POINT('',#14106);
#4164=VERTEX_POINT('',#14110);
#4165=VERTEX_POINT('',#14112);
#4166=VERTEX_POINT('',#14116);
#4167=VERTEX_POINT('',#14118);
#4168=VERTEX_POINT('',#14122);
#4169=VERTEX_POINT('',#14124);
#4170=VERTEX_POINT('',#14128);
#4171=VERTEX_POINT('',#14130);
#4172=VERTEX_POINT('',#14134);
#4173=VERTEX_POINT('',#14135);
#4174=VERTEX_POINT('',#14137);
#4175=VERTEX_POINT('',#14140);
#4176=VERTEX_POINT('',#14142);
#4177=VERTEX_POINT('',#14144);
#4178=VERTEX_POINT('',#14146);
#4179=VERTEX_POINT('',#14150);
#4180=VERTEX_POINT('',#14151);
#4181=VERTEX_POINT('',#14153);
#4182=VERTEX_POINT('',#14155);
#4183=VERTEX_POINT('',#14159);
#4184=VERTEX_POINT('',#14161);
#4185=VERTEX_POINT('',#14165);
#4186=VERTEX_POINT('',#14167);
#4187=VERTEX_POINT('',#14171);
#4188=VERTEX_POINT('',#14173);
#4189=VERTEX_POINT('',#14177);
#4190=VERTEX_POINT('',#14179);
#4191=VERTEX_POINT('',#14183);
#4192=VERTEX_POINT('',#14185);
#4193=VERTEX_POINT('',#14189);
#4194=VERTEX_POINT('',#14191);
#4195=VERTEX_POINT('',#14195);
#4196=VERTEX_POINT('',#14197);
#4197=VERTEX_POINT('',#14201);
#4198=VERTEX_POINT('',#14202);
#4199=VERTEX_POINT('',#14204);
#4200=VERTEX_POINT('',#14207);
#4201=VERTEX_POINT('',#14209);
#4202=VERTEX_POINT('',#14211);
#4203=VERTEX_POINT('',#14213);
#4204=VERTEX_POINT('',#14220);
#4205=VERTEX_POINT('',#14221);
#4206=VERTEX_POINT('',#14223);
#4207=VERTEX_POINT('',#14225);
#4208=VERTEX_POINT('',#14229);
#4209=VERTEX_POINT('',#14231);
#4210=VERTEX_POINT('',#14235);
#4211=VERTEX_POINT('',#14237);
#4212=VERTEX_POINT('',#14241);
#4213=VERTEX_POINT('',#14243);
#4214=VERTEX_POINT('',#14247);
#4215=VERTEX_POINT('',#14249);
#4216=VERTEX_POINT('',#14253);
#4217=VERTEX_POINT('',#14255);
#4218=VERTEX_POINT('',#14259);
#4219=VERTEX_POINT('',#14261);
#4220=VERTEX_POINT('',#14265);
#4221=VERTEX_POINT('',#14267);
#4222=VERTEX_POINT('',#14271);
#4223=VERTEX_POINT('',#14273);
#4224=VERTEX_POINT('',#14277);
#4225=VERTEX_POINT('',#14279);
#4226=VERTEX_POINT('',#14283);
#4227=VERTEX_POINT('',#14285);
#4228=VERTEX_POINT('',#14289);
#4229=VERTEX_POINT('',#14291);
#4230=VERTEX_POINT('',#14295);
#4231=VERTEX_POINT('',#14297);
#4232=VERTEX_POINT('',#14301);
#4233=VERTEX_POINT('',#14303);
#4234=VERTEX_POINT('',#14307);
#4235=VERTEX_POINT('',#14309);
#4236=VERTEX_POINT('',#14313);
#4237=VERTEX_POINT('',#14315);
#4238=VERTEX_POINT('',#14326);
#4239=VERTEX_POINT('',#14330);
#4240=VERTEX_POINT('',#14334);
#4241=VERTEX_POINT('',#14341);
#4242=VERTEX_POINT('',#14348);
#4243=VERTEX_POINT('',#14358);
#4244=VERTEX_POINT('',#14365);
#4245=VERTEX_POINT('',#14372);
#4246=VERTEX_POINT('',#14379);
#4247=VERTEX_POINT('',#14386);
#4248=VERTEX_POINT('',#14393);
#4249=VERTEX_POINT('',#14400);
#4250=VERTEX_POINT('',#14407);
#4251=VERTEX_POINT('',#14414);
#4252=VERTEX_POINT('',#14421);
#4253=VERTEX_POINT('',#14428);
#4254=VERTEX_POINT('',#14435);
#4255=VERTEX_POINT('',#14436);
#4256=VERTEX_POINT('',#14438);
#4257=VERTEX_POINT('',#14440);
#4258=VERTEX_POINT('',#14442);
#4259=VERTEX_POINT('',#14444);
#4260=VERTEX_POINT('',#14446);
#4261=VERTEX_POINT('',#14448);
#4262=VERTEX_POINT('',#14451);
#4263=VERTEX_POINT('',#14453);
#4264=VERTEX_POINT('',#14455);
#4265=VERTEX_POINT('',#14464);
#4266=VERTEX_POINT('',#14465);
#4267=VERTEX_POINT('',#14467);
#4268=VERTEX_POINT('',#14469);
#4269=VERTEX_POINT('',#14473);
#4270=VERTEX_POINT('',#14475);
#4271=VERTEX_POINT('',#14479);
#4272=VERTEX_POINT('',#14481);
#4273=VERTEX_POINT('',#14485);
#4274=VERTEX_POINT('',#14487);
#4275=VERTEX_POINT('',#14491);
#4276=VERTEX_POINT('',#14493);
#4277=VERTEX_POINT('',#14497);
#4278=VERTEX_POINT('',#14499);
#4279=VERTEX_POINT('',#14503);
#4280=VERTEX_POINT('',#14505);
#4281=VERTEX_POINT('',#14509);
#4282=VERTEX_POINT('',#14511);
#4283=VERTEX_POINT('',#14515);
#4284=VERTEX_POINT('',#14516);
#4285=VERTEX_POINT('',#14518);
#4286=VERTEX_POINT('',#14521);
#4287=VERTEX_POINT('',#14523);
#4288=VERTEX_POINT('',#14525);
#4289=VERTEX_POINT('',#14527);
#4290=VERTEX_POINT('',#14531);
#4291=VERTEX_POINT('',#14532);
#4292=VERTEX_POINT('',#14534);
#4293=VERTEX_POINT('',#14536);
#4294=VERTEX_POINT('',#14540);
#4295=VERTEX_POINT('',#14542);
#4296=VERTEX_POINT('',#14546);
#4297=VERTEX_POINT('',#14548);
#4298=VERTEX_POINT('',#14552);
#4299=VERTEX_POINT('',#14554);
#4300=VERTEX_POINT('',#14558);
#4301=VERTEX_POINT('',#14560);
#4302=VERTEX_POINT('',#14564);
#4303=VERTEX_POINT('',#14566);
#4304=VERTEX_POINT('',#14570);
#4305=VERTEX_POINT('',#14572);
#4306=VERTEX_POINT('',#14576);
#4307=VERTEX_POINT('',#14578);
#4308=VERTEX_POINT('',#14582);
#4309=VERTEX_POINT('',#14583);
#4310=VERTEX_POINT('',#14585);
#4311=VERTEX_POINT('',#14588);
#4312=VERTEX_POINT('',#14590);
#4313=VERTEX_POINT('',#14592);
#4314=VERTEX_POINT('',#14594);
#4315=VERTEX_POINT('',#14601);
#4316=VERTEX_POINT('',#14602);
#4317=VERTEX_POINT('',#14604);
#4318=VERTEX_POINT('',#14606);
#4319=VERTEX_POINT('',#14610);
#4320=VERTEX_POINT('',#14612);
#4321=VERTEX_POINT('',#14616);
#4322=VERTEX_POINT('',#14618);
#4323=VERTEX_POINT('',#14622);
#4324=VERTEX_POINT('',#14624);
#4325=VERTEX_POINT('',#14628);
#4326=VERTEX_POINT('',#14630);
#4327=VERTEX_POINT('',#14634);
#4328=VERTEX_POINT('',#14636);
#4329=VERTEX_POINT('',#14640);
#4330=VERTEX_POINT('',#14642);
#4331=VERTEX_POINT('',#14646);
#4332=VERTEX_POINT('',#14648);
#4333=VERTEX_POINT('',#14652);
#4334=VERTEX_POINT('',#14654);
#4335=VERTEX_POINT('',#14658);
#4336=VERTEX_POINT('',#14660);
#4337=VERTEX_POINT('',#14664);
#4338=VERTEX_POINT('',#14666);
#4339=VERTEX_POINT('',#14670);
#4340=VERTEX_POINT('',#14672);
#4341=VERTEX_POINT('',#14676);
#4342=VERTEX_POINT('',#14678);
#4343=VERTEX_POINT('',#14682);
#4344=VERTEX_POINT('',#14684);
#4345=VERTEX_POINT('',#14688);
#4346=VERTEX_POINT('',#14690);
#4347=VERTEX_POINT('',#14694);
#4348=VERTEX_POINT('',#14696);
#4349=VERTEX_POINT('',#14707);
#4350=VERTEX_POINT('',#14711);
#4351=VERTEX_POINT('',#14715);
#4352=VERTEX_POINT('',#14719);
#4353=VERTEX_POINT('',#14723);
#4354=VERTEX_POINT('',#14727);
#4355=VERTEX_POINT('',#14742);
#4356=VERTEX_POINT('',#14746);
#4357=VERTEX_POINT('',#14750);
#4358=VERTEX_POINT('',#14754);
#4359=VERTEX_POINT('',#14758);
#4360=VERTEX_POINT('',#14762);
#4361=VERTEX_POINT('',#14766);
#4362=VERTEX_POINT('',#14772);
#4363=VERTEX_POINT('',#14776);
#4364=VERTEX_POINT('',#14780);
#4365=VERTEX_POINT('',#14784);
#4366=VERTEX_POINT('',#14788);
#4367=VERTEX_POINT('',#14792);
#4368=VERTEX_POINT('',#14796);
#4369=VERTEX_POINT('',#14809);
#4370=VERTEX_POINT('',#14813);
#4371=VERTEX_POINT('',#14817);
#4372=VERTEX_POINT('',#14821);
#4373=VERTEX_POINT('',#14825);
#4374=VERTEX_POINT('',#14829);
#4375=VERTEX_POINT('',#14833);
#4376=VERTEX_POINT('',#14839);
#4377=VERTEX_POINT('',#14843);
#4378=VERTEX_POINT('',#14847);
#4379=VERTEX_POINT('',#14851);
#4380=VERTEX_POINT('',#14855);
#4381=VERTEX_POINT('',#14859);
#4382=VERTEX_POINT('',#14863);
#4383=VERTEX_POINT('',#14880);
#4384=VERTEX_POINT('',#14882);
#4385=VERTEX_POINT('',#14883);
#4386=VERTEX_POINT('',#14885);
#4387=VERTEX_POINT('',#14887);
#4388=VERTEX_POINT('',#14889);
#4389=VERTEX_POINT('',#14891);
#4390=VERTEX_POINT('',#14893);
#4391=VERTEX_POINT('',#14895);
#4392=VERTEX_POINT('',#14897);
#4393=VERTEX_POINT('',#14899);
#4394=VERTEX_POINT('',#14901);
#4395=VERTEX_POINT('',#14903);
#4396=VERTEX_POINT('',#14905);
#4397=VERTEX_POINT('',#14907);
#4398=VERTEX_POINT('',#14909);
#4399=VERTEX_POINT('',#14911);
#4400=VERTEX_POINT('',#14915);
#4401=VERTEX_POINT('',#14917);
#4402=VERTEX_POINT('',#14921);
#4403=VERTEX_POINT('',#14925);
#4404=VERTEX_POINT('',#14929);
#4405=VERTEX_POINT('',#14933);
#4406=VERTEX_POINT('',#14937);
#4407=VERTEX_POINT('',#14941);
#4408=VERTEX_POINT('',#14945);
#4409=VERTEX_POINT('',#14949);
#4410=VERTEX_POINT('',#14951);
#4411=VERTEX_POINT('',#14952);
#4412=VERTEX_POINT('',#14954);
#4413=VERTEX_POINT('',#14956);
#4414=VERTEX_POINT('',#14958);
#4415=VERTEX_POINT('',#14960);
#4416=VERTEX_POINT('',#14962);
#4417=VERTEX_POINT('',#14984);
#4418=VERTEX_POINT('',#14985);
#4419=VERTEX_POINT('',#14987);
#4420=VERTEX_POINT('',#14989);
#4421=VERTEX_POINT('',#14993);
#4422=VERTEX_POINT('',#14995);
#4423=VERTEX_POINT('',#14999);
#4424=VERTEX_POINT('',#15001);
#4425=VERTEX_POINT('',#15005);
#4426=VERTEX_POINT('',#15007);
#4427=VERTEX_POINT('',#15011);
#4428=VERTEX_POINT('',#15013);
#4429=VERTEX_POINT('',#15017);
#4430=VERTEX_POINT('',#15019);
#4431=VERTEX_POINT('',#15023);
#4432=VERTEX_POINT('',#15025);
#4433=VERTEX_POINT('',#15029);
#4434=VERTEX_POINT('',#15031);
#4435=VERTEX_POINT('',#15035);
#4436=VERTEX_POINT('',#15037);
#4437=VERTEX_POINT('',#15041);
#4438=VERTEX_POINT('',#15043);
#4439=VERTEX_POINT('',#15045);
#4440=VERTEX_POINT('',#15047);
#4441=VERTEX_POINT('',#15049);
#4442=VERTEX_POINT('',#15051);
#4443=VERTEX_POINT('',#15053);
#4444=VERTEX_POINT('',#15057);
#4445=VERTEX_POINT('',#15061);
#4446=VERTEX_POINT('',#15065);
#4447=VERTEX_POINT('',#15069);
#4448=VERTEX_POINT('',#15073);
#4449=VERTEX_POINT('',#15077);
#4450=VERTEX_POINT('',#15081);
#4451=VERTEX_POINT('',#15088);
#4452=VERTEX_POINT('',#15090);
#4453=VERTEX_POINT('',#15091);
#4454=VERTEX_POINT('',#15093);
#4455=VERTEX_POINT('',#15095);
#4456=VERTEX_POINT('',#15097);
#4457=VERTEX_POINT('',#15099);
#4458=VERTEX_POINT('',#15101);
#4459=VERTEX_POINT('',#15103);
#4460=VERTEX_POINT('',#15105);
#4461=VERTEX_POINT('',#15107);
#4462=VERTEX_POINT('',#15109);
#4463=VERTEX_POINT('',#15111);
#4464=VERTEX_POINT('',#15113);
#4465=VERTEX_POINT('',#15115);
#4466=VERTEX_POINT('',#15117);
#4467=VERTEX_POINT('',#15119);
#4468=VERTEX_POINT('',#15123);
#4469=VERTEX_POINT('',#15125);
#4470=VERTEX_POINT('',#15129);
#4471=VERTEX_POINT('',#15133);
#4472=VERTEX_POINT('',#15137);
#4473=VERTEX_POINT('',#15141);
#4474=VERTEX_POINT('',#15145);
#4475=VERTEX_POINT('',#15149);
#4476=VERTEX_POINT('',#15153);
#4477=VERTEX_POINT('',#15157);
#4478=VERTEX_POINT('',#15159);
#4479=VERTEX_POINT('',#15160);
#4480=VERTEX_POINT('',#15162);
#4481=VERTEX_POINT('',#15164);
#4482=VERTEX_POINT('',#15166);
#4483=VERTEX_POINT('',#15168);
#4484=VERTEX_POINT('',#15170);
#4485=VERTEX_POINT('',#15192);
#4486=VERTEX_POINT('',#15193);
#4487=VERTEX_POINT('',#15195);
#4488=VERTEX_POINT('',#15197);
#4489=VERTEX_POINT('',#15201);
#4490=VERTEX_POINT('',#15203);
#4491=VERTEX_POINT('',#15207);
#4492=VERTEX_POINT('',#15209);
#4493=VERTEX_POINT('',#15213);
#4494=VERTEX_POINT('',#15215);
#4495=VERTEX_POINT('',#15219);
#4496=VERTEX_POINT('',#15221);
#4497=VERTEX_POINT('',#15225);
#4498=VERTEX_POINT('',#15227);
#4499=VERTEX_POINT('',#15231);
#4500=VERTEX_POINT('',#15233);
#4501=VERTEX_POINT('',#15237);
#4502=VERTEX_POINT('',#15239);
#4503=VERTEX_POINT('',#15243);
#4504=VERTEX_POINT('',#15245);
#4505=VERTEX_POINT('',#15249);
#4506=VERTEX_POINT('',#15251);
#4507=VERTEX_POINT('',#15253);
#4508=VERTEX_POINT('',#15255);
#4509=VERTEX_POINT('',#15257);
#4510=VERTEX_POINT('',#15259);
#4511=VERTEX_POINT('',#15261);
#4512=VERTEX_POINT('',#15265);
#4513=VERTEX_POINT('',#15269);
#4514=VERTEX_POINT('',#15273);
#4515=VERTEX_POINT('',#15277);
#4516=VERTEX_POINT('',#15281);
#4517=VERTEX_POINT('',#15285);
#4518=VERTEX_POINT('',#15289);
#4519=EDGE_CURVE('',#3693,#3694,#1573,.T.);
#4520=EDGE_CURVE('',#3694,#3695,#1574,.T.);
#4521=EDGE_CURVE('',#3695,#3696,#1575,.T.);
#4522=EDGE_CURVE('',#3696,#3693,#1576,.T.);
#4523=EDGE_CURVE('',#3697,#3698,#1577,.T.);
#4524=EDGE_CURVE('',#3698,#3694,#173,.T.);
#4525=EDGE_CURVE('',#3693,#3697,#174,.T.);
#4526=EDGE_CURVE('',#3699,#3700,#1578,.T.);
#4527=EDGE_CURVE('',#3700,#3698,#1579,.T.);
#4528=EDGE_CURVE('',#3697,#3699,#1580,.T.);
#4529=EDGE_CURVE('',#3701,#3702,#1581,.T.);
#4530=EDGE_CURVE('',#3702,#3700,#175,.T.);
#4531=EDGE_CURVE('',#3699,#3701,#176,.T.);
#4532=EDGE_CURVE('',#3703,#3704,#1582,.T.);
#4533=EDGE_CURVE('',#3704,#3702,#1583,.T.);
#4534=EDGE_CURVE('',#3701,#3703,#1584,.T.);
#4535=EDGE_CURVE('',#3705,#3706,#1585,.T.);
#4536=EDGE_CURVE('',#3706,#3704,#177,.T.);
#4537=EDGE_CURVE('',#3703,#3705,#178,.T.);
#4538=EDGE_CURVE('',#3707,#3708,#1586,.T.);
#4539=EDGE_CURVE('',#3708,#3706,#1587,.T.);
#4540=EDGE_CURVE('',#3705,#3707,#1588,.T.);
#4541=EDGE_CURVE('',#3695,#3708,#179,.T.);
#4542=EDGE_CURVE('',#3707,#3696,#180,.T.);
#4543=EDGE_CURVE('',#3699,#3709,#1589,.T.);
#4544=EDGE_CURVE('',#3710,#3709,#181,.T.);
#4545=EDGE_CURVE('',#3710,#3701,#1590,.T.);
#4546=EDGE_CURVE('',#3711,#3697,#1591,.T.);
#4547=EDGE_CURVE('',#3709,#3711,#1592,.T.);
#4548=EDGE_CURVE('',#3693,#3712,#1593,.T.);
#4549=EDGE_CURVE('',#3711,#3712,#182,.T.);
#4550=EDGE_CURVE('',#3713,#3696,#1594,.T.);
#4551=EDGE_CURVE('',#3712,#3713,#1595,.T.);
#4552=EDGE_CURVE('',#3714,#3715,#1596,.T.);
#4553=EDGE_CURVE('',#3716,#3714,#183,.T.);
#4554=EDGE_CURVE('',#3717,#3716,#184,.T.);
#4555=EDGE_CURVE('',#3718,#3717,#1597,.T.);
#4556=EDGE_CURVE('',#3719,#3718,#185,.T.);
#4557=EDGE_CURVE('',#3720,#3719,#1598,.T.);
#4558=EDGE_CURVE('',#3721,#3720,#186,.T.);
#4559=EDGE_CURVE('',#3722,#3721,#1599,.T.);
#4560=EDGE_CURVE('',#3723,#3722,#187,.T.);
#4561=EDGE_CURVE('',#3724,#3723,#188,.T.);
#4562=EDGE_CURVE('',#3725,#3724,#1600,.T.);
#4563=EDGE_CURVE('',#3726,#3725,#189,.T.);
#4564=EDGE_CURVE('',#3727,#3726,#190,.T.);
#4565=EDGE_CURVE('',#3728,#3727,#1601,.T.);
#4566=EDGE_CURVE('',#3729,#3728,#191,.T.);
#4567=EDGE_CURVE('',#3730,#3729,#1602,.T.);
#4568=EDGE_CURVE('',#3731,#3730,#192,.T.);
#4569=EDGE_CURVE('',#3732,#3731,#1603,.T.);
#4570=EDGE_CURVE('',#3733,#3732,#193,.T.);
#4571=EDGE_CURVE('',#3715,#3733,#194,.T.);
#4572=EDGE_CURVE('',#3734,#3735,#1604,.T.);
#4573=EDGE_CURVE('',#3736,#3734,#195,.T.);
#4574=EDGE_CURVE('',#3737,#3736,#1605,.T.);
#4575=EDGE_CURVE('',#3738,#3737,#196,.T.);
#4576=EDGE_CURVE('',#3739,#3738,#1606,.T.);
#4577=EDGE_CURVE('',#3740,#3739,#197,.T.);
#4578=EDGE_CURVE('',#3741,#3740,#1607,.T.);
#4579=EDGE_CURVE('',#3735,#3741,#198,.T.);
#4580=EDGE_CURVE('',#3742,#3743,#1608,.T.);
#4581=EDGE_CURVE('',#3744,#3742,#199,.T.);
#4582=EDGE_CURVE('',#3745,#3744,#1609,.T.);
#4583=EDGE_CURVE('',#3746,#3745,#200,.T.);
#4584=EDGE_CURVE('',#3747,#3746,#1610,.T.);
#4585=EDGE_CURVE('',#3748,#3747,#201,.T.);
#4586=EDGE_CURVE('',#3749,#3748,#1611,.T.);
#4587=EDGE_CURVE('',#3743,#3749,#202,.T.);
#4588=EDGE_CURVE('',#3750,#3751,#203,.F.);
#4589=EDGE_CURVE('',#3751,#3752,#1612,.T.);
#4590=EDGE_CURVE('',#3752,#3753,#204,.F.);
#4591=EDGE_CURVE('',#3753,#3754,#1613,.T.);
#4592=EDGE_CURVE('',#3754,#3755,#205,.F.);
#4593=EDGE_CURVE('',#3755,#3756,#1614,.F.);
#4594=EDGE_CURVE('',#3756,#3757,#206,.F.);
#4595=EDGE_CURVE('',#3757,#3750,#1615,.F.);
#4596=EDGE_CURVE('',#3758,#3759,#207,.F.);
#4597=EDGE_CURVE('',#3759,#3760,#1616,.T.);
#4598=EDGE_CURVE('',#3760,#3761,#208,.F.);
#4599=EDGE_CURVE('',#3761,#3762,#1617,.T.);
#4600=EDGE_CURVE('',#3762,#3763,#209,.F.);
#4601=EDGE_CURVE('',#3763,#3764,#1618,.F.);
#4602=EDGE_CURVE('',#3764,#3765,#210,.F.);
#4603=EDGE_CURVE('',#3765,#3758,#1619,.F.);
#4604=EDGE_CURVE('',#3766,#3767,#1620,.T.);
#4605=EDGE_CURVE('',#3768,#3766,#211,.T.);
#4606=EDGE_CURVE('',#3769,#3768,#1621,.T.);
#4607=EDGE_CURVE('',#3770,#3769,#212,.T.);
#4608=EDGE_CURVE('',#3771,#3770,#1622,.T.);
#4609=EDGE_CURVE('',#3772,#3771,#213,.T.);
#4610=EDGE_CURVE('',#3773,#3772,#1623,.T.);
#4611=EDGE_CURVE('',#3767,#3773,#214,.T.);
#4612=EDGE_CURVE('',#3774,#3734,#1624,.T.);
#4613=EDGE_CURVE('',#3735,#3775,#1625,.T.);
#4614=EDGE_CURVE('',#3775,#3774,#1626,.T.);
#4615=EDGE_CURVE('',#3776,#3736,#1627,.T.);
#4616=EDGE_CURVE('',#3774,#3776,#215,.T.);
#4617=EDGE_CURVE('',#3777,#3737,#1628,.T.);
#4618=EDGE_CURVE('',#3776,#3777,#1629,.T.);
#4619=EDGE_CURVE('',#3778,#3738,#1630,.T.);
#4620=EDGE_CURVE('',#3777,#3778,#216,.T.);
#4621=EDGE_CURVE('',#3779,#3739,#1631,.T.);
#4622=EDGE_CURVE('',#3778,#3779,#1632,.T.);
#4623=EDGE_CURVE('',#3780,#3740,#1633,.T.);
#4624=EDGE_CURVE('',#3779,#3780,#217,.T.);
#4625=EDGE_CURVE('',#3781,#3741,#1634,.T.);
#4626=EDGE_CURVE('',#3780,#3781,#1635,.T.);
#4627=EDGE_CURVE('',#3781,#3775,#218,.T.);
#4628=EDGE_CURVE('',#3777,#3782,#1636,.T.);
#4629=EDGE_CURVE('',#3783,#3782,#219,.T.);
#4630=EDGE_CURVE('',#3783,#3778,#1637,.T.);
#4631=EDGE_CURVE('',#3784,#3776,#1638,.T.);
#4632=EDGE_CURVE('',#3782,#3784,#1639,.T.);
#4633=EDGE_CURVE('',#3774,#3785,#1640,.T.);
#4634=EDGE_CURVE('',#3784,#3785,#220,.T.);
#4635=EDGE_CURVE('',#3786,#3775,#1641,.T.);
#4636=EDGE_CURVE('',#3785,#3786,#1642,.T.);
#4637=EDGE_CURVE('',#3787,#3766,#1643,.T.);
#4638=EDGE_CURVE('',#3767,#3788,#1644,.T.);
#4639=EDGE_CURVE('',#3788,#3787,#1645,.T.);
#4640=EDGE_CURVE('',#3789,#3768,#1646,.T.);
#4641=EDGE_CURVE('',#3787,#3789,#221,.T.);
#4642=EDGE_CURVE('',#3790,#3769,#1647,.T.);
#4643=EDGE_CURVE('',#3789,#3790,#1648,.T.);
#4644=EDGE_CURVE('',#3791,#3770,#1649,.T.);
#4645=EDGE_CURVE('',#3790,#3791,#222,.T.);
#4646=EDGE_CURVE('',#3792,#3771,#1650,.T.);
#4647=EDGE_CURVE('',#3791,#3792,#1651,.T.);
#4648=EDGE_CURVE('',#3793,#3772,#1652,.T.);
#4649=EDGE_CURVE('',#3792,#3793,#223,.T.);
#4650=EDGE_CURVE('',#3794,#3773,#1653,.T.);
#4651=EDGE_CURVE('',#3793,#3794,#1654,.T.);
#4652=EDGE_CURVE('',#3794,#3788,#224,.T.);
#4653=EDGE_CURVE('',#3790,#3795,#1655,.T.);
#4654=EDGE_CURVE('',#3796,#3795,#225,.T.);
#4655=EDGE_CURVE('',#3796,#3791,#1656,.T.);
#4656=EDGE_CURVE('',#3797,#3789,#1657,.T.);
#4657=EDGE_CURVE('',#3795,#3797,#1658,.T.);
#4658=EDGE_CURVE('',#3787,#3798,#1659,.T.);
#4659=EDGE_CURVE('',#3797,#3798,#226,.T.);
#4660=EDGE_CURVE('',#3799,#3788,#1660,.T.);
#4661=EDGE_CURVE('',#3798,#3799,#1661,.T.);
#4662=EDGE_CURVE('',#3800,#3742,#1662,.T.);
#4663=EDGE_CURVE('',#3743,#3801,#1663,.T.);
#4664=EDGE_CURVE('',#3801,#3800,#1664,.T.);
#4665=EDGE_CURVE('',#3802,#3744,#1665,.T.);
#4666=EDGE_CURVE('',#3800,#3802,#227,.T.);
#4667=EDGE_CURVE('',#3803,#3745,#1666,.T.);
#4668=EDGE_CURVE('',#3802,#3803,#1667,.T.);
#4669=EDGE_CURVE('',#3804,#3746,#1668,.T.);
#4670=EDGE_CURVE('',#3803,#3804,#228,.T.);
#4671=EDGE_CURVE('',#3805,#3747,#1669,.T.);
#4672=EDGE_CURVE('',#3804,#3805,#1670,.T.);
#4673=EDGE_CURVE('',#3806,#3748,#1671,.T.);
#4674=EDGE_CURVE('',#3805,#3806,#229,.T.);
#4675=EDGE_CURVE('',#3807,#3749,#1672,.T.);
#4676=EDGE_CURVE('',#3806,#3807,#1673,.T.);
#4677=EDGE_CURVE('',#3807,#3801,#230,.T.);
#4678=EDGE_CURVE('',#3803,#3808,#1674,.T.);
#4679=EDGE_CURVE('',#3809,#3808,#231,.T.);
#4680=EDGE_CURVE('',#3809,#3804,#1675,.T.);
#4681=EDGE_CURVE('',#3810,#3802,#1676,.T.);
#4682=EDGE_CURVE('',#3808,#3810,#1677,.T.);
#4683=EDGE_CURVE('',#3800,#3811,#1678,.T.);
#4684=EDGE_CURVE('',#3810,#3811,#232,.T.);
#4685=EDGE_CURVE('',#3812,#3801,#1679,.T.);
#4686=EDGE_CURVE('',#3811,#3812,#1680,.T.);
#4687=EDGE_CURVE('',#3813,#3714,#1681,.T.);
#4688=EDGE_CURVE('',#3715,#3814,#1682,.T.);
#4689=EDGE_CURVE('',#3814,#3813,#1683,.T.);
#4690=EDGE_CURVE('',#3815,#3716,#1684,.T.);
#4691=EDGE_CURVE('',#3813,#3815,#233,.T.);
#4692=EDGE_CURVE('',#3816,#3717,#1685,.T.);
#4693=EDGE_CURVE('',#3815,#3816,#234,.T.);
#4694=EDGE_CURVE('',#3817,#3718,#1686,.T.);
#4695=EDGE_CURVE('',#3816,#3817,#1687,.T.);
#4696=EDGE_CURVE('',#3818,#3719,#1688,.T.);
#4697=EDGE_CURVE('',#3817,#3818,#235,.T.);
#4698=EDGE_CURVE('',#3819,#3720,#1689,.T.);
#4699=EDGE_CURVE('',#3818,#3819,#1690,.T.);
#4700=EDGE_CURVE('',#3820,#3721,#1691,.T.);
#4701=EDGE_CURVE('',#3819,#3820,#236,.T.);
#4702=EDGE_CURVE('',#3821,#3722,#1692,.T.);
#4703=EDGE_CURVE('',#3820,#3821,#1693,.T.);
#4704=EDGE_CURVE('',#3822,#3723,#1694,.T.);
#4705=EDGE_CURVE('',#3821,#3822,#237,.T.);
#4706=EDGE_CURVE('',#3823,#3724,#1695,.T.);
#4707=EDGE_CURVE('',#3822,#3823,#238,.T.);
#4708=EDGE_CURVE('',#3824,#3725,#1696,.T.);
#4709=EDGE_CURVE('',#3823,#3824,#1697,.T.);
#4710=EDGE_CURVE('',#3825,#3726,#1698,.T.);
#4711=EDGE_CURVE('',#3824,#3825,#239,.T.);
#4712=EDGE_CURVE('',#3826,#3727,#1699,.T.);
#4713=EDGE_CURVE('',#3825,#3826,#240,.T.);
#4714=EDGE_CURVE('',#3827,#3728,#1700,.T.);
#4715=EDGE_CURVE('',#3826,#3827,#1701,.T.);
#4716=EDGE_CURVE('',#3828,#3729,#1702,.T.);
#4717=EDGE_CURVE('',#3827,#3828,#241,.T.);
#4718=EDGE_CURVE('',#3829,#3730,#1703,.T.);
#4719=EDGE_CURVE('',#3828,#3829,#1704,.T.);
#4720=EDGE_CURVE('',#3830,#3731,#1705,.T.);
#4721=EDGE_CURVE('',#3829,#3830,#242,.T.);
#4722=EDGE_CURVE('',#3831,#3732,#1706,.T.);
#4723=EDGE_CURVE('',#3830,#3831,#1707,.T.);
#4724=EDGE_CURVE('',#3832,#3733,#1708,.T.);
#4725=EDGE_CURVE('',#3831,#3832,#243,.T.);
#4726=EDGE_CURVE('',#3832,#3814,#244,.T.);
#4727=EDGE_CURVE('',#3822,#3833,#1709,.T.);
#4728=EDGE_CURVE('',#3834,#3833,#245,.T.);
#4729=EDGE_CURVE('',#3834,#3823,#1710,.T.);
#4730=EDGE_CURVE('',#3835,#3821,#1711,.T.);
#4731=EDGE_CURVE('',#3833,#3835,#246,.T.);
#4732=EDGE_CURVE('',#3820,#3836,#1712,.T.);
#4733=EDGE_CURVE('',#3835,#3836,#1713,.T.);
#4734=EDGE_CURVE('',#3837,#3819,#1714,.T.);
#4735=EDGE_CURVE('',#3836,#3837,#247,.T.);
#4736=EDGE_CURVE('',#3818,#3838,#1715,.T.);
#4737=EDGE_CURVE('',#3837,#3838,#1716,.T.);
#4738=EDGE_CURVE('',#3839,#3817,#1717,.T.);
#4739=EDGE_CURVE('',#3838,#3839,#248,.T.);
#4740=EDGE_CURVE('',#3816,#3840,#1718,.T.);
#4741=EDGE_CURVE('',#3839,#3840,#1719,.T.);
#4742=EDGE_CURVE('',#3841,#3815,#1720,.T.);
#4743=EDGE_CURVE('',#3840,#3841,#249,.T.);
#4744=EDGE_CURVE('',#3813,#3842,#1721,.T.);
#4745=EDGE_CURVE('',#3841,#3842,#250,.T.);
#4746=EDGE_CURVE('',#3843,#3814,#1722,.T.);
#4747=EDGE_CURVE('',#3842,#3843,#1723,.T.);
#4748=EDGE_CURVE('',#3809,#3844,#1724,.T.);
#4749=EDGE_CURVE('',#3844,#3845,#1725,.T.);
#4750=EDGE_CURVE('',#3845,#3846,#1726,.T.);
#4751=EDGE_CURVE('',#3846,#3809,#1727,.T.);
#4752=EDGE_CURVE('',#3808,#3847,#1728,.T.);
#4753=EDGE_CURVE('',#3847,#3844,#251,.T.);
#4754=EDGE_CURVE('',#3810,#3848,#1729,.T.);
#4755=EDGE_CURVE('',#3848,#3847,#1730,.T.);
#4756=EDGE_CURVE('',#3811,#3849,#1731,.T.);
#4757=EDGE_CURVE('',#3849,#3848,#252,.T.);
#4758=EDGE_CURVE('',#3812,#3850,#1732,.T.);
#4759=EDGE_CURVE('',#3850,#3849,#1733,.T.);
#4760=EDGE_CURVE('',#3851,#3852,#1734,.T.);
#4761=EDGE_CURVE('',#3852,#3850,#253,.T.);
#4762=EDGE_CURVE('',#3812,#3851,#254,.T.);
#4763=EDGE_CURVE('',#3853,#3854,#1735,.T.);
#4764=EDGE_CURVE('',#3854,#3852,#1736,.T.);
#4765=EDGE_CURVE('',#3851,#3853,#1737,.T.);
#4766=EDGE_CURVE('',#3845,#3854,#255,.T.);
#4767=EDGE_CURVE('',#3853,#3846,#256,.T.);
#4768=EDGE_CURVE('',#3805,#3846,#1738,.T.);
#4769=EDGE_CURVE('',#3855,#3856,#1739,.T.);
#4770=EDGE_CURVE('',#3857,#3855,#257,.T.);
#4771=EDGE_CURVE('',#3858,#3857,#258,.T.);
#4772=EDGE_CURVE('',#3859,#3858,#1740,.T.);
#4773=EDGE_CURVE('',#3860,#3859,#259,.T.);
#4774=EDGE_CURVE('',#3861,#3860,#1741,.T.);
#4775=EDGE_CURVE('',#3862,#3861,#260,.T.);
#4776=EDGE_CURVE('',#3863,#3862,#1742,.T.);
#4777=EDGE_CURVE('',#3864,#3863,#261,.T.);
#4778=EDGE_CURVE('',#3865,#3864,#262,.T.);
#4779=EDGE_CURVE('',#3866,#3865,#1743,.T.);
#4780=EDGE_CURVE('',#3867,#3866,#263,.T.);
#4781=EDGE_CURVE('',#3868,#3867,#264,.T.);
#4782=EDGE_CURVE('',#3869,#3868,#1744,.T.);
#4783=EDGE_CURVE('',#3870,#3869,#265,.T.);
#4784=EDGE_CURVE('',#3871,#3870,#1745,.T.);
#4785=EDGE_CURVE('',#3872,#3871,#266,.T.);
#4786=EDGE_CURVE('',#3873,#3872,#1746,.T.);
#4787=EDGE_CURVE('',#3874,#3873,#267,.T.);
#4788=EDGE_CURVE('',#3856,#3874,#268,.T.);
#4789=EDGE_CURVE('',#3875,#3876,#1747,.T.);
#4790=EDGE_CURVE('',#3877,#3875,#269,.T.);
#4791=EDGE_CURVE('',#3878,#3877,#1748,.T.);
#4792=EDGE_CURVE('',#3879,#3878,#270,.T.);
#4793=EDGE_CURVE('',#3880,#3879,#1749,.T.);
#4794=EDGE_CURVE('',#3881,#3880,#271,.T.);
#4795=EDGE_CURVE('',#3882,#3881,#1750,.T.);
#4796=EDGE_CURVE('',#3876,#3882,#272,.T.);
#4797=EDGE_CURVE('',#3883,#3884,#1751,.T.);
#4798=EDGE_CURVE('',#3885,#3883,#273,.T.);
#4799=EDGE_CURVE('',#3886,#3885,#1752,.T.);
#4800=EDGE_CURVE('',#3887,#3886,#274,.T.);
#4801=EDGE_CURVE('',#3888,#3887,#1753,.T.);
#4802=EDGE_CURVE('',#3889,#3888,#275,.T.);
#4803=EDGE_CURVE('',#3890,#3889,#1754,.T.);
#4804=EDGE_CURVE('',#3884,#3890,#276,.T.);
#4805=EDGE_CURVE('',#3891,#3892,#1755,.F.);
#4806=EDGE_CURVE('',#3892,#3893,#1756,.F.);
#4807=EDGE_CURVE('',#3893,#3894,#1757,.F.);
#4808=EDGE_CURVE('',#3894,#3891,#1758,.T.);
#4809=EDGE_CURVE('',#3895,#3896,#1759,.F.);
#4810=EDGE_CURVE('',#3896,#3897,#1760,.F.);
#4811=EDGE_CURVE('',#3897,#3898,#1761,.F.);
#4812=EDGE_CURVE('',#3898,#3895,#1762,.T.);
#4813=EDGE_CURVE('',#3899,#3900,#1763,.F.);
#4814=EDGE_CURVE('',#3900,#3901,#1764,.F.);
#4815=EDGE_CURVE('',#3901,#3902,#1765,.F.);
#4816=EDGE_CURVE('',#3902,#3899,#1766,.T.);
#4817=EDGE_CURVE('',#3903,#3904,#1767,.F.);
#4818=EDGE_CURVE('',#3904,#3905,#1768,.F.);
#4819=EDGE_CURVE('',#3905,#3906,#1769,.F.);
#4820=EDGE_CURVE('',#3906,#3903,#1770,.T.);
#4821=EDGE_CURVE('',#3907,#3908,#1771,.F.);
#4822=EDGE_CURVE('',#3908,#3909,#1772,.F.);
#4823=EDGE_CURVE('',#3909,#3910,#1773,.F.);
#4824=EDGE_CURVE('',#3910,#3907,#1774,.T.);
#4825=EDGE_CURVE('',#3911,#3912,#1775,.F.);
#4826=EDGE_CURVE('',#3912,#3913,#1776,.F.);
#4827=EDGE_CURVE('',#3913,#3914,#1777,.F.);
#4828=EDGE_CURVE('',#3914,#3911,#1778,.T.);
#4829=EDGE_CURVE('',#3915,#3916,#1779,.F.);
#4830=EDGE_CURVE('',#3916,#3917,#1780,.F.);
#4831=EDGE_CURVE('',#3917,#3918,#1781,.F.);
#4832=EDGE_CURVE('',#3918,#3915,#1782,.T.);
#4833=EDGE_CURVE('',#3919,#3920,#1783,.F.);
#4834=EDGE_CURVE('',#3920,#3921,#1784,.F.);
#4835=EDGE_CURVE('',#3921,#3922,#1785,.F.);
#4836=EDGE_CURVE('',#3922,#3919,#1786,.T.);
#4837=EDGE_CURVE('',#3923,#3924,#1787,.F.);
#4838=EDGE_CURVE('',#3924,#3925,#1788,.F.);
#4839=EDGE_CURVE('',#3925,#3926,#1789,.F.);
#4840=EDGE_CURVE('',#3926,#3923,#1790,.T.);
#4841=EDGE_CURVE('',#3927,#3928,#1791,.F.);
#4842=EDGE_CURVE('',#3928,#3929,#1792,.F.);
#4843=EDGE_CURVE('',#3929,#3930,#1793,.F.);
#4844=EDGE_CURVE('',#3930,#3927,#1794,.T.);
#4845=EDGE_CURVE('',#3931,#3932,#1795,.F.);
#4846=EDGE_CURVE('',#3932,#3933,#1796,.F.);
#4847=EDGE_CURVE('',#3933,#3934,#1797,.F.);
#4848=EDGE_CURVE('',#3934,#3931,#1798,.T.);
#4849=EDGE_CURVE('',#3935,#3936,#1799,.F.);
#4850=EDGE_CURVE('',#3936,#3937,#1800,.F.);
#4851=EDGE_CURVE('',#3937,#3938,#1801,.F.);
#4852=EDGE_CURVE('',#3938,#3935,#1802,.T.);
#4853=EDGE_CURVE('',#3939,#3940,#1803,.F.);
#4854=EDGE_CURVE('',#3940,#3941,#1804,.F.);
#4855=EDGE_CURVE('',#3941,#3942,#1805,.F.);
#4856=EDGE_CURVE('',#3942,#3939,#1806,.T.);
#4857=EDGE_CURVE('',#3943,#3944,#1807,.F.);
#4858=EDGE_CURVE('',#3944,#3945,#1808,.F.);
#4859=EDGE_CURVE('',#3945,#3946,#1809,.F.);
#4860=EDGE_CURVE('',#3946,#3943,#1810,.T.);
#4861=EDGE_CURVE('',#3947,#3948,#1811,.F.);
#4862=EDGE_CURVE('',#3948,#3949,#1812,.F.);
#4863=EDGE_CURVE('',#3949,#3950,#1813,.F.);
#4864=EDGE_CURVE('',#3950,#3947,#1814,.T.);
#4865=EDGE_CURVE('',#3951,#3952,#1815,.F.);
#4866=EDGE_CURVE('',#3952,#3953,#1816,.F.);
#4867=EDGE_CURVE('',#3953,#3954,#1817,.F.);
#4868=EDGE_CURVE('',#3954,#3951,#1818,.T.);
#4869=EDGE_CURVE('',#3955,#3956,#1819,.F.);
#4870=EDGE_CURVE('',#3956,#3957,#1820,.T.);
#4871=EDGE_CURVE('',#3957,#3958,#1821,.F.);
#4872=EDGE_CURVE('',#3958,#3955,#1822,.F.);
#4873=EDGE_CURVE('',#3959,#3960,#1823,.F.);
#4874=EDGE_CURVE('',#3960,#3961,#1824,.F.);
#4875=EDGE_CURVE('',#3961,#3962,#1825,.F.);
#4876=EDGE_CURVE('',#3962,#3959,#1826,.T.);
#4877=EDGE_CURVE('',#3963,#3964,#1827,.F.);
#4878=EDGE_CURVE('',#3964,#3965,#1828,.F.);
#4879=EDGE_CURVE('',#3965,#3966,#1829,.F.);
#4880=EDGE_CURVE('',#3966,#3963,#1830,.T.);
#4881=EDGE_CURVE('',#3967,#3968,#1831,.F.);
#4882=EDGE_CURVE('',#3968,#3969,#1832,.F.);
#4883=EDGE_CURVE('',#3969,#3970,#1833,.F.);
#4884=EDGE_CURVE('',#3970,#3967,#1834,.T.);
#4885=EDGE_CURVE('',#3971,#3972,#1835,.F.);
#4886=EDGE_CURVE('',#3972,#3973,#1836,.F.);
#4887=EDGE_CURVE('',#3973,#3974,#1837,.F.);
#4888=EDGE_CURVE('',#3974,#3971,#1838,.T.);
#4889=EDGE_CURVE('',#3975,#3976,#1839,.F.);
#4890=EDGE_CURVE('',#3976,#3977,#1840,.F.);
#4891=EDGE_CURVE('',#3977,#3978,#1841,.F.);
#4892=EDGE_CURVE('',#3978,#3975,#1842,.T.);
#4893=EDGE_CURVE('',#3979,#3980,#1843,.F.);
#4894=EDGE_CURVE('',#3980,#3981,#1844,.F.);
#4895=EDGE_CURVE('',#3981,#3982,#1845,.F.);
#4896=EDGE_CURVE('',#3982,#3979,#1846,.T.);
#4897=EDGE_CURVE('',#3983,#3984,#1847,.F.);
#4898=EDGE_CURVE('',#3984,#3985,#1848,.F.);
#4899=EDGE_CURVE('',#3985,#3986,#1849,.F.);
#4900=EDGE_CURVE('',#3986,#3983,#1850,.T.);
#4901=EDGE_CURVE('',#3987,#3988,#1851,.F.);
#4902=EDGE_CURVE('',#3988,#3989,#1852,.F.);
#4903=EDGE_CURVE('',#3989,#3990,#1853,.F.);
#4904=EDGE_CURVE('',#3990,#3987,#1854,.T.);
#4905=EDGE_CURVE('',#3991,#3992,#1855,.F.);
#4906=EDGE_CURVE('',#3992,#3993,#1856,.F.);
#4907=EDGE_CURVE('',#3993,#3994,#1857,.F.);
#4908=EDGE_CURVE('',#3994,#3991,#1858,.T.);
#4909=EDGE_CURVE('',#3995,#3996,#1859,.F.);
#4910=EDGE_CURVE('',#3996,#3997,#1860,.T.);
#4911=EDGE_CURVE('',#3997,#3998,#1861,.F.);
#4912=EDGE_CURVE('',#3998,#3995,#1862,.F.);
#4913=EDGE_CURVE('',#3999,#4000,#1863,.F.);
#4914=EDGE_CURVE('',#4000,#4001,#1864,.F.);
#4915=EDGE_CURVE('',#4001,#4002,#1865,.F.);
#4916=EDGE_CURVE('',#4002,#3999,#1866,.T.);
#4917=EDGE_CURVE('',#4003,#4004,#1867,.F.);
#4918=EDGE_CURVE('',#4004,#4005,#1868,.F.);
#4919=EDGE_CURVE('',#4005,#4006,#1869,.F.);
#4920=EDGE_CURVE('',#4006,#4003,#1870,.T.);
#4921=EDGE_CURVE('',#4007,#4008,#1871,.F.);
#4922=EDGE_CURVE('',#4008,#4009,#1872,.F.);
#4923=EDGE_CURVE('',#4009,#4010,#1873,.F.);
#4924=EDGE_CURVE('',#4010,#4007,#1874,.T.);
#4925=EDGE_CURVE('',#4011,#4012,#1875,.T.);
#4926=EDGE_CURVE('',#4013,#4011,#277,.T.);
#4927=EDGE_CURVE('',#4014,#4013,#1876,.T.);
#4928=EDGE_CURVE('',#4015,#4014,#278,.T.);
#4929=EDGE_CURVE('',#4016,#4015,#1877,.T.);
#4930=EDGE_CURVE('',#4017,#4016,#279,.T.);
#4931=EDGE_CURVE('',#4018,#4017,#1878,.T.);
#4932=EDGE_CURVE('',#4012,#4018,#280,.T.);
#4933=EDGE_CURVE('',#3799,#3875,#1879,.T.);
#4934=EDGE_CURVE('',#3876,#3798,#1880,.T.);
#4935=EDGE_CURVE('',#4019,#3877,#1881,.T.);
#4936=EDGE_CURVE('',#3799,#4019,#281,.T.);
#4937=EDGE_CURVE('',#4020,#3878,#1882,.T.);
#4938=EDGE_CURVE('',#4019,#4020,#1883,.T.);
#4939=EDGE_CURVE('',#4021,#3879,#1884,.T.);
#4940=EDGE_CURVE('',#4020,#4021,#282,.T.);
#4941=EDGE_CURVE('',#3796,#3880,#1885,.T.);
#4942=EDGE_CURVE('',#4021,#3796,#1886,.T.);
#4943=EDGE_CURVE('',#3795,#3881,#1887,.T.);
#4944=EDGE_CURVE('',#3797,#3882,#1888,.T.);
#4945=EDGE_CURVE('',#3792,#4021,#1889,.T.);
#4946=EDGE_CURVE('',#4020,#3793,#1890,.T.);
#4947=EDGE_CURVE('',#3794,#4019,#1891,.T.);
#4948=EDGE_CURVE('',#3786,#4011,#1892,.T.);
#4949=EDGE_CURVE('',#4012,#3785,#1893,.T.);
#4950=EDGE_CURVE('',#4022,#4013,#1894,.T.);
#4951=EDGE_CURVE('',#3786,#4022,#283,.T.);
#4952=EDGE_CURVE('',#4023,#4014,#1895,.T.);
#4953=EDGE_CURVE('',#4022,#4023,#1896,.T.);
#4954=EDGE_CURVE('',#4024,#4015,#1897,.T.);
#4955=EDGE_CURVE('',#4023,#4024,#284,.T.);
#4956=EDGE_CURVE('',#3783,#4016,#1898,.T.);
#4957=EDGE_CURVE('',#4024,#3783,#1899,.T.);
#4958=EDGE_CURVE('',#3782,#4017,#1900,.T.);
#4959=EDGE_CURVE('',#3784,#4018,#1901,.T.);
#4960=EDGE_CURVE('',#3779,#4024,#1902,.T.);
#4961=EDGE_CURVE('',#4023,#3780,#1903,.T.);
#4962=EDGE_CURVE('',#3781,#4022,#1904,.T.);
#4963=EDGE_CURVE('',#3713,#3883,#1905,.T.);
#4964=EDGE_CURVE('',#3884,#3712,#1906,.T.);
#4965=EDGE_CURVE('',#4025,#3885,#1907,.T.);
#4966=EDGE_CURVE('',#3713,#4025,#285,.T.);
#4967=EDGE_CURVE('',#4026,#3886,#1908,.T.);
#4968=EDGE_CURVE('',#4025,#4026,#1909,.T.);
#4969=EDGE_CURVE('',#4027,#3887,#1910,.T.);
#4970=EDGE_CURVE('',#4026,#4027,#286,.T.);
#4971=EDGE_CURVE('',#3710,#3888,#1911,.T.);
#4972=EDGE_CURVE('',#4027,#3710,#1912,.T.);
#4973=EDGE_CURVE('',#3709,#3889,#1913,.T.);
#4974=EDGE_CURVE('',#3711,#3890,#1914,.T.);
#4975=EDGE_CURVE('',#3703,#4027,#1915,.T.);
#4976=EDGE_CURVE('',#4026,#3705,#1916,.T.);
#4977=EDGE_CURVE('',#3707,#4025,#1917,.T.);
#4978=EDGE_CURVE('',#3834,#3855,#1918,.T.);
#4979=EDGE_CURVE('',#3856,#4028,#1919,.T.);
#4980=EDGE_CURVE('',#4028,#3834,#1920,.T.);
#4981=EDGE_CURVE('',#3833,#3857,#1921,.T.);
#4982=EDGE_CURVE('',#3835,#3858,#1922,.T.);
#4983=EDGE_CURVE('',#3836,#3859,#1923,.T.);
#4984=EDGE_CURVE('',#3837,#3860,#1924,.T.);
#4985=EDGE_CURVE('',#3838,#3861,#1925,.T.);
#4986=EDGE_CURVE('',#3839,#3862,#1926,.T.);
#4987=EDGE_CURVE('',#3840,#3863,#1927,.T.);
#4988=EDGE_CURVE('',#3841,#3864,#1928,.T.);
#4989=EDGE_CURVE('',#3842,#3865,#1929,.T.);
#4990=EDGE_CURVE('',#3843,#3866,#1930,.T.);
#4991=EDGE_CURVE('',#4029,#3867,#1931,.T.);
#4992=EDGE_CURVE('',#3843,#4029,#287,.T.);
#4993=EDGE_CURVE('',#4030,#3868,#1932,.T.);
#4994=EDGE_CURVE('',#4029,#4030,#288,.T.);
#4995=EDGE_CURVE('',#4031,#3869,#1933,.T.);
#4996=EDGE_CURVE('',#4030,#4031,#1934,.T.);
#4997=EDGE_CURVE('',#4032,#3870,#1935,.T.);
#4998=EDGE_CURVE('',#4031,#4032,#289,.T.);
#4999=EDGE_CURVE('',#4033,#3871,#1936,.T.);
#5000=EDGE_CURVE('',#4032,#4033,#1937,.T.);
#5001=EDGE_CURVE('',#4034,#3872,#1938,.T.);
#5002=EDGE_CURVE('',#4033,#4034,#290,.T.);
#5003=EDGE_CURVE('',#4035,#3873,#1939,.T.);
#5004=EDGE_CURVE('',#4034,#4035,#1940,.T.);
#5005=EDGE_CURVE('',#4036,#3874,#1941,.T.);
#5006=EDGE_CURVE('',#4035,#4036,#291,.T.);
#5007=EDGE_CURVE('',#4036,#4028,#292,.T.);
#5008=EDGE_CURVE('',#3824,#4028,#1942,.T.);
#5009=EDGE_CURVE('',#3853,#3806,#1943,.T.);
#5010=EDGE_CURVE('',#4034,#3827,#1944,.T.);
#5011=EDGE_CURVE('',#3828,#4033,#1945,.T.);
#5012=EDGE_CURVE('',#4008,#4037,#1946,.T.);
#5013=EDGE_CURVE('',#4037,#4038,#1947,.T.);
#5014=EDGE_CURVE('',#4038,#4009,#1948,.T.);
#5015=EDGE_CURVE('',#4007,#4039,#1949,.T.);
#5016=EDGE_CURVE('',#4037,#4039,#1950,.T.);
#5017=EDGE_CURVE('',#4004,#4040,#1951,.T.);
#5018=EDGE_CURVE('',#4040,#4041,#1952,.T.);
#5019=EDGE_CURVE('',#4041,#4005,#1953,.T.);
#5020=EDGE_CURVE('',#4003,#4042,#1954,.T.);
#5021=EDGE_CURVE('',#4040,#4042,#1955,.T.);
#5022=EDGE_CURVE('',#4000,#4043,#1956,.T.);
#5023=EDGE_CURVE('',#4043,#4044,#1957,.T.);
#5024=EDGE_CURVE('',#4044,#4001,#1958,.T.);
#5025=EDGE_CURVE('',#3999,#4045,#1959,.T.);
#5026=EDGE_CURVE('',#4043,#4045,#1960,.T.);
#5027=EDGE_CURVE('',#4046,#3996,#1961,.T.);
#5028=EDGE_CURVE('',#4047,#4046,#1962,.T.);
#5029=EDGE_CURVE('',#3997,#4047,#1963,.T.);
#5030=EDGE_CURVE('',#4048,#3995,#1964,.T.);
#5031=EDGE_CURVE('',#4048,#4046,#1965,.T.);
#5032=EDGE_CURVE('',#3992,#4049,#1966,.T.);
#5033=EDGE_CURVE('',#4049,#4050,#1967,.T.);
#5034=EDGE_CURVE('',#4050,#3993,#1968,.T.);
#5035=EDGE_CURVE('',#3991,#4051,#1969,.T.);
#5036=EDGE_CURVE('',#4049,#4051,#1970,.T.);
#5037=EDGE_CURVE('',#3988,#4052,#1971,.T.);
#5038=EDGE_CURVE('',#4052,#4053,#1972,.T.);
#5039=EDGE_CURVE('',#4053,#3989,#1973,.T.);
#5040=EDGE_CURVE('',#3987,#4054,#1974,.T.);
#5041=EDGE_CURVE('',#4052,#4054,#1975,.T.);
#5042=EDGE_CURVE('',#3984,#4055,#1976,.T.);
#5043=EDGE_CURVE('',#4055,#4056,#1977,.T.);
#5044=EDGE_CURVE('',#4056,#3985,#1978,.T.);
#5045=EDGE_CURVE('',#3983,#4057,#1979,.T.);
#5046=EDGE_CURVE('',#4055,#4057,#1980,.T.);
#5047=EDGE_CURVE('',#3980,#4058,#1981,.T.);
#5048=EDGE_CURVE('',#4058,#4059,#1982,.T.);
#5049=EDGE_CURVE('',#4059,#3981,#1983,.T.);
#5050=EDGE_CURVE('',#3979,#4060,#1984,.T.);
#5051=EDGE_CURVE('',#4058,#4060,#1985,.T.);
#5052=EDGE_CURVE('',#3976,#4061,#1986,.T.);
#5053=EDGE_CURVE('',#4061,#4062,#1987,.T.);
#5054=EDGE_CURVE('',#4062,#3977,#1988,.T.);
#5055=EDGE_CURVE('',#3975,#4063,#1989,.T.);
#5056=EDGE_CURVE('',#4061,#4063,#1990,.T.);
#5057=EDGE_CURVE('',#3972,#4064,#1991,.T.);
#5058=EDGE_CURVE('',#4064,#4065,#1992,.T.);
#5059=EDGE_CURVE('',#4065,#3973,#1993,.T.);
#5060=EDGE_CURVE('',#3971,#4066,#1994,.T.);
#5061=EDGE_CURVE('',#4064,#4066,#1995,.T.);
#5062=EDGE_CURVE('',#3968,#4067,#1996,.T.);
#5063=EDGE_CURVE('',#4067,#4068,#1997,.T.);
#5064=EDGE_CURVE('',#4068,#3969,#1998,.T.);
#5065=EDGE_CURVE('',#3967,#4069,#1999,.T.);
#5066=EDGE_CURVE('',#4067,#4069,#2000,.T.);
#5067=EDGE_CURVE('',#3964,#4070,#2001,.T.);
#5068=EDGE_CURVE('',#4070,#4071,#2002,.T.);
#5069=EDGE_CURVE('',#4071,#3965,#2003,.T.);
#5070=EDGE_CURVE('',#3963,#4072,#2004,.T.);
#5071=EDGE_CURVE('',#4070,#4072,#2005,.T.);
#5072=EDGE_CURVE('',#3960,#4073,#2006,.T.);
#5073=EDGE_CURVE('',#4073,#4074,#2007,.T.);
#5074=EDGE_CURVE('',#4074,#3961,#2008,.T.);
#5075=EDGE_CURVE('',#3959,#4075,#2009,.T.);
#5076=EDGE_CURVE('',#4073,#4075,#2010,.T.);
#5077=EDGE_CURVE('',#4076,#3956,#2011,.T.);
#5078=EDGE_CURVE('',#4077,#4076,#2012,.T.);
#5079=EDGE_CURVE('',#3957,#4077,#2013,.T.);
#5080=EDGE_CURVE('',#4078,#3955,#2014,.T.);
#5081=EDGE_CURVE('',#4078,#4076,#2015,.T.);
#5082=EDGE_CURVE('',#3952,#4079,#2016,.T.);
#5083=EDGE_CURVE('',#4079,#4080,#2017,.T.);
#5084=EDGE_CURVE('',#4080,#3953,#2018,.T.);
#5085=EDGE_CURVE('',#3951,#4081,#2019,.T.);
#5086=EDGE_CURVE('',#4079,#4081,#2020,.T.);
#5087=EDGE_CURVE('',#3948,#4082,#2021,.T.);
#5088=EDGE_CURVE('',#4082,#4083,#2022,.T.);
#5089=EDGE_CURVE('',#4083,#3949,#2023,.T.);
#5090=EDGE_CURVE('',#3947,#4084,#2024,.T.);
#5091=EDGE_CURVE('',#4082,#4084,#2025,.T.);
#5092=EDGE_CURVE('',#3944,#4085,#2026,.T.);
#5093=EDGE_CURVE('',#4085,#4086,#2027,.T.);
#5094=EDGE_CURVE('',#4086,#3945,#2028,.T.);
#5095=EDGE_CURVE('',#3943,#4087,#2029,.T.);
#5096=EDGE_CURVE('',#4085,#4087,#2030,.T.);
#5097=EDGE_CURVE('',#3940,#4088,#2031,.T.);
#5098=EDGE_CURVE('',#4088,#4089,#2032,.T.);
#5099=EDGE_CURVE('',#4089,#3941,#2033,.T.);
#5100=EDGE_CURVE('',#3939,#4090,#2034,.T.);
#5101=EDGE_CURVE('',#4088,#4090,#2035,.T.);
#5102=EDGE_CURVE('',#3936,#4091,#2036,.T.);
#5103=EDGE_CURVE('',#4091,#4092,#2037,.T.);
#5104=EDGE_CURVE('',#4092,#3937,#2038,.T.);
#5105=EDGE_CURVE('',#3935,#4093,#2039,.T.);
#5106=EDGE_CURVE('',#4091,#4093,#2040,.T.);
#5107=EDGE_CURVE('',#3932,#4094,#2041,.T.);
#5108=EDGE_CURVE('',#4094,#4095,#2042,.T.);
#5109=EDGE_CURVE('',#4095,#3933,#2043,.T.);
#5110=EDGE_CURVE('',#3931,#4096,#2044,.T.);
#5111=EDGE_CURVE('',#4094,#4096,#2045,.T.);
#5112=EDGE_CURVE('',#3928,#4097,#2046,.T.);
#5113=EDGE_CURVE('',#4097,#4098,#2047,.T.);
#5114=EDGE_CURVE('',#4098,#3929,#2048,.T.);
#5115=EDGE_CURVE('',#3927,#4099,#2049,.T.);
#5116=EDGE_CURVE('',#4097,#4099,#2050,.T.);
#5117=EDGE_CURVE('',#3924,#4100,#2051,.T.);
#5118=EDGE_CURVE('',#4100,#4101,#2052,.T.);
#5119=EDGE_CURVE('',#4101,#3925,#2053,.T.);
#5120=EDGE_CURVE('',#3923,#4102,#2054,.T.);
#5121=EDGE_CURVE('',#4100,#4102,#2055,.T.);
#5122=EDGE_CURVE('',#3920,#4103,#2056,.T.);
#5123=EDGE_CURVE('',#4103,#4104,#2057,.T.);
#5124=EDGE_CURVE('',#4104,#3921,#2058,.T.);
#5125=EDGE_CURVE('',#3919,#4105,#2059,.T.);
#5126=EDGE_CURVE('',#4103,#4105,#2060,.T.);
#5127=EDGE_CURVE('',#3916,#4106,#2061,.T.);
#5128=EDGE_CURVE('',#4106,#4107,#2062,.T.);
#5129=EDGE_CURVE('',#4107,#3917,#2063,.T.);
#5130=EDGE_CURVE('',#3915,#4108,#2064,.T.);
#5131=EDGE_CURVE('',#4106,#4108,#2065,.T.);
#5132=EDGE_CURVE('',#3912,#4109,#2066,.T.);
#5133=EDGE_CURVE('',#4109,#4110,#2067,.T.);
#5134=EDGE_CURVE('',#4110,#3913,#2068,.T.);
#5135=EDGE_CURVE('',#3911,#4111,#2069,.T.);
#5136=EDGE_CURVE('',#4109,#4111,#2070,.T.);
#5137=EDGE_CURVE('',#3908,#4112,#2071,.T.);
#5138=EDGE_CURVE('',#4112,#4113,#2072,.T.);
#5139=EDGE_CURVE('',#4113,#3909,#2073,.T.);
#5140=EDGE_CURVE('',#3907,#4114,#2074,.T.);
#5141=EDGE_CURVE('',#4112,#4114,#2075,.T.);
#5142=EDGE_CURVE('',#3904,#4115,#2076,.T.);
#5143=EDGE_CURVE('',#4115,#4116,#2077,.T.);
#5144=EDGE_CURVE('',#4116,#3905,#2078,.T.);
#5145=EDGE_CURVE('',#3903,#4117,#2079,.T.);
#5146=EDGE_CURVE('',#4115,#4117,#2080,.T.);
#5147=EDGE_CURVE('',#3900,#4118,#2081,.T.);
#5148=EDGE_CURVE('',#4118,#4119,#2082,.T.);
#5149=EDGE_CURVE('',#4119,#3901,#2083,.T.);
#5150=EDGE_CURVE('',#3899,#4120,#2084,.T.);
#5151=EDGE_CURVE('',#4118,#4120,#2085,.T.);
#5152=EDGE_CURVE('',#3896,#4121,#2086,.T.);
#5153=EDGE_CURVE('',#4121,#4122,#2087,.T.);
#5154=EDGE_CURVE('',#4122,#3897,#2088,.T.);
#5155=EDGE_CURVE('',#3895,#4123,#2089,.T.);
#5156=EDGE_CURVE('',#4121,#4123,#2090,.T.);
#5157=EDGE_CURVE('',#3892,#4124,#2091,.T.);
#5158=EDGE_CURVE('',#4124,#4125,#2092,.T.);
#5159=EDGE_CURVE('',#4125,#3893,#2093,.T.);
#5160=EDGE_CURVE('',#3891,#4126,#2094,.T.);
#5161=EDGE_CURVE('',#4124,#4126,#2095,.T.);
#5162=EDGE_CURVE('',#3832,#4029,#2096,.T.);
#5163=EDGE_CURVE('',#4030,#3831,#2097,.T.);
#5164=EDGE_CURVE('',#4092,#4127,#2098,.T.);
#5165=EDGE_CURVE('',#4127,#3938,#2099,.T.);
#5166=EDGE_CURVE('',#4032,#3829,#2100,.T.);
#5167=EDGE_CURVE('',#3830,#4031,#2101,.T.);
#5168=EDGE_CURVE('',#4128,#4077,#2102,.T.);
#5169=EDGE_CURVE('',#3958,#4128,#2103,.T.);
#5170=EDGE_CURVE('',#4038,#4129,#2104,.T.);
#5171=EDGE_CURVE('',#4129,#4010,#2105,.T.);
#5172=EDGE_CURVE('',#4039,#4129,#2106,.T.);
#5173=EDGE_CURVE('',#4041,#4130,#2107,.T.);
#5174=EDGE_CURVE('',#4130,#4006,#2108,.T.);
#5175=EDGE_CURVE('',#4042,#4130,#2109,.T.);
#5176=EDGE_CURVE('',#4044,#4131,#2110,.T.);
#5177=EDGE_CURVE('',#4131,#4002,#2111,.T.);
#5178=EDGE_CURVE('',#4045,#4131,#2112,.T.);
#5179=EDGE_CURVE('',#4132,#4048,#2113,.T.);
#5180=EDGE_CURVE('',#4132,#4047,#2114,.T.);
#5181=EDGE_CURVE('',#3998,#4132,#2115,.T.);
#5182=EDGE_CURVE('',#4050,#4133,#2116,.T.);
#5183=EDGE_CURVE('',#4133,#3994,#2117,.T.);
#5184=EDGE_CURVE('',#4051,#4133,#2118,.T.);
#5185=EDGE_CURVE('',#4053,#4134,#2119,.T.);
#5186=EDGE_CURVE('',#4134,#3990,#2120,.T.);
#5187=EDGE_CURVE('',#4054,#4134,#2121,.T.);
#5188=EDGE_CURVE('',#4056,#4135,#2122,.T.);
#5189=EDGE_CURVE('',#4135,#3986,#2123,.T.);
#5190=EDGE_CURVE('',#4057,#4135,#2124,.T.);
#5191=EDGE_CURVE('',#4059,#4136,#2125,.T.);
#5192=EDGE_CURVE('',#4136,#3982,#2126,.T.);
#5193=EDGE_CURVE('',#4060,#4136,#2127,.T.);
#5194=EDGE_CURVE('',#4062,#4137,#2128,.T.);
#5195=EDGE_CURVE('',#4137,#3978,#2129,.T.);
#5196=EDGE_CURVE('',#4063,#4137,#2130,.T.);
#5197=EDGE_CURVE('',#4065,#4138,#2131,.T.);
#5198=EDGE_CURVE('',#4138,#3974,#2132,.T.);
#5199=EDGE_CURVE('',#4066,#4138,#2133,.T.);
#5200=EDGE_CURVE('',#4068,#4139,#2134,.T.);
#5201=EDGE_CURVE('',#4139,#3970,#2135,.T.);
#5202=EDGE_CURVE('',#4069,#4139,#2136,.T.);
#5203=EDGE_CURVE('',#4071,#4140,#2137,.T.);
#5204=EDGE_CURVE('',#4140,#3966,#2138,.T.);
#5205=EDGE_CURVE('',#4072,#4140,#2139,.T.);
#5206=EDGE_CURVE('',#4074,#4141,#2140,.T.);
#5207=EDGE_CURVE('',#4141,#3962,#2141,.T.);
#5208=EDGE_CURVE('',#4075,#4141,#2142,.T.);
#5209=EDGE_CURVE('',#4128,#4078,#2143,.T.);
#5210=EDGE_CURVE('',#4080,#4142,#2144,.T.);
#5211=EDGE_CURVE('',#4142,#3954,#2145,.T.);
#5212=EDGE_CURVE('',#4081,#4142,#2146,.T.);
#5213=EDGE_CURVE('',#4143,#4144,#2147,.T.);
#5214=EDGE_CURVE('',#4144,#4145,#293,.T.);
#5215=EDGE_CURVE('',#4146,#4145,#2148,.T.);
#5216=EDGE_CURVE('',#4146,#4147,#294,.T.);
#5217=EDGE_CURVE('',#4148,#4147,#2149,.T.);
#5218=EDGE_CURVE('',#4148,#4149,#295,.T.);
#5219=EDGE_CURVE('',#4149,#4150,#2150,.T.);
#5220=EDGE_CURVE('',#4150,#4143,#296,.T.);
#5221=EDGE_CURVE('',#4151,#4151,#297,.T.);
#5222=EDGE_CURVE('',#4152,#4152,#298,.T.);
#5223=EDGE_CURVE('',#4153,#4153,#299,.T.);
#5224=EDGE_CURVE('',#3755,#4148,#2151,.T.);
#5225=EDGE_CURVE('',#4147,#3756,#2152,.T.);
#5226=EDGE_CURVE('',#3757,#4146,#2153,.T.);
#5227=EDGE_CURVE('',#4145,#3750,#2154,.T.);
#5228=EDGE_CURVE('',#4154,#4155,#2155,.T.);
#5229=EDGE_CURVE('',#4154,#4156,#2156,.T.);
#5230=EDGE_CURVE('',#4156,#4157,#2157,.T.);
#5231=EDGE_CURVE('',#4155,#4157,#2158,.T.);
#5232=EDGE_CURVE('',#4155,#4158,#2159,.T.);
#5233=EDGE_CURVE('',#4157,#4159,#2160,.T.);
#5234=EDGE_CURVE('',#4158,#4159,#2161,.T.);
#5235=EDGE_CURVE('',#4158,#4160,#300,.T.);
#5236=EDGE_CURVE('',#4159,#4161,#301,.T.);
#5237=EDGE_CURVE('',#4160,#4161,#2162,.T.);
#5238=EDGE_CURVE('',#4160,#4162,#2163,.T.);
#5239=EDGE_CURVE('',#4161,#4163,#2164,.T.);
#5240=EDGE_CURVE('',#4162,#4163,#2165,.T.);
#5241=EDGE_CURVE('',#4162,#4164,#2166,.T.);
#5242=EDGE_CURVE('',#4163,#4165,#2167,.T.);
#5243=EDGE_CURVE('',#4164,#4165,#2168,.T.);
#5244=EDGE_CURVE('',#4164,#4166,#2169,.T.);
#5245=EDGE_CURVE('',#4165,#4167,#2170,.T.);
#5246=EDGE_CURVE('',#4166,#4167,#2171,.T.);
#5247=EDGE_CURVE('',#4166,#4168,#302,.T.);
#5248=EDGE_CURVE('',#4167,#4169,#303,.T.);
#5249=EDGE_CURVE('',#4168,#4169,#2172,.T.);
#5250=EDGE_CURVE('',#4168,#4170,#2173,.T.);
#5251=EDGE_CURVE('',#4169,#4171,#2174,.T.);
#5252=EDGE_CURVE('',#4170,#4171,#2175,.T.);
#5253=EDGE_CURVE('',#4172,#4173,#304,.T.);
#5254=EDGE_CURVE('',#4174,#4172,#2176,.T.);
#5255=EDGE_CURVE('',#4171,#4174,#2177,.T.);
#5256=EDGE_CURVE('',#4175,#4156,#2178,.T.);
#5257=EDGE_CURVE('',#4176,#4175,#305,.T.);
#5258=EDGE_CURVE('',#4177,#4176,#2179,.T.);
#5259=EDGE_CURVE('',#4178,#4177,#2180,.T.);
#5260=EDGE_CURVE('',#4173,#4178,#2181,.T.);
#5261=EDGE_CURVE('',#4179,#4180,#306,.T.);
#5262=EDGE_CURVE('',#4179,#4181,#2182,.T.);
#5263=EDGE_CURVE('',#4181,#4182,#307,.T.);
#5264=EDGE_CURVE('',#4180,#4182,#2183,.T.);
#5265=EDGE_CURVE('',#4180,#4183,#2184,.T.);
#5266=EDGE_CURVE('',#4182,#4184,#2185,.T.);
#5267=EDGE_CURVE('',#4183,#4184,#2186,.T.);
#5268=EDGE_CURVE('',#4183,#4185,#2187,.T.);
#5269=EDGE_CURVE('',#4184,#4186,#2188,.T.);
#5270=EDGE_CURVE('',#4185,#4186,#2189,.T.);
#5271=EDGE_CURVE('',#4185,#4187,#2190,.T.);
#5272=EDGE_CURVE('',#4186,#4188,#2191,.T.);
#5273=EDGE_CURVE('',#4187,#4188,#2192,.T.);
#5274=EDGE_CURVE('',#4187,#4189,#308,.T.);
#5275=EDGE_CURVE('',#4188,#4190,#309,.T.);
#5276=EDGE_CURVE('',#4189,#4190,#2193,.T.);
#5277=EDGE_CURVE('',#4189,#4191,#2194,.T.);
#5278=EDGE_CURVE('',#4190,#4192,#2195,.T.);
#5279=EDGE_CURVE('',#4191,#4192,#2196,.T.);
#5280=EDGE_CURVE('',#4191,#4193,#2197,.T.);
#5281=EDGE_CURVE('',#4192,#4194,#2198,.T.);
#5282=EDGE_CURVE('',#4193,#4194,#2199,.T.);
#5283=EDGE_CURVE('',#4193,#4195,#2200,.T.);
#5284=EDGE_CURVE('',#4194,#4196,#2201,.T.);
#5285=EDGE_CURVE('',#4195,#4196,#2202,.T.);
#5286=EDGE_CURVE('',#4197,#4198,#2203,.T.);
#5287=EDGE_CURVE('',#4199,#4197,#2204,.T.);
#5288=EDGE_CURVE('',#4196,#4199,#310,.T.);
#5289=EDGE_CURVE('',#4200,#4181,#2205,.T.);
#5290=EDGE_CURVE('',#4201,#4200,#2206,.T.);
#5291=EDGE_CURVE('',#4202,#4201,#2207,.T.);
#5292=EDGE_CURVE('',#4203,#4202,#311,.T.);
#5293=EDGE_CURVE('',#4198,#4203,#2208,.T.);
#5294=EDGE_CURVE('',#4149,#3754,#2209,.T.);
#5295=EDGE_CURVE('',#4204,#4205,#2210,.T.);
#5296=EDGE_CURVE('',#4206,#4205,#2211,.T.);
#5297=EDGE_CURVE('',#4207,#4206,#2212,.T.);
#5298=EDGE_CURVE('',#4207,#4204,#2213,.T.);
#5299=EDGE_CURVE('',#4205,#4208,#2214,.T.);
#5300=EDGE_CURVE('',#4209,#4208,#2215,.T.);
#5301=EDGE_CURVE('',#4206,#4209,#2216,.T.);
#5302=EDGE_CURVE('',#4208,#4210,#2217,.T.);
#5303=EDGE_CURVE('',#4211,#4210,#2218,.T.);
#5304=EDGE_CURVE('',#4209,#4211,#2219,.T.);
#5305=EDGE_CURVE('',#4210,#4212,#312,.T.);
#5306=EDGE_CURVE('',#4213,#4212,#2220,.T.);
#5307=EDGE_CURVE('',#4211,#4213,#313,.T.);
#5308=EDGE_CURVE('',#4212,#4214,#2221,.T.);
#5309=EDGE_CURVE('',#4215,#4214,#2222,.T.);
#5310=EDGE_CURVE('',#4213,#4215,#2223,.T.);
#5311=EDGE_CURVE('',#4214,#4216,#2224,.T.);
#5312=EDGE_CURVE('',#4217,#4216,#2225,.T.);
#5313=EDGE_CURVE('',#4215,#4217,#2226,.T.);
#5314=EDGE_CURVE('',#4216,#4218,#2227,.T.);
#5315=EDGE_CURVE('',#4219,#4218,#2228,.T.);
#5316=EDGE_CURVE('',#4217,#4219,#2229,.T.);
#5317=EDGE_CURVE('',#4218,#4220,#314,.T.);
#5318=EDGE_CURVE('',#4221,#4220,#2230,.T.);
#5319=EDGE_CURVE('',#4219,#4221,#315,.T.);
#5320=EDGE_CURVE('',#4220,#4222,#2231,.T.);
#5321=EDGE_CURVE('',#4223,#4222,#2232,.T.);
#5322=EDGE_CURVE('',#4221,#4223,#2233,.T.);
#5323=EDGE_CURVE('',#4222,#4224,#2234,.T.);
#5324=EDGE_CURVE('',#4225,#4224,#2235,.T.);
#5325=EDGE_CURVE('',#4223,#4225,#2236,.T.);
#5326=EDGE_CURVE('',#4224,#4226,#2237,.T.);
#5327=EDGE_CURVE('',#4227,#4226,#2238,.T.);
#5328=EDGE_CURVE('',#4225,#4227,#2239,.T.);
#5329=EDGE_CURVE('',#4226,#4228,#316,.T.);
#5330=EDGE_CURVE('',#4229,#4228,#2240,.T.);
#5331=EDGE_CURVE('',#4227,#4229,#317,.T.);
#5332=EDGE_CURVE('',#4228,#4230,#2241,.T.);
#5333=EDGE_CURVE('',#4231,#4230,#2242,.T.);
#5334=EDGE_CURVE('',#4229,#4231,#2243,.T.);
#5335=EDGE_CURVE('',#4230,#4232,#2244,.T.);
#5336=EDGE_CURVE('',#4233,#4232,#2245,.T.);
#5337=EDGE_CURVE('',#4231,#4233,#2246,.T.);
#5338=EDGE_CURVE('',#4232,#4234,#2247,.T.);
#5339=EDGE_CURVE('',#4235,#4234,#2248,.T.);
#5340=EDGE_CURVE('',#4233,#4235,#2249,.T.);
#5341=EDGE_CURVE('',#4236,#4236,#318,.T.);
#5342=EDGE_CURVE('',#4236,#4237,#2250,.T.);
#5343=EDGE_CURVE('',#4237,#4237,#319,.T.);
#5344=EDGE_CURVE('',#4234,#4204,#320,.T.);
#5345=EDGE_CURVE('',#4235,#4207,#321,.T.);
#5346=EDGE_CURVE('',#4151,#4236,#2251,.T.);
#5347=EDGE_CURVE('',#4152,#4238,#2252,.T.);
#5348=EDGE_CURVE('',#4238,#4238,#322,.T.);
#5349=EDGE_CURVE('',#4153,#4239,#2253,.T.);
#5350=EDGE_CURVE('',#4239,#4239,#323,.T.);
#5351=EDGE_CURVE('',#4083,#4240,#2254,.T.);
#5352=EDGE_CURVE('',#4240,#3950,#2255,.T.);
#5353=EDGE_CURVE('',#4084,#4240,#2256,.T.);
#5354=EDGE_CURVE('',#4086,#4241,#2257,.T.);
#5355=EDGE_CURVE('',#4241,#3946,#2258,.T.);
#5356=EDGE_CURVE('',#4087,#4241,#2259,.T.);
#5357=EDGE_CURVE('',#4089,#4242,#2260,.T.);
#5358=EDGE_CURVE('',#4242,#3942,#2261,.T.);
#5359=EDGE_CURVE('',#4090,#4242,#2262,.T.);
#5360=EDGE_CURVE('',#4093,#4127,#2263,.T.);
#5361=EDGE_CURVE('',#4095,#4243,#2264,.T.);
#5362=EDGE_CURVE('',#4243,#3934,#2265,.T.);
#5363=EDGE_CURVE('',#4096,#4243,#2266,.T.);
#5364=EDGE_CURVE('',#4098,#4244,#2267,.T.);
#5365=EDGE_CURVE('',#4244,#3930,#2268,.T.);
#5366=EDGE_CURVE('',#4099,#4244,#2269,.T.);
#5367=EDGE_CURVE('',#4101,#4245,#2270,.T.);
#5368=EDGE_CURVE('',#4245,#3926,#2271,.T.);
#5369=EDGE_CURVE('',#4102,#4245,#2272,.T.);
#5370=EDGE_CURVE('',#4104,#4246,#2273,.T.);
#5371=EDGE_CURVE('',#4246,#3922,#2274,.T.);
#5372=EDGE_CURVE('',#4105,#4246,#2275,.T.);
#5373=EDGE_CURVE('',#4107,#4247,#2276,.T.);
#5374=EDGE_CURVE('',#4247,#3918,#2277,.T.);
#5375=EDGE_CURVE('',#4108,#4247,#2278,.T.);
#5376=EDGE_CURVE('',#4110,#4248,#2279,.T.);
#5377=EDGE_CURVE('',#4248,#3914,#2280,.T.);
#5378=EDGE_CURVE('',#4111,#4248,#2281,.T.);
#5379=EDGE_CURVE('',#4113,#4249,#2282,.T.);
#5380=EDGE_CURVE('',#4249,#3910,#2283,.T.);
#5381=EDGE_CURVE('',#4114,#4249,#2284,.T.);
#5382=EDGE_CURVE('',#4116,#4250,#2285,.T.);
#5383=EDGE_CURVE('',#4250,#3906,#2286,.T.);
#5384=EDGE_CURVE('',#4117,#4250,#2287,.T.);
#5385=EDGE_CURVE('',#4119,#4251,#2288,.T.);
#5386=EDGE_CURVE('',#4251,#3902,#2289,.T.);
#5387=EDGE_CURVE('',#4120,#4251,#2290,.T.);
#5388=EDGE_CURVE('',#4122,#4252,#2291,.T.);
#5389=EDGE_CURVE('',#4252,#3898,#2292,.T.);
#5390=EDGE_CURVE('',#4123,#4252,#2293,.T.);
#5391=EDGE_CURVE('',#4125,#4253,#2294,.T.);
#5392=EDGE_CURVE('',#4253,#3894,#2295,.T.);
#5393=EDGE_CURVE('',#4126,#4253,#2296,.T.);
#5394=EDGE_CURVE('',#4254,#4255,#2297,.T.);
#5395=EDGE_CURVE('',#4255,#4256,#324,.T.);
#5396=EDGE_CURVE('',#4257,#4256,#2298,.T.);
#5397=EDGE_CURVE('',#4257,#4258,#325,.T.);
#5398=EDGE_CURVE('',#4259,#4258,#2299,.T.);
#5399=EDGE_CURVE('',#4259,#4260,#326,.T.);
#5400=EDGE_CURVE('',#4260,#4261,#2300,.T.);
#5401=EDGE_CURVE('',#4261,#4254,#327,.T.);
#5402=EDGE_CURVE('',#4262,#4262,#328,.T.);
#5403=EDGE_CURVE('',#4263,#4263,#329,.T.);
#5404=EDGE_CURVE('',#4264,#4264,#330,.T.);
#5405=EDGE_CURVE('',#3763,#4259,#2301,.T.);
#5406=EDGE_CURVE('',#4258,#3764,#2302,.T.);
#5407=EDGE_CURVE('',#3765,#4257,#2303,.T.);
#5408=EDGE_CURVE('',#4256,#3758,#2304,.T.);
#5409=EDGE_CURVE('',#4265,#4266,#2305,.T.);
#5410=EDGE_CURVE('',#4265,#4267,#2306,.T.);
#5411=EDGE_CURVE('',#4267,#4268,#2307,.T.);
#5412=EDGE_CURVE('',#4266,#4268,#2308,.T.);
#5413=EDGE_CURVE('',#4266,#4269,#2309,.T.);
#5414=EDGE_CURVE('',#4268,#4270,#2310,.T.);
#5415=EDGE_CURVE('',#4269,#4270,#2311,.T.);
#5416=EDGE_CURVE('',#4269,#4271,#331,.T.);
#5417=EDGE_CURVE('',#4270,#4272,#332,.T.);
#5418=EDGE_CURVE('',#4271,#4272,#2312,.T.);
#5419=EDGE_CURVE('',#4271,#4273,#2313,.T.);
#5420=EDGE_CURVE('',#4272,#4274,#2314,.T.);
#5421=EDGE_CURVE('',#4273,#4274,#2315,.T.);
#5422=EDGE_CURVE('',#4273,#4275,#2316,.T.);
#5423=EDGE_CURVE('',#4274,#4276,#2317,.T.);
#5424=EDGE_CURVE('',#4275,#4276,#2318,.T.);
#5425=EDGE_CURVE('',#4275,#4277,#2319,.T.);
#5426=EDGE_CURVE('',#4276,#4278,#2320,.T.);
#5427=EDGE_CURVE('',#4277,#4278,#2321,.T.);
#5428=EDGE_CURVE('',#4277,#4279,#333,.T.);
#5429=EDGE_CURVE('',#4278,#4280,#334,.T.);
#5430=EDGE_CURVE('',#4279,#4280,#2322,.T.);
#5431=EDGE_CURVE('',#4279,#4281,#2323,.T.);
#5432=EDGE_CURVE('',#4280,#4282,#2324,.T.);
#5433=EDGE_CURVE('',#4281,#4282,#2325,.T.);
#5434=EDGE_CURVE('',#4283,#4284,#335,.T.);
#5435=EDGE_CURVE('',#4285,#4283,#2326,.T.);
#5436=EDGE_CURVE('',#4282,#4285,#2327,.T.);
#5437=EDGE_CURVE('',#4286,#4267,#2328,.T.);
#5438=EDGE_CURVE('',#4287,#4286,#336,.T.);
#5439=EDGE_CURVE('',#4288,#4287,#2329,.T.);
#5440=EDGE_CURVE('',#4289,#4288,#2330,.T.);
#5441=EDGE_CURVE('',#4284,#4289,#2331,.T.);
#5442=EDGE_CURVE('',#4290,#4291,#337,.T.);
#5443=EDGE_CURVE('',#4290,#4292,#2332,.T.);
#5444=EDGE_CURVE('',#4292,#4293,#338,.T.);
#5445=EDGE_CURVE('',#4291,#4293,#2333,.T.);
#5446=EDGE_CURVE('',#4291,#4294,#2334,.T.);
#5447=EDGE_CURVE('',#4293,#4295,#2335,.T.);
#5448=EDGE_CURVE('',#4294,#4295,#2336,.T.);
#5449=EDGE_CURVE('',#4294,#4296,#2337,.T.);
#5450=EDGE_CURVE('',#4295,#4297,#2338,.T.);
#5451=EDGE_CURVE('',#4296,#4297,#2339,.T.);
#5452=EDGE_CURVE('',#4296,#4298,#2340,.T.);
#5453=EDGE_CURVE('',#4297,#4299,#2341,.T.);
#5454=EDGE_CURVE('',#4298,#4299,#2342,.T.);
#5455=EDGE_CURVE('',#4298,#4300,#339,.T.);
#5456=EDGE_CURVE('',#4299,#4301,#340,.T.);
#5457=EDGE_CURVE('',#4300,#4301,#2343,.T.);
#5458=EDGE_CURVE('',#4300,#4302,#2344,.T.);
#5459=EDGE_CURVE('',#4301,#4303,#2345,.T.);
#5460=EDGE_CURVE('',#4302,#4303,#2346,.T.);
#5461=EDGE_CURVE('',#4302,#4304,#2347,.T.);
#5462=EDGE_CURVE('',#4303,#4305,#2348,.T.);
#5463=EDGE_CURVE('',#4304,#4305,#2349,.T.);
#5464=EDGE_CURVE('',#4304,#4306,#2350,.T.);
#5465=EDGE_CURVE('',#4305,#4307,#2351,.T.);
#5466=EDGE_CURVE('',#4306,#4307,#2352,.T.);
#5467=EDGE_CURVE('',#4308,#4309,#2353,.T.);
#5468=EDGE_CURVE('',#4310,#4308,#2354,.T.);
#5469=EDGE_CURVE('',#4307,#4310,#341,.T.);
#5470=EDGE_CURVE('',#4311,#4292,#2355,.T.);
#5471=EDGE_CURVE('',#4312,#4311,#2356,.T.);
#5472=EDGE_CURVE('',#4313,#4312,#2357,.T.);
#5473=EDGE_CURVE('',#4314,#4313,#342,.T.);
#5474=EDGE_CURVE('',#4309,#4314,#2358,.T.);
#5475=EDGE_CURVE('',#4260,#3762,#2359,.T.);
#5476=EDGE_CURVE('',#4315,#4316,#2360,.T.);
#5477=EDGE_CURVE('',#4317,#4316,#2361,.T.);
#5478=EDGE_CURVE('',#4318,#4317,#2362,.T.);
#5479=EDGE_CURVE('',#4318,#4315,#2363,.T.);
#5480=EDGE_CURVE('',#4316,#4319,#2364,.T.);
#5481=EDGE_CURVE('',#4320,#4319,#2365,.T.);
#5482=EDGE_CURVE('',#4317,#4320,#2366,.T.);
#5483=EDGE_CURVE('',#4319,#4321,#2367,.T.);
#5484=EDGE_CURVE('',#4322,#4321,#2368,.T.);
#5485=EDGE_CURVE('',#4320,#4322,#2369,.T.);
#5486=EDGE_CURVE('',#4321,#4323,#343,.T.);
#5487=EDGE_CURVE('',#4324,#4323,#2370,.T.);
#5488=EDGE_CURVE('',#4322,#4324,#344,.T.);
#5489=EDGE_CURVE('',#4323,#4325,#2371,.T.);
#5490=EDGE_CURVE('',#4326,#4325,#2372,.T.);
#5491=EDGE_CURVE('',#4324,#4326,#2373,.T.);
#5492=EDGE_CURVE('',#4325,#4327,#2374,.T.);
#5493=EDGE_CURVE('',#4328,#4327,#2375,.T.);
#5494=EDGE_CURVE('',#4326,#4328,#2376,.T.);
#5495=EDGE_CURVE('',#4327,#4329,#2377,.T.);
#5496=EDGE_CURVE('',#4330,#4329,#2378,.T.);
#5497=EDGE_CURVE('',#4328,#4330,#2379,.T.);
#5498=EDGE_CURVE('',#4329,#4331,#345,.T.);
#5499=EDGE_CURVE('',#4332,#4331,#2380,.T.);
#5500=EDGE_CURVE('',#4330,#4332,#346,.T.);
#5501=EDGE_CURVE('',#4331,#4333,#2381,.T.);
#5502=EDGE_CURVE('',#4334,#4333,#2382,.T.);
#5503=EDGE_CURVE('',#4332,#4334,#2383,.T.);
#5504=EDGE_CURVE('',#4333,#4335,#2384,.T.);
#5505=EDGE_CURVE('',#4336,#4335,#2385,.T.);
#5506=EDGE_CURVE('',#4334,#4336,#2386,.T.);
#5507=EDGE_CURVE('',#4335,#4337,#2387,.T.);
#5508=EDGE_CURVE('',#4338,#4337,#2388,.T.);
#5509=EDGE_CURVE('',#4336,#4338,#2389,.T.);
#5510=EDGE_CURVE('',#4337,#4339,#347,.T.);
#5511=EDGE_CURVE('',#4340,#4339,#2390,.T.);
#5512=EDGE_CURVE('',#4338,#4340,#348,.T.);
#5513=EDGE_CURVE('',#4339,#4341,#2391,.T.);
#5514=EDGE_CURVE('',#4342,#4341,#2392,.T.);
#5515=EDGE_CURVE('',#4340,#4342,#2393,.T.);
#5516=EDGE_CURVE('',#4341,#4343,#2394,.T.);
#5517=EDGE_CURVE('',#4344,#4343,#2395,.T.);
#5518=EDGE_CURVE('',#4342,#4344,#2396,.T.);
#5519=EDGE_CURVE('',#4343,#4345,#2397,.T.);
#5520=EDGE_CURVE('',#4346,#4345,#2398,.T.);
#5521=EDGE_CURVE('',#4344,#4346,#2399,.T.);
#5522=EDGE_CURVE('',#4347,#4347,#349,.T.);
#5523=EDGE_CURVE('',#4347,#4348,#2400,.T.);
#5524=EDGE_CURVE('',#4348,#4348,#350,.T.);
#5525=EDGE_CURVE('',#4345,#4315,#351,.T.);
#5526=EDGE_CURVE('',#4346,#4318,#352,.T.);
#5527=EDGE_CURVE('',#4262,#4347,#2401,.T.);
#5528=EDGE_CURVE('',#4263,#4349,#2402,.T.);
#5529=EDGE_CURVE('',#4349,#4349,#353,.T.);
#5530=EDGE_CURVE('',#4264,#4350,#2403,.T.);
#5531=EDGE_CURVE('',#4350,#4350,#354,.T.);
#5532=EDGE_CURVE('',#4239,#4351,#2404,.T.);
#5533=EDGE_CURVE('',#4351,#4351,#355,.T.);
#5534=EDGE_CURVE('',#4238,#4352,#2405,.T.);
#5535=EDGE_CURVE('',#4352,#4352,#356,.T.);
#5536=EDGE_CURVE('',#4350,#4353,#2406,.T.);
#5537=EDGE_CURVE('',#4353,#4353,#357,.T.);
#5538=EDGE_CURVE('',#4349,#4354,#2407,.T.);
#5539=EDGE_CURVE('',#4354,#4354,#358,.T.);
#5540=EDGE_CURVE('',#3807,#3851,#2408,.T.);
#5541=EDGE_CURVE('',#4036,#3825,#2409,.T.);
#5542=EDGE_CURVE('',#3826,#4035,#2410,.T.);
#5543=EDGE_CURVE('',#4170,#4355,#2411,.T.);
#5544=EDGE_CURVE('',#4355,#4174,#2412,.T.);
#5545=EDGE_CURVE('',#4355,#4356,#2413,.T.);
#5546=EDGE_CURVE('',#4356,#4172,#2414,.T.);
#5547=EDGE_CURVE('',#4356,#4357,#359,.T.);
#5548=EDGE_CURVE('',#4357,#4173,#2415,.T.);
#5549=EDGE_CURVE('',#4357,#4358,#2416,.T.);
#5550=EDGE_CURVE('',#4358,#4178,#2417,.T.);
#5551=EDGE_CURVE('',#4358,#4359,#2418,.T.);
#5552=EDGE_CURVE('',#4359,#4177,#2419,.T.);
#5553=EDGE_CURVE('',#4359,#4360,#2420,.T.);
#5554=EDGE_CURVE('',#4360,#4176,#2421,.T.);
#5555=EDGE_CURVE('',#4360,#4361,#360,.T.);
#5556=EDGE_CURVE('',#4361,#4175,#2422,.T.);
#5557=EDGE_CURVE('',#4361,#4154,#2423,.T.);
#5558=EDGE_CURVE('',#4195,#4362,#361,.T.);
#5559=EDGE_CURVE('',#4362,#4199,#2424,.T.);
#5560=EDGE_CURVE('',#4362,#4363,#2425,.T.);
#5561=EDGE_CURVE('',#4363,#4197,#2426,.T.);
#5562=EDGE_CURVE('',#4363,#4364,#2427,.T.);
#5563=EDGE_CURVE('',#4364,#4198,#2428,.T.);
#5564=EDGE_CURVE('',#4364,#4365,#2429,.T.);
#5565=EDGE_CURVE('',#4365,#4203,#2430,.T.);
#5566=EDGE_CURVE('',#4365,#4366,#362,.T.);
#5567=EDGE_CURVE('',#4366,#4202,#2431,.T.);
#5568=EDGE_CURVE('',#4366,#4367,#2432,.T.);
#5569=EDGE_CURVE('',#4367,#4201,#2433,.T.);
#5570=EDGE_CURVE('',#4367,#4368,#2434,.T.);
#5571=EDGE_CURVE('',#4368,#4200,#2435,.T.);
#5572=EDGE_CURVE('',#4368,#4179,#2436,.T.);
#5573=EDGE_CURVE('',#3751,#4144,#2437,.T.);
#5574=EDGE_CURVE('',#4143,#3752,#2438,.T.);
#5575=EDGE_CURVE('',#3753,#4150,#2439,.T.);
#5576=EDGE_CURVE('',#4281,#4369,#2440,.T.);
#5577=EDGE_CURVE('',#4369,#4285,#2441,.T.);
#5578=EDGE_CURVE('',#4369,#4370,#2442,.T.);
#5579=EDGE_CURVE('',#4370,#4283,#2443,.T.);
#5580=EDGE_CURVE('',#4370,#4371,#363,.T.);
#5581=EDGE_CURVE('',#4371,#4284,#2444,.T.);
#5582=EDGE_CURVE('',#4371,#4372,#2445,.T.);
#5583=EDGE_CURVE('',#4372,#4289,#2446,.T.);
#5584=EDGE_CURVE('',#4372,#4373,#2447,.T.);
#5585=EDGE_CURVE('',#4373,#4288,#2448,.T.);
#5586=EDGE_CURVE('',#4373,#4374,#2449,.T.);
#5587=EDGE_CURVE('',#4374,#4287,#2450,.T.);
#5588=EDGE_CURVE('',#4374,#4375,#364,.T.);
#5589=EDGE_CURVE('',#4375,#4286,#2451,.T.);
#5590=EDGE_CURVE('',#4375,#4265,#2452,.T.);
#5591=EDGE_CURVE('',#4306,#4376,#365,.T.);
#5592=EDGE_CURVE('',#4376,#4310,#2453,.T.);
#5593=EDGE_CURVE('',#4376,#4377,#2454,.T.);
#5594=EDGE_CURVE('',#4377,#4308,#2455,.T.);
#5595=EDGE_CURVE('',#4377,#4378,#2456,.T.);
#5596=EDGE_CURVE('',#4378,#4309,#2457,.T.);
#5597=EDGE_CURVE('',#4378,#4379,#2458,.T.);
#5598=EDGE_CURVE('',#4379,#4314,#2459,.T.);
#5599=EDGE_CURVE('',#4379,#4380,#366,.T.);
#5600=EDGE_CURVE('',#4380,#4313,#2460,.T.);
#5601=EDGE_CURVE('',#4380,#4381,#2461,.T.);
#5602=EDGE_CURVE('',#4381,#4312,#2462,.T.);
#5603=EDGE_CURVE('',#4381,#4382,#2463,.T.);
#5604=EDGE_CURVE('',#4382,#4311,#2464,.T.);
#5605=EDGE_CURVE('',#4382,#4290,#2465,.T.);
#5606=EDGE_CURVE('',#3759,#4255,#2466,.T.);
#5607=EDGE_CURVE('',#4254,#3760,#2467,.T.);
#5608=EDGE_CURVE('',#3761,#4261,#2468,.T.);
#5609=EDGE_CURVE('',#4383,#4383,#367,.T.);
#5610=EDGE_CURVE('',#4384,#4385,#368,.T.);
#5611=EDGE_CURVE('',#4386,#4384,#2469,.T.);
#5612=EDGE_CURVE('',#4387,#4386,#2470,.T.);
#5613=EDGE_CURVE('',#4388,#4387,#2471,.T.);
#5614=EDGE_CURVE('',#4389,#4388,#369,.T.);
#5615=EDGE_CURVE('',#4390,#4389,#2472,.T.);
#5616=EDGE_CURVE('',#4391,#4390,#2473,.T.);
#5617=EDGE_CURVE('',#4392,#4391,#2474,.T.);
#5618=EDGE_CURVE('',#4393,#4392,#370,.T.);
#5619=EDGE_CURVE('',#4394,#4393,#2475,.T.);
#5620=EDGE_CURVE('',#4395,#4394,#2476,.T.);
#5621=EDGE_CURVE('',#4396,#4395,#2477,.T.);
#5622=EDGE_CURVE('',#4397,#4396,#371,.T.);
#5623=EDGE_CURVE('',#4398,#4397,#2478,.T.);
#5624=EDGE_CURVE('',#4399,#4398,#2479,.T.);
#5625=EDGE_CURVE('',#4385,#4399,#2480,.T.);
#5626=EDGE_CURVE('',#4400,#4392,#2481,.T.);
#5627=EDGE_CURVE('',#4401,#4400,#372,.T.);
#5628=EDGE_CURVE('',#4401,#4393,#2482,.T.);
#5629=EDGE_CURVE('',#4402,#4391,#2483,.T.);
#5630=EDGE_CURVE('',#4400,#4402,#2484,.T.);
#5631=EDGE_CURVE('',#4403,#4390,#2485,.T.);
#5632=EDGE_CURVE('',#4402,#4403,#2486,.T.);
#5633=EDGE_CURVE('',#4404,#4389,#2487,.T.);
#5634=EDGE_CURVE('',#4403,#4404,#2488,.T.);
#5635=EDGE_CURVE('',#4405,#4388,#2489,.T.);
#5636=EDGE_CURVE('',#4404,#4405,#373,.T.);
#5637=EDGE_CURVE('',#4406,#4387,#2490,.T.);
#5638=EDGE_CURVE('',#4405,#4406,#2491,.T.);
#5639=EDGE_CURVE('',#4407,#4386,#2492,.T.);
#5640=EDGE_CURVE('',#4406,#4407,#2493,.T.);
#5641=EDGE_CURVE('',#4408,#4384,#2494,.T.);
#5642=EDGE_CURVE('',#4407,#4408,#2495,.T.);
#5643=EDGE_CURVE('',#4409,#4409,#374,.T.);
#5644=EDGE_CURVE('',#4410,#4411,#2496,.T.);
#5645=EDGE_CURVE('',#4411,#4412,#2497,.T.);
#5646=EDGE_CURVE('',#4412,#4413,#2498,.T.);
#5647=EDGE_CURVE('',#4413,#4414,#375,.T.);
#5648=EDGE_CURVE('',#4414,#4415,#2499,.T.);
#5649=EDGE_CURVE('',#4415,#4416,#2500,.T.);
#5650=EDGE_CURVE('',#4416,#4401,#2501,.T.);
#5651=EDGE_CURVE('',#4408,#4410,#376,.T.);
#5652=EDGE_CURVE('',#4410,#4385,#2502,.T.);
#5653=EDGE_CURVE('',#4383,#4409,#2503,.T.);
#5654=EDGE_CURVE('',#4416,#4394,#2504,.T.);
#5655=EDGE_CURVE('',#4415,#4395,#2505,.T.);
#5656=EDGE_CURVE('',#4414,#4396,#2506,.T.);
#5657=EDGE_CURVE('',#4413,#4397,#2507,.T.);
#5658=EDGE_CURVE('',#4412,#4398,#2508,.T.);
#5659=EDGE_CURVE('',#4411,#4399,#2509,.T.);
#5660=EDGE_CURVE('',#4417,#4418,#2510,.T.);
#5661=EDGE_CURVE('',#4419,#4418,#2511,.T.);
#5662=EDGE_CURVE('',#4420,#4419,#2512,.T.);
#5663=EDGE_CURVE('',#4420,#4417,#2513,.T.);
#5664=EDGE_CURVE('',#4418,#4421,#377,.T.);
#5665=EDGE_CURVE('',#4422,#4421,#2514,.T.);
#5666=EDGE_CURVE('',#4419,#4422,#378,.T.);
#5667=EDGE_CURVE('',#4421,#4423,#2515,.T.);
#5668=EDGE_CURVE('',#4424,#4423,#2516,.T.);
#5669=EDGE_CURVE('',#4422,#4424,#2517,.T.);
#5670=EDGE_CURVE('',#4423,#4425,#2518,.T.);
#5671=EDGE_CURVE('',#4426,#4425,#2519,.T.);
#5672=EDGE_CURVE('',#4424,#4426,#2520,.T.);
#5673=EDGE_CURVE('',#4425,#4427,#2521,.T.);
#5674=EDGE_CURVE('',#4428,#4427,#2522,.T.);
#5675=EDGE_CURVE('',#4426,#4428,#2523,.T.);
#5676=EDGE_CURVE('',#4427,#4429,#379,.T.);
#5677=EDGE_CURVE('',#4430,#4429,#2524,.T.);
#5678=EDGE_CURVE('',#4428,#4430,#380,.T.);
#5679=EDGE_CURVE('',#4429,#4431,#2525,.T.);
#5680=EDGE_CURVE('',#4432,#4431,#2526,.T.);
#5681=EDGE_CURVE('',#4430,#4432,#2527,.T.);
#5682=EDGE_CURVE('',#4433,#4433,#381,.T.);
#5683=EDGE_CURVE('',#4433,#4434,#2528,.T.);
#5684=EDGE_CURVE('',#4434,#4434,#382,.T.);
#5685=EDGE_CURVE('',#4435,#4417,#2529,.T.);
#5686=EDGE_CURVE('',#4436,#4420,#2530,.T.);
#5687=EDGE_CURVE('',#4436,#4435,#2531,.T.);
#5688=EDGE_CURVE('',#4432,#4437,#2532,.T.);
#5689=EDGE_CURVE('',#4437,#4438,#2533,.T.);
#5690=EDGE_CURVE('',#4438,#4439,#383,.T.);
#5691=EDGE_CURVE('',#4439,#4440,#2534,.T.);
#5692=EDGE_CURVE('',#4440,#4441,#2535,.T.);
#5693=EDGE_CURVE('',#4441,#4442,#2536,.T.);
#5694=EDGE_CURVE('',#4442,#4443,#384,.T.);
#5695=EDGE_CURVE('',#4443,#4436,#2537,.T.);
#5696=EDGE_CURVE('',#4444,#4435,#2538,.T.);
#5697=EDGE_CURVE('',#4443,#4444,#2539,.T.);
#5698=EDGE_CURVE('',#4445,#4444,#385,.T.);
#5699=EDGE_CURVE('',#4442,#4445,#2540,.T.);
#5700=EDGE_CURVE('',#4446,#4445,#2541,.T.);
#5701=EDGE_CURVE('',#4441,#4446,#2542,.T.);
#5702=EDGE_CURVE('',#4447,#4446,#2543,.T.);
#5703=EDGE_CURVE('',#4440,#4447,#2544,.T.);
#5704=EDGE_CURVE('',#4448,#4447,#2545,.T.);
#5705=EDGE_CURVE('',#4439,#4448,#2546,.T.);
#5706=EDGE_CURVE('',#4449,#4448,#386,.T.);
#5707=EDGE_CURVE('',#4438,#4449,#2547,.T.);
#5708=EDGE_CURVE('',#4450,#4449,#2548,.T.);
#5709=EDGE_CURVE('',#4437,#4450,#2549,.T.);
#5710=EDGE_CURVE('',#4431,#4450,#2550,.T.);
#5711=EDGE_CURVE('',#4451,#4451,#387,.T.);
#5712=EDGE_CURVE('',#4452,#4453,#2551,.T.);
#5713=EDGE_CURVE('',#4454,#4452,#2552,.T.);
#5714=EDGE_CURVE('',#4455,#4454,#388,.T.);
#5715=EDGE_CURVE('',#4456,#4455,#2553,.T.);
#5716=EDGE_CURVE('',#4457,#4456,#2554,.T.);
#5717=EDGE_CURVE('',#4458,#4457,#2555,.T.);
#5718=EDGE_CURVE('',#4459,#4458,#389,.T.);
#5719=EDGE_CURVE('',#4460,#4459,#2556,.T.);
#5720=EDGE_CURVE('',#4461,#4460,#2557,.T.);
#5721=EDGE_CURVE('',#4462,#4461,#2558,.T.);
#5722=EDGE_CURVE('',#4463,#4462,#390,.T.);
#5723=EDGE_CURVE('',#4464,#4463,#2559,.T.);
#5724=EDGE_CURVE('',#4465,#4464,#2560,.T.);
#5725=EDGE_CURVE('',#4466,#4465,#2561,.T.);
#5726=EDGE_CURVE('',#4467,#4466,#391,.T.);
#5727=EDGE_CURVE('',#4453,#4467,#2562,.T.);
#5728=EDGE_CURVE('',#4468,#4460,#2563,.T.);
#5729=EDGE_CURVE('',#4469,#4468,#2564,.T.);
#5730=EDGE_CURVE('',#4469,#4461,#2565,.T.);
#5731=EDGE_CURVE('',#4470,#4459,#2566,.T.);
#5732=EDGE_CURVE('',#4468,#4470,#2567,.T.);
#5733=EDGE_CURVE('',#4471,#4458,#2568,.T.);
#5734=EDGE_CURVE('',#4470,#4471,#392,.T.);
#5735=EDGE_CURVE('',#4472,#4457,#2569,.T.);
#5736=EDGE_CURVE('',#4471,#4472,#2570,.T.);
#5737=EDGE_CURVE('',#4473,#4456,#2571,.T.);
#5738=EDGE_CURVE('',#4472,#4473,#2572,.T.);
#5739=EDGE_CURVE('',#4474,#4455,#2573,.T.);
#5740=EDGE_CURVE('',#4473,#4474,#2574,.T.);
#5741=EDGE_CURVE('',#4475,#4454,#2575,.T.);
#5742=EDGE_CURVE('',#4474,#4475,#393,.T.);
#5743=EDGE_CURVE('',#4476,#4452,#2576,.T.);
#5744=EDGE_CURVE('',#4475,#4476,#2577,.T.);
#5745=EDGE_CURVE('',#4477,#4477,#394,.T.);
#5746=EDGE_CURVE('',#4478,#4479,#2578,.T.);
#5747=EDGE_CURVE('',#4479,#4480,#395,.T.);
#5748=EDGE_CURVE('',#4480,#4481,#2579,.T.);
#5749=EDGE_CURVE('',#4481,#4482,#2580,.T.);
#5750=EDGE_CURVE('',#4482,#4483,#2581,.T.);
#5751=EDGE_CURVE('',#4483,#4484,#396,.T.);
#5752=EDGE_CURVE('',#4484,#4469,#2582,.T.);
#5753=EDGE_CURVE('',#4476,#4478,#2583,.T.);
#5754=EDGE_CURVE('',#4478,#4453,#2584,.T.);
#5755=EDGE_CURVE('',#4451,#4477,#2585,.T.);
#5756=EDGE_CURVE('',#4484,#4462,#2586,.T.);
#5757=EDGE_CURVE('',#4483,#4463,#2587,.T.);
#5758=EDGE_CURVE('',#4482,#4464,#2588,.T.);
#5759=EDGE_CURVE('',#4481,#4465,#2589,.T.);
#5760=EDGE_CURVE('',#4480,#4466,#2590,.T.);
#5761=EDGE_CURVE('',#4479,#4467,#2591,.T.);
#5762=EDGE_CURVE('',#4485,#4486,#2592,.T.);
#5763=EDGE_CURVE('',#4487,#4486,#2593,.T.);
#5764=EDGE_CURVE('',#4488,#4487,#2594,.T.);
#5765=EDGE_CURVE('',#4488,#4485,#2595,.T.);
#5766=EDGE_CURVE('',#4486,#4489,#2596,.T.);
#5767=EDGE_CURVE('',#4490,#4489,#2597,.T.);
#5768=EDGE_CURVE('',#4487,#4490,#2598,.T.);
#5769=EDGE_CURVE('',#4489,#4491,#2599,.T.);
#5770=EDGE_CURVE('',#4492,#4491,#2600,.T.);
#5771=EDGE_CURVE('',#4490,#4492,#2601,.T.);
#5772=EDGE_CURVE('',#4491,#4493,#397,.T.);
#5773=EDGE_CURVE('',#4494,#4493,#2602,.T.);
#5774=EDGE_CURVE('',#4492,#4494,#398,.T.);
#5775=EDGE_CURVE('',#4493,#4495,#2603,.T.);
#5776=EDGE_CURVE('',#4496,#4495,#2604,.T.);
#5777=EDGE_CURVE('',#4494,#4496,#2605,.T.);
#5778=EDGE_CURVE('',#4495,#4497,#2606,.T.);
#5779=EDGE_CURVE('',#4498,#4497,#2607,.T.);
#5780=EDGE_CURVE('',#4496,#4498,#2608,.T.);
#5781=EDGE_CURVE('',#4497,#4499,#2609,.T.);
#5782=EDGE_CURVE('',#4500,#4499,#2610,.T.);
#5783=EDGE_CURVE('',#4498,#4500,#2611,.T.);
#5784=EDGE_CURVE('',#4501,#4501,#399,.T.);
#5785=EDGE_CURVE('',#4501,#4502,#2612,.T.);
#5786=EDGE_CURVE('',#4502,#4502,#400,.T.);
#5787=EDGE_CURVE('',#4503,#4485,#401,.T.);
#5788=EDGE_CURVE('',#4504,#4488,#402,.T.);
#5789=EDGE_CURVE('',#4504,#4503,#2613,.T.);
#5790=EDGE_CURVE('',#4500,#4505,#403,.T.);
#5791=EDGE_CURVE('',#4505,#4506,#2614,.T.);
#5792=EDGE_CURVE('',#4506,#4507,#2615,.T.);
#5793=EDGE_CURVE('',#4507,#4508,#2616,.T.);
#5794=EDGE_CURVE('',#4508,#4509,#404,.T.);
#5795=EDGE_CURVE('',#4509,#4510,#2617,.T.);
#5796=EDGE_CURVE('',#4510,#4511,#2618,.T.);
#5797=EDGE_CURVE('',#4511,#4504,#2619,.T.);
#5798=EDGE_CURVE('',#4512,#4503,#2620,.T.);
#5799=EDGE_CURVE('',#4511,#4512,#2621,.T.);
#5800=EDGE_CURVE('',#4513,#4512,#2622,.T.);
#5801=EDGE_CURVE('',#4510,#4513,#2623,.T.);
#5802=EDGE_CURVE('',#4514,#4513,#2624,.T.);
#5803=EDGE_CURVE('',#4509,#4514,#2625,.T.);
#5804=EDGE_CURVE('',#4515,#4514,#405,.T.);
#5805=EDGE_CURVE('',#4508,#4515,#2626,.T.);
#5806=EDGE_CURVE('',#4516,#4515,#2627,.T.);
#5807=EDGE_CURVE('',#4507,#4516,#2628,.T.);
#5808=EDGE_CURVE('',#4517,#4516,#2629,.T.);
#5809=EDGE_CURVE('',#4506,#4517,#2630,.T.);
#5810=EDGE_CURVE('',#4518,#4517,#2631,.T.);
#5811=EDGE_CURVE('',#4505,#4518,#2632,.T.);
#5812=EDGE_CURVE('',#4499,#4518,#406,.T.);
#5813=ORIENTED_EDGE('',*,*,#4519,.T.);
#5814=ORIENTED_EDGE('',*,*,#4520,.T.);
#5815=ORIENTED_EDGE('',*,*,#4521,.T.);
#5816=ORIENTED_EDGE('',*,*,#4522,.T.);
#5817=ORIENTED_EDGE('',*,*,#4523,.T.);
#5818=ORIENTED_EDGE('',*,*,#4524,.T.);
#5819=ORIENTED_EDGE('',*,*,#4519,.F.);
#5820=ORIENTED_EDGE('',*,*,#4525,.T.);
#5821=ORIENTED_EDGE('',*,*,#4526,.T.);
#5822=ORIENTED_EDGE('',*,*,#4527,.T.);
#5823=ORIENTED_EDGE('',*,*,#4523,.F.);
#5824=ORIENTED_EDGE('',*,*,#4528,.T.);
#5825=ORIENTED_EDGE('',*,*,#4529,.T.);
#5826=ORIENTED_EDGE('',*,*,#4530,.T.);
#5827=ORIENTED_EDGE('',*,*,#4526,.F.);
#5828=ORIENTED_EDGE('',*,*,#4531,.T.);
#5829=ORIENTED_EDGE('',*,*,#4532,.T.);
#5830=ORIENTED_EDGE('',*,*,#4533,.T.);
#5831=ORIENTED_EDGE('',*,*,#4529,.F.);
#5832=ORIENTED_EDGE('',*,*,#4534,.T.);
#5833=ORIENTED_EDGE('',*,*,#4535,.T.);
#5834=ORIENTED_EDGE('',*,*,#4536,.T.);
#5835=ORIENTED_EDGE('',*,*,#4532,.F.);
#5836=ORIENTED_EDGE('',*,*,#4537,.T.);
#5837=ORIENTED_EDGE('',*,*,#4538,.T.);
#5838=ORIENTED_EDGE('',*,*,#4539,.T.);
#5839=ORIENTED_EDGE('',*,*,#4535,.F.);
#5840=ORIENTED_EDGE('',*,*,#4540,.T.);
#5841=ORIENTED_EDGE('',*,*,#4521,.F.);
#5842=ORIENTED_EDGE('',*,*,#4541,.T.);
#5843=ORIENTED_EDGE('',*,*,#4538,.F.);
#5844=ORIENTED_EDGE('',*,*,#4542,.T.);
#5845=ORIENTED_EDGE('',*,*,#4531,.F.);
#5846=ORIENTED_EDGE('',*,*,#4543,.T.);
#5847=ORIENTED_EDGE('',*,*,#4544,.F.);
#5848=ORIENTED_EDGE('',*,*,#4545,.T.);
#5849=ORIENTED_EDGE('',*,*,#4528,.F.);
#5850=ORIENTED_EDGE('',*,*,#4546,.F.);
#5851=ORIENTED_EDGE('',*,*,#4547,.F.);
#5852=ORIENTED_EDGE('',*,*,#4543,.F.);
#5853=ORIENTED_EDGE('',*,*,#4525,.F.);
#5854=ORIENTED_EDGE('',*,*,#4548,.T.);
#5855=ORIENTED_EDGE('',*,*,#4549,.F.);
#5856=ORIENTED_EDGE('',*,*,#4546,.T.);
#5857=ORIENTED_EDGE('',*,*,#4522,.F.);
#5858=ORIENTED_EDGE('',*,*,#4550,.F.);
#5859=ORIENTED_EDGE('',*,*,#4551,.F.);
#5860=ORIENTED_EDGE('',*,*,#4548,.F.);
#5861=ORIENTED_EDGE('',*,*,#4552,.F.);
#5862=ORIENTED_EDGE('',*,*,#4553,.F.);
#5863=ORIENTED_EDGE('',*,*,#4554,.F.);
#5864=ORIENTED_EDGE('',*,*,#4555,.F.);
#5865=ORIENTED_EDGE('',*,*,#4556,.F.);
#5866=ORIENTED_EDGE('',*,*,#4557,.F.);
#5867=ORIENTED_EDGE('',*,*,#4558,.F.);
#5868=ORIENTED_EDGE('',*,*,#4559,.F.);
#5869=ORIENTED_EDGE('',*,*,#4560,.F.);
#5870=ORIENTED_EDGE('',*,*,#4561,.F.);
#5871=ORIENTED_EDGE('',*,*,#4562,.F.);
#5872=ORIENTED_EDGE('',*,*,#4563,.F.);
#5873=ORIENTED_EDGE('',*,*,#4564,.F.);
#5874=ORIENTED_EDGE('',*,*,#4565,.F.);
#5875=ORIENTED_EDGE('',*,*,#4566,.F.);
#5876=ORIENTED_EDGE('',*,*,#4567,.F.);
#5877=ORIENTED_EDGE('',*,*,#4568,.F.);
#5878=ORIENTED_EDGE('',*,*,#4569,.F.);
#5879=ORIENTED_EDGE('',*,*,#4570,.F.);
#5880=ORIENTED_EDGE('',*,*,#4571,.F.);
#5881=ORIENTED_EDGE('',*,*,#4572,.F.);
#5882=ORIENTED_EDGE('',*,*,#4573,.F.);
#5883=ORIENTED_EDGE('',*,*,#4574,.F.);
#5884=ORIENTED_EDGE('',*,*,#4575,.F.);
#5885=ORIENTED_EDGE('',*,*,#4576,.F.);
#5886=ORIENTED_EDGE('',*,*,#4577,.F.);
#5887=ORIENTED_EDGE('',*,*,#4578,.F.);
#5888=ORIENTED_EDGE('',*,*,#4579,.F.);
#5889=ORIENTED_EDGE('',*,*,#4580,.F.);
#5890=ORIENTED_EDGE('',*,*,#4581,.F.);
#5891=ORIENTED_EDGE('',*,*,#4582,.F.);
#5892=ORIENTED_EDGE('',*,*,#4583,.F.);
#5893=ORIENTED_EDGE('',*,*,#4584,.F.);
#5894=ORIENTED_EDGE('',*,*,#4585,.F.);
#5895=ORIENTED_EDGE('',*,*,#4586,.F.);
#5896=ORIENTED_EDGE('',*,*,#4587,.F.);
#5897=ORIENTED_EDGE('',*,*,#4588,.T.);
#5898=ORIENTED_EDGE('',*,*,#4589,.T.);
#5899=ORIENTED_EDGE('',*,*,#4590,.T.);
#5900=ORIENTED_EDGE('',*,*,#4591,.T.);
#5901=ORIENTED_EDGE('',*,*,#4592,.T.);
#5902=ORIENTED_EDGE('',*,*,#4593,.T.);
#5903=ORIENTED_EDGE('',*,*,#4594,.T.);
#5904=ORIENTED_EDGE('',*,*,#4595,.T.);
#5905=ORIENTED_EDGE('',*,*,#4596,.T.);
#5906=ORIENTED_EDGE('',*,*,#4597,.T.);
#5907=ORIENTED_EDGE('',*,*,#4598,.T.);
#5908=ORIENTED_EDGE('',*,*,#4599,.T.);
#5909=ORIENTED_EDGE('',*,*,#4600,.T.);
#5910=ORIENTED_EDGE('',*,*,#4601,.T.);
#5911=ORIENTED_EDGE('',*,*,#4602,.T.);
#5912=ORIENTED_EDGE('',*,*,#4603,.T.);
#5913=ORIENTED_EDGE('',*,*,#4604,.F.);
#5914=ORIENTED_EDGE('',*,*,#4605,.F.);
#5915=ORIENTED_EDGE('',*,*,#4606,.F.);
#5916=ORIENTED_EDGE('',*,*,#4607,.F.);
#5917=ORIENTED_EDGE('',*,*,#4608,.F.);
#5918=ORIENTED_EDGE('',*,*,#4609,.F.);
#5919=ORIENTED_EDGE('',*,*,#4610,.F.);
#5920=ORIENTED_EDGE('',*,*,#4611,.F.);
#5921=ORIENTED_EDGE('',*,*,#4520,.F.);
#5922=ORIENTED_EDGE('',*,*,#4524,.F.);
#5923=ORIENTED_EDGE('',*,*,#4527,.F.);
#5924=ORIENTED_EDGE('',*,*,#4530,.F.);
#5925=ORIENTED_EDGE('',*,*,#4533,.F.);
#5926=ORIENTED_EDGE('',*,*,#4536,.F.);
#5927=ORIENTED_EDGE('',*,*,#4539,.F.);
#5928=ORIENTED_EDGE('',*,*,#4541,.F.);
#5929=ORIENTED_EDGE('',*,*,#4612,.T.);
#5930=ORIENTED_EDGE('',*,*,#4572,.T.);
#5931=ORIENTED_EDGE('',*,*,#4613,.T.);
#5932=ORIENTED_EDGE('',*,*,#4614,.T.);
#5933=ORIENTED_EDGE('',*,*,#4615,.T.);
#5934=ORIENTED_EDGE('',*,*,#4573,.T.);
#5935=ORIENTED_EDGE('',*,*,#4612,.F.);
#5936=ORIENTED_EDGE('',*,*,#4616,.T.);
#5937=ORIENTED_EDGE('',*,*,#4617,.T.);
#5938=ORIENTED_EDGE('',*,*,#4574,.T.);
#5939=ORIENTED_EDGE('',*,*,#4615,.F.);
#5940=ORIENTED_EDGE('',*,*,#4618,.T.);
#5941=ORIENTED_EDGE('',*,*,#4619,.T.);
#5942=ORIENTED_EDGE('',*,*,#4575,.T.);
#5943=ORIENTED_EDGE('',*,*,#4617,.F.);
#5944=ORIENTED_EDGE('',*,*,#4620,.T.);
#5945=ORIENTED_EDGE('',*,*,#4621,.T.);
#5946=ORIENTED_EDGE('',*,*,#4576,.T.);
#5947=ORIENTED_EDGE('',*,*,#4619,.F.);
#5948=ORIENTED_EDGE('',*,*,#4622,.T.);
#5949=ORIENTED_EDGE('',*,*,#4623,.T.);
#5950=ORIENTED_EDGE('',*,*,#4577,.T.);
#5951=ORIENTED_EDGE('',*,*,#4621,.F.);
#5952=ORIENTED_EDGE('',*,*,#4624,.T.);
#5953=ORIENTED_EDGE('',*,*,#4625,.T.);
#5954=ORIENTED_EDGE('',*,*,#4578,.T.);
#5955=ORIENTED_EDGE('',*,*,#4623,.F.);
#5956=ORIENTED_EDGE('',*,*,#4626,.T.);
#5957=ORIENTED_EDGE('',*,*,#4613,.F.);
#5958=ORIENTED_EDGE('',*,*,#4579,.T.);
#5959=ORIENTED_EDGE('',*,*,#4625,.F.);
#5960=ORIENTED_EDGE('',*,*,#4627,.T.);
#5961=ORIENTED_EDGE('',*,*,#4620,.F.);
#5962=ORIENTED_EDGE('',*,*,#4628,.T.);
#5963=ORIENTED_EDGE('',*,*,#4629,.F.);
#5964=ORIENTED_EDGE('',*,*,#4630,.T.);
#5965=ORIENTED_EDGE('',*,*,#4618,.F.);
#5966=ORIENTED_EDGE('',*,*,#4631,.F.);
#5967=ORIENTED_EDGE('',*,*,#4632,.F.);
#5968=ORIENTED_EDGE('',*,*,#4628,.F.);
#5969=ORIENTED_EDGE('',*,*,#4616,.F.);
#5970=ORIENTED_EDGE('',*,*,#4633,.T.);
#5971=ORIENTED_EDGE('',*,*,#4634,.F.);
#5972=ORIENTED_EDGE('',*,*,#4631,.T.);
#5973=ORIENTED_EDGE('',*,*,#4614,.F.);
#5974=ORIENTED_EDGE('',*,*,#4635,.F.);
#5975=ORIENTED_EDGE('',*,*,#4636,.F.);
#5976=ORIENTED_EDGE('',*,*,#4633,.F.);
#5977=ORIENTED_EDGE('',*,*,#4637,.T.);
#5978=ORIENTED_EDGE('',*,*,#4604,.T.);
#5979=ORIENTED_EDGE('',*,*,#4638,.T.);
#5980=ORIENTED_EDGE('',*,*,#4639,.T.);
#5981=ORIENTED_EDGE('',*,*,#4640,.T.);
#5982=ORIENTED_EDGE('',*,*,#4605,.T.);
#5983=ORIENTED_EDGE('',*,*,#4637,.F.);
#5984=ORIENTED_EDGE('',*,*,#4641,.T.);
#5985=ORIENTED_EDGE('',*,*,#4642,.T.);
#5986=ORIENTED_EDGE('',*,*,#4606,.T.);
#5987=ORIENTED_EDGE('',*,*,#4640,.F.);
#5988=ORIENTED_EDGE('',*,*,#4643,.T.);
#5989=ORIENTED_EDGE('',*,*,#4644,.T.);
#5990=ORIENTED_EDGE('',*,*,#4607,.T.);
#5991=ORIENTED_EDGE('',*,*,#4642,.F.);
#5992=ORIENTED_EDGE('',*,*,#4645,.T.);
#5993=ORIENTED_EDGE('',*,*,#4646,.T.);
#5994=ORIENTED_EDGE('',*,*,#4608,.T.);
#5995=ORIENTED_EDGE('',*,*,#4644,.F.);
#5996=ORIENTED_EDGE('',*,*,#4647,.T.);
#5997=ORIENTED_EDGE('',*,*,#4648,.T.);
#5998=ORIENTED_EDGE('',*,*,#4609,.T.);
#5999=ORIENTED_EDGE('',*,*,#4646,.F.);
#6000=ORIENTED_EDGE('',*,*,#4649,.T.);
#6001=ORIENTED_EDGE('',*,*,#4650,.T.);
#6002=ORIENTED_EDGE('',*,*,#4610,.T.);
#6003=ORIENTED_EDGE('',*,*,#4648,.F.);
#6004=ORIENTED_EDGE('',*,*,#4651,.T.);
#6005=ORIENTED_EDGE('',*,*,#4638,.F.);
#6006=ORIENTED_EDGE('',*,*,#4611,.T.);
#6007=ORIENTED_EDGE('',*,*,#4650,.F.);
#6008=ORIENTED_EDGE('',*,*,#4652,.T.);
#6009=ORIENTED_EDGE('',*,*,#4645,.F.);
#6010=ORIENTED_EDGE('',*,*,#4653,.T.);
#6011=ORIENTED_EDGE('',*,*,#4654,.F.);
#6012=ORIENTED_EDGE('',*,*,#4655,.T.);
#6013=ORIENTED_EDGE('',*,*,#4643,.F.);
#6014=ORIENTED_EDGE('',*,*,#4656,.F.);
#6015=ORIENTED_EDGE('',*,*,#4657,.F.);
#6016=ORIENTED_EDGE('',*,*,#4653,.F.);
#6017=ORIENTED_EDGE('',*,*,#4641,.F.);
#6018=ORIENTED_EDGE('',*,*,#4658,.T.);
#6019=ORIENTED_EDGE('',*,*,#4659,.F.);
#6020=ORIENTED_EDGE('',*,*,#4656,.T.);
#6021=ORIENTED_EDGE('',*,*,#4639,.F.);
#6022=ORIENTED_EDGE('',*,*,#4660,.F.);
#6023=ORIENTED_EDGE('',*,*,#4661,.F.);
#6024=ORIENTED_EDGE('',*,*,#4658,.F.);
#6025=ORIENTED_EDGE('',*,*,#4662,.T.);
#6026=ORIENTED_EDGE('',*,*,#4580,.T.);
#6027=ORIENTED_EDGE('',*,*,#4663,.T.);
#6028=ORIENTED_EDGE('',*,*,#4664,.T.);
#6029=ORIENTED_EDGE('',*,*,#4665,.T.);
#6030=ORIENTED_EDGE('',*,*,#4581,.T.);
#6031=ORIENTED_EDGE('',*,*,#4662,.F.);
#6032=ORIENTED_EDGE('',*,*,#4666,.T.);
#6033=ORIENTED_EDGE('',*,*,#4667,.T.);
#6034=ORIENTED_EDGE('',*,*,#4582,.T.);
#6035=ORIENTED_EDGE('',*,*,#4665,.F.);
#6036=ORIENTED_EDGE('',*,*,#4668,.T.);
#6037=ORIENTED_EDGE('',*,*,#4669,.T.);
#6038=ORIENTED_EDGE('',*,*,#4583,.T.);
#6039=ORIENTED_EDGE('',*,*,#4667,.F.);
#6040=ORIENTED_EDGE('',*,*,#4670,.T.);
#6041=ORIENTED_EDGE('',*,*,#4671,.T.);
#6042=ORIENTED_EDGE('',*,*,#4584,.T.);
#6043=ORIENTED_EDGE('',*,*,#4669,.F.);
#6044=ORIENTED_EDGE('',*,*,#4672,.T.);
#6045=ORIENTED_EDGE('',*,*,#4673,.T.);
#6046=ORIENTED_EDGE('',*,*,#4585,.T.);
#6047=ORIENTED_EDGE('',*,*,#4671,.F.);
#6048=ORIENTED_EDGE('',*,*,#4674,.T.);
#6049=ORIENTED_EDGE('',*,*,#4675,.T.);
#6050=ORIENTED_EDGE('',*,*,#4586,.T.);
#6051=ORIENTED_EDGE('',*,*,#4673,.F.);
#6052=ORIENTED_EDGE('',*,*,#4676,.T.);
#6053=ORIENTED_EDGE('',*,*,#4663,.F.);
#6054=ORIENTED_EDGE('',*,*,#4587,.T.);
#6055=ORIENTED_EDGE('',*,*,#4675,.F.);
#6056=ORIENTED_EDGE('',*,*,#4677,.T.);
#6057=ORIENTED_EDGE('',*,*,#4670,.F.);
#6058=ORIENTED_EDGE('',*,*,#4678,.T.);
#6059=ORIENTED_EDGE('',*,*,#4679,.F.);
#6060=ORIENTED_EDGE('',*,*,#4680,.T.);
#6061=ORIENTED_EDGE('',*,*,#4668,.F.);
#6062=ORIENTED_EDGE('',*,*,#4681,.F.);
#6063=ORIENTED_EDGE('',*,*,#4682,.F.);
#6064=ORIENTED_EDGE('',*,*,#4678,.F.);
#6065=ORIENTED_EDGE('',*,*,#4666,.F.);
#6066=ORIENTED_EDGE('',*,*,#4683,.T.);
#6067=ORIENTED_EDGE('',*,*,#4684,.F.);
#6068=ORIENTED_EDGE('',*,*,#4681,.T.);
#6069=ORIENTED_EDGE('',*,*,#4664,.F.);
#6070=ORIENTED_EDGE('',*,*,#4685,.F.);
#6071=ORIENTED_EDGE('',*,*,#4686,.F.);
#6072=ORIENTED_EDGE('',*,*,#4683,.F.);
#6073=ORIENTED_EDGE('',*,*,#4687,.T.);
#6074=ORIENTED_EDGE('',*,*,#4552,.T.);
#6075=ORIENTED_EDGE('',*,*,#4688,.T.);
#6076=ORIENTED_EDGE('',*,*,#4689,.T.);
#6077=ORIENTED_EDGE('',*,*,#4690,.T.);
#6078=ORIENTED_EDGE('',*,*,#4553,.T.);
#6079=ORIENTED_EDGE('',*,*,#4687,.F.);
#6080=ORIENTED_EDGE('',*,*,#4691,.T.);
#6081=ORIENTED_EDGE('',*,*,#4692,.T.);
#6082=ORIENTED_EDGE('',*,*,#4554,.T.);
#6083=ORIENTED_EDGE('',*,*,#4690,.F.);
#6084=ORIENTED_EDGE('',*,*,#4693,.T.);
#6085=ORIENTED_EDGE('',*,*,#4694,.T.);
#6086=ORIENTED_EDGE('',*,*,#4555,.T.);
#6087=ORIENTED_EDGE('',*,*,#4692,.F.);
#6088=ORIENTED_EDGE('',*,*,#4695,.T.);
#6089=ORIENTED_EDGE('',*,*,#4696,.T.);
#6090=ORIENTED_EDGE('',*,*,#4556,.T.);
#6091=ORIENTED_EDGE('',*,*,#4694,.F.);
#6092=ORIENTED_EDGE('',*,*,#4697,.T.);
#6093=ORIENTED_EDGE('',*,*,#4698,.T.);
#6094=ORIENTED_EDGE('',*,*,#4557,.T.);
#6095=ORIENTED_EDGE('',*,*,#4696,.F.);
#6096=ORIENTED_EDGE('',*,*,#4699,.T.);
#6097=ORIENTED_EDGE('',*,*,#4700,.T.);
#6098=ORIENTED_EDGE('',*,*,#4558,.T.);
#6099=ORIENTED_EDGE('',*,*,#4698,.F.);
#6100=ORIENTED_EDGE('',*,*,#4701,.T.);
#6101=ORIENTED_EDGE('',*,*,#4702,.T.);
#6102=ORIENTED_EDGE('',*,*,#4559,.T.);
#6103=ORIENTED_EDGE('',*,*,#4700,.F.);
#6104=ORIENTED_EDGE('',*,*,#4703,.T.);
#6105=ORIENTED_EDGE('',*,*,#4704,.T.);
#6106=ORIENTED_EDGE('',*,*,#4560,.T.);
#6107=ORIENTED_EDGE('',*,*,#4702,.F.);
#6108=ORIENTED_EDGE('',*,*,#4705,.T.);
#6109=ORIENTED_EDGE('',*,*,#4706,.T.);
#6110=ORIENTED_EDGE('',*,*,#4561,.T.);
#6111=ORIENTED_EDGE('',*,*,#4704,.F.);
#6112=ORIENTED_EDGE('',*,*,#4707,.T.);
#6113=ORIENTED_EDGE('',*,*,#4708,.T.);
#6114=ORIENTED_EDGE('',*,*,#4562,.T.);
#6115=ORIENTED_EDGE('',*,*,#4706,.F.);
#6116=ORIENTED_EDGE('',*,*,#4709,.T.);
#6117=ORIENTED_EDGE('',*,*,#4710,.T.);
#6118=ORIENTED_EDGE('',*,*,#4563,.T.);
#6119=ORIENTED_EDGE('',*,*,#4708,.F.);
#6120=ORIENTED_EDGE('',*,*,#4711,.T.);
#6121=ORIENTED_EDGE('',*,*,#4712,.T.);
#6122=ORIENTED_EDGE('',*,*,#4564,.T.);
#6123=ORIENTED_EDGE('',*,*,#4710,.F.);
#6124=ORIENTED_EDGE('',*,*,#4713,.T.);
#6125=ORIENTED_EDGE('',*,*,#4714,.T.);
#6126=ORIENTED_EDGE('',*,*,#4565,.T.);
#6127=ORIENTED_EDGE('',*,*,#4712,.F.);
#6128=ORIENTED_EDGE('',*,*,#4715,.T.);
#6129=ORIENTED_EDGE('',*,*,#4716,.T.);
#6130=ORIENTED_EDGE('',*,*,#4566,.T.);
#6131=ORIENTED_EDGE('',*,*,#4714,.F.);
#6132=ORIENTED_EDGE('',*,*,#4717,.T.);
#6133=ORIENTED_EDGE('',*,*,#4718,.T.);
#6134=ORIENTED_EDGE('',*,*,#4567,.T.);
#6135=ORIENTED_EDGE('',*,*,#4716,.F.);
#6136=ORIENTED_EDGE('',*,*,#4719,.T.);
#6137=ORIENTED_EDGE('',*,*,#4720,.T.);
#6138=ORIENTED_EDGE('',*,*,#4568,.T.);
#6139=ORIENTED_EDGE('',*,*,#4718,.F.);
#6140=ORIENTED_EDGE('',*,*,#4721,.T.);
#6141=ORIENTED_EDGE('',*,*,#4722,.T.);
#6142=ORIENTED_EDGE('',*,*,#4569,.T.);
#6143=ORIENTED_EDGE('',*,*,#4720,.F.);
#6144=ORIENTED_EDGE('',*,*,#4723,.T.);
#6145=ORIENTED_EDGE('',*,*,#4724,.T.);
#6146=ORIENTED_EDGE('',*,*,#4570,.T.);
#6147=ORIENTED_EDGE('',*,*,#4722,.F.);
#6148=ORIENTED_EDGE('',*,*,#4725,.T.);
#6149=ORIENTED_EDGE('',*,*,#4688,.F.);
#6150=ORIENTED_EDGE('',*,*,#4571,.T.);
#6151=ORIENTED_EDGE('',*,*,#4724,.F.);
#6152=ORIENTED_EDGE('',*,*,#4726,.T.);
#6153=ORIENTED_EDGE('',*,*,#4707,.F.);
#6154=ORIENTED_EDGE('',*,*,#4727,.T.);
#6155=ORIENTED_EDGE('',*,*,#4728,.F.);
#6156=ORIENTED_EDGE('',*,*,#4729,.T.);
#6157=ORIENTED_EDGE('',*,*,#4705,.F.);
#6158=ORIENTED_EDGE('',*,*,#4730,.F.);
#6159=ORIENTED_EDGE('',*,*,#4731,.F.);
#6160=ORIENTED_EDGE('',*,*,#4727,.F.);
#6161=ORIENTED_EDGE('',*,*,#4703,.F.);
#6162=ORIENTED_EDGE('',*,*,#4732,.T.);
#6163=ORIENTED_EDGE('',*,*,#4733,.F.);
#6164=ORIENTED_EDGE('',*,*,#4730,.T.);
#6165=ORIENTED_EDGE('',*,*,#4701,.F.);
#6166=ORIENTED_EDGE('',*,*,#4734,.F.);
#6167=ORIENTED_EDGE('',*,*,#4735,.F.);
#6168=ORIENTED_EDGE('',*,*,#4732,.F.);
#6169=ORIENTED_EDGE('',*,*,#4699,.F.);
#6170=ORIENTED_EDGE('',*,*,#4736,.T.);
#6171=ORIENTED_EDGE('',*,*,#4737,.F.);
#6172=ORIENTED_EDGE('',*,*,#4734,.T.);
#6173=ORIENTED_EDGE('',*,*,#4697,.F.);
#6174=ORIENTED_EDGE('',*,*,#4738,.F.);
#6175=ORIENTED_EDGE('',*,*,#4739,.F.);
#6176=ORIENTED_EDGE('',*,*,#4736,.F.);
#6177=ORIENTED_EDGE('',*,*,#4695,.F.);
#6178=ORIENTED_EDGE('',*,*,#4740,.T.);
#6179=ORIENTED_EDGE('',*,*,#4741,.F.);
#6180=ORIENTED_EDGE('',*,*,#4738,.T.);
#6181=ORIENTED_EDGE('',*,*,#4693,.F.);
#6182=ORIENTED_EDGE('',*,*,#4742,.F.);
#6183=ORIENTED_EDGE('',*,*,#4743,.F.);
#6184=ORIENTED_EDGE('',*,*,#4740,.F.);
#6185=ORIENTED_EDGE('',*,*,#4691,.F.);
#6186=ORIENTED_EDGE('',*,*,#4744,.T.);
#6187=ORIENTED_EDGE('',*,*,#4745,.F.);
#6188=ORIENTED_EDGE('',*,*,#4742,.T.);
#6189=ORIENTED_EDGE('',*,*,#4689,.F.);
#6190=ORIENTED_EDGE('',*,*,#4746,.F.);
#6191=ORIENTED_EDGE('',*,*,#4747,.F.);
#6192=ORIENTED_EDGE('',*,*,#4744,.F.);
#6193=ORIENTED_EDGE('',*,*,#4748,.T.);
#6194=ORIENTED_EDGE('',*,*,#4749,.T.);
#6195=ORIENTED_EDGE('',*,*,#4750,.T.);
#6196=ORIENTED_EDGE('',*,*,#4751,.T.);
#6197=ORIENTED_EDGE('',*,*,#4752,.T.);
#6198=ORIENTED_EDGE('',*,*,#4753,.T.);
#6199=ORIENTED_EDGE('',*,*,#4748,.F.);
#6200=ORIENTED_EDGE('',*,*,#4679,.T.);
#6201=ORIENTED_EDGE('',*,*,#4754,.T.);
#6202=ORIENTED_EDGE('',*,*,#4755,.T.);
#6203=ORIENTED_EDGE('',*,*,#4752,.F.);
#6204=ORIENTED_EDGE('',*,*,#4682,.T.);
#6205=ORIENTED_EDGE('',*,*,#4756,.T.);
#6206=ORIENTED_EDGE('',*,*,#4757,.T.);
#6207=ORIENTED_EDGE('',*,*,#4754,.F.);
#6208=ORIENTED_EDGE('',*,*,#4684,.T.);
#6209=ORIENTED_EDGE('',*,*,#4758,.T.);
#6210=ORIENTED_EDGE('',*,*,#4759,.T.);
#6211=ORIENTED_EDGE('',*,*,#4756,.F.);
#6212=ORIENTED_EDGE('',*,*,#4686,.T.);
#6213=ORIENTED_EDGE('',*,*,#4760,.T.);
#6214=ORIENTED_EDGE('',*,*,#4761,.T.);
#6215=ORIENTED_EDGE('',*,*,#4758,.F.);
#6216=ORIENTED_EDGE('',*,*,#4762,.T.);
#6217=ORIENTED_EDGE('',*,*,#4763,.T.);
#6218=ORIENTED_EDGE('',*,*,#4764,.T.);
#6219=ORIENTED_EDGE('',*,*,#4760,.F.);
#6220=ORIENTED_EDGE('',*,*,#4765,.T.);
#6221=ORIENTED_EDGE('',*,*,#4750,.F.);
#6222=ORIENTED_EDGE('',*,*,#4766,.T.);
#6223=ORIENTED_EDGE('',*,*,#4763,.F.);
#6224=ORIENTED_EDGE('',*,*,#4767,.T.);
#6225=ORIENTED_EDGE('',*,*,#4672,.F.);
#6226=ORIENTED_EDGE('',*,*,#4680,.F.);
#6227=ORIENTED_EDGE('',*,*,#4751,.F.);
#6228=ORIENTED_EDGE('',*,*,#4768,.F.);
#6229=ORIENTED_EDGE('',*,*,#4769,.F.);
#6230=ORIENTED_EDGE('',*,*,#4770,.F.);
#6231=ORIENTED_EDGE('',*,*,#4771,.F.);
#6232=ORIENTED_EDGE('',*,*,#4772,.F.);
#6233=ORIENTED_EDGE('',*,*,#4773,.F.);
#6234=ORIENTED_EDGE('',*,*,#4774,.F.);
#6235=ORIENTED_EDGE('',*,*,#4775,.F.);
#6236=ORIENTED_EDGE('',*,*,#4776,.F.);
#6237=ORIENTED_EDGE('',*,*,#4777,.F.);
#6238=ORIENTED_EDGE('',*,*,#4778,.F.);
#6239=ORIENTED_EDGE('',*,*,#4779,.F.);
#6240=ORIENTED_EDGE('',*,*,#4780,.F.);
#6241=ORIENTED_EDGE('',*,*,#4781,.F.);
#6242=ORIENTED_EDGE('',*,*,#4782,.F.);
#6243=ORIENTED_EDGE('',*,*,#4783,.F.);
#6244=ORIENTED_EDGE('',*,*,#4784,.F.);
#6245=ORIENTED_EDGE('',*,*,#4785,.F.);
#6246=ORIENTED_EDGE('',*,*,#4786,.F.);
#6247=ORIENTED_EDGE('',*,*,#4787,.F.);
#6248=ORIENTED_EDGE('',*,*,#4788,.F.);
#6249=ORIENTED_EDGE('',*,*,#4789,.F.);
#6250=ORIENTED_EDGE('',*,*,#4790,.F.);
#6251=ORIENTED_EDGE('',*,*,#4791,.F.);
#6252=ORIENTED_EDGE('',*,*,#4792,.F.);
#6253=ORIENTED_EDGE('',*,*,#4793,.F.);
#6254=ORIENTED_EDGE('',*,*,#4794,.F.);
#6255=ORIENTED_EDGE('',*,*,#4795,.F.);
#6256=ORIENTED_EDGE('',*,*,#4796,.F.);
#6257=ORIENTED_EDGE('',*,*,#4797,.F.);
#6258=ORIENTED_EDGE('',*,*,#4798,.F.);
#6259=ORIENTED_EDGE('',*,*,#4799,.F.);
#6260=ORIENTED_EDGE('',*,*,#4800,.F.);
#6261=ORIENTED_EDGE('',*,*,#4801,.F.);
#6262=ORIENTED_EDGE('',*,*,#4802,.F.);
#6263=ORIENTED_EDGE('',*,*,#4803,.F.);
#6264=ORIENTED_EDGE('',*,*,#4804,.F.);
#6265=ORIENTED_EDGE('',*,*,#4805,.T.);
#6266=ORIENTED_EDGE('',*,*,#4806,.T.);
#6267=ORIENTED_EDGE('',*,*,#4807,.T.);
#6268=ORIENTED_EDGE('',*,*,#4808,.T.);
#6269=ORIENTED_EDGE('',*,*,#4809,.T.);
#6270=ORIENTED_EDGE('',*,*,#4810,.T.);
#6271=ORIENTED_EDGE('',*,*,#4811,.T.);
#6272=ORIENTED_EDGE('',*,*,#4812,.T.);
#6273=ORIENTED_EDGE('',*,*,#4813,.T.);
#6274=ORIENTED_EDGE('',*,*,#4814,.T.);
#6275=ORIENTED_EDGE('',*,*,#4815,.T.);
#6276=ORIENTED_EDGE('',*,*,#4816,.T.);
#6277=ORIENTED_EDGE('',*,*,#4817,.T.);
#6278=ORIENTED_EDGE('',*,*,#4818,.T.);
#6279=ORIENTED_EDGE('',*,*,#4819,.T.);
#6280=ORIENTED_EDGE('',*,*,#4820,.T.);
#6281=ORIENTED_EDGE('',*,*,#4821,.T.);
#6282=ORIENTED_EDGE('',*,*,#4822,.T.);
#6283=ORIENTED_EDGE('',*,*,#4823,.T.);
#6284=ORIENTED_EDGE('',*,*,#4824,.T.);
#6285=ORIENTED_EDGE('',*,*,#4825,.T.);
#6286=ORIENTED_EDGE('',*,*,#4826,.T.);
#6287=ORIENTED_EDGE('',*,*,#4827,.T.);
#6288=ORIENTED_EDGE('',*,*,#4828,.T.);
#6289=ORIENTED_EDGE('',*,*,#4829,.T.);
#6290=ORIENTED_EDGE('',*,*,#4830,.T.);
#6291=ORIENTED_EDGE('',*,*,#4831,.T.);
#6292=ORIENTED_EDGE('',*,*,#4832,.T.);
#6293=ORIENTED_EDGE('',*,*,#4833,.T.);
#6294=ORIENTED_EDGE('',*,*,#4834,.T.);
#6295=ORIENTED_EDGE('',*,*,#4835,.T.);
#6296=ORIENTED_EDGE('',*,*,#4836,.T.);
#6297=ORIENTED_EDGE('',*,*,#4837,.T.);
#6298=ORIENTED_EDGE('',*,*,#4838,.T.);
#6299=ORIENTED_EDGE('',*,*,#4839,.T.);
#6300=ORIENTED_EDGE('',*,*,#4840,.T.);
#6301=ORIENTED_EDGE('',*,*,#4841,.T.);
#6302=ORIENTED_EDGE('',*,*,#4842,.T.);
#6303=ORIENTED_EDGE('',*,*,#4843,.T.);
#6304=ORIENTED_EDGE('',*,*,#4844,.T.);
#6305=ORIENTED_EDGE('',*,*,#4845,.T.);
#6306=ORIENTED_EDGE('',*,*,#4846,.T.);
#6307=ORIENTED_EDGE('',*,*,#4847,.T.);
#6308=ORIENTED_EDGE('',*,*,#4848,.T.);
#6309=ORIENTED_EDGE('',*,*,#4849,.T.);
#6310=ORIENTED_EDGE('',*,*,#4850,.T.);
#6311=ORIENTED_EDGE('',*,*,#4851,.T.);
#6312=ORIENTED_EDGE('',*,*,#4852,.T.);
#6313=ORIENTED_EDGE('',*,*,#4853,.T.);
#6314=ORIENTED_EDGE('',*,*,#4854,.T.);
#6315=ORIENTED_EDGE('',*,*,#4855,.T.);
#6316=ORIENTED_EDGE('',*,*,#4856,.T.);
#6317=ORIENTED_EDGE('',*,*,#4857,.T.);
#6318=ORIENTED_EDGE('',*,*,#4858,.T.);
#6319=ORIENTED_EDGE('',*,*,#4859,.T.);
#6320=ORIENTED_EDGE('',*,*,#4860,.T.);
#6321=ORIENTED_EDGE('',*,*,#4861,.T.);
#6322=ORIENTED_EDGE('',*,*,#4862,.T.);
#6323=ORIENTED_EDGE('',*,*,#4863,.T.);
#6324=ORIENTED_EDGE('',*,*,#4864,.T.);
#6325=ORIENTED_EDGE('',*,*,#4865,.T.);
#6326=ORIENTED_EDGE('',*,*,#4866,.T.);
#6327=ORIENTED_EDGE('',*,*,#4867,.T.);
#6328=ORIENTED_EDGE('',*,*,#4868,.T.);
#6329=ORIENTED_EDGE('',*,*,#4869,.T.);
#6330=ORIENTED_EDGE('',*,*,#4870,.T.);
#6331=ORIENTED_EDGE('',*,*,#4871,.T.);
#6332=ORIENTED_EDGE('',*,*,#4872,.T.);
#6333=ORIENTED_EDGE('',*,*,#4873,.T.);
#6334=ORIENTED_EDGE('',*,*,#4874,.T.);
#6335=ORIENTED_EDGE('',*,*,#4875,.T.);
#6336=ORIENTED_EDGE('',*,*,#4876,.T.);
#6337=ORIENTED_EDGE('',*,*,#4877,.T.);
#6338=ORIENTED_EDGE('',*,*,#4878,.T.);
#6339=ORIENTED_EDGE('',*,*,#4879,.T.);
#6340=ORIENTED_EDGE('',*,*,#4880,.T.);
#6341=ORIENTED_EDGE('',*,*,#4881,.T.);
#6342=ORIENTED_EDGE('',*,*,#4882,.T.);
#6343=ORIENTED_EDGE('',*,*,#4883,.T.);
#6344=ORIENTED_EDGE('',*,*,#4884,.T.);
#6345=ORIENTED_EDGE('',*,*,#4885,.T.);
#6346=ORIENTED_EDGE('',*,*,#4886,.T.);
#6347=ORIENTED_EDGE('',*,*,#4887,.T.);
#6348=ORIENTED_EDGE('',*,*,#4888,.T.);
#6349=ORIENTED_EDGE('',*,*,#4889,.T.);
#6350=ORIENTED_EDGE('',*,*,#4890,.T.);
#6351=ORIENTED_EDGE('',*,*,#4891,.T.);
#6352=ORIENTED_EDGE('',*,*,#4892,.T.);
#6353=ORIENTED_EDGE('',*,*,#4893,.T.);
#6354=ORIENTED_EDGE('',*,*,#4894,.T.);
#6355=ORIENTED_EDGE('',*,*,#4895,.T.);
#6356=ORIENTED_EDGE('',*,*,#4896,.T.);
#6357=ORIENTED_EDGE('',*,*,#4897,.T.);
#6358=ORIENTED_EDGE('',*,*,#4898,.T.);
#6359=ORIENTED_EDGE('',*,*,#4899,.T.);
#6360=ORIENTED_EDGE('',*,*,#4900,.T.);
#6361=ORIENTED_EDGE('',*,*,#4901,.T.);
#6362=ORIENTED_EDGE('',*,*,#4902,.T.);
#6363=ORIENTED_EDGE('',*,*,#4903,.T.);
#6364=ORIENTED_EDGE('',*,*,#4904,.T.);
#6365=ORIENTED_EDGE('',*,*,#4905,.T.);
#6366=ORIENTED_EDGE('',*,*,#4906,.T.);
#6367=ORIENTED_EDGE('',*,*,#4907,.T.);
#6368=ORIENTED_EDGE('',*,*,#4908,.T.);
#6369=ORIENTED_EDGE('',*,*,#4909,.T.);
#6370=ORIENTED_EDGE('',*,*,#4910,.T.);
#6371=ORIENTED_EDGE('',*,*,#4911,.T.);
#6372=ORIENTED_EDGE('',*,*,#4912,.T.);
#6373=ORIENTED_EDGE('',*,*,#4913,.T.);
#6374=ORIENTED_EDGE('',*,*,#4914,.T.);
#6375=ORIENTED_EDGE('',*,*,#4915,.T.);
#6376=ORIENTED_EDGE('',*,*,#4916,.T.);
#6377=ORIENTED_EDGE('',*,*,#4917,.T.);
#6378=ORIENTED_EDGE('',*,*,#4918,.T.);
#6379=ORIENTED_EDGE('',*,*,#4919,.T.);
#6380=ORIENTED_EDGE('',*,*,#4920,.T.);
#6381=ORIENTED_EDGE('',*,*,#4921,.T.);
#6382=ORIENTED_EDGE('',*,*,#4922,.T.);
#6383=ORIENTED_EDGE('',*,*,#4923,.T.);
#6384=ORIENTED_EDGE('',*,*,#4924,.T.);
#6385=ORIENTED_EDGE('',*,*,#4925,.F.);
#6386=ORIENTED_EDGE('',*,*,#4926,.F.);
#6387=ORIENTED_EDGE('',*,*,#4927,.F.);
#6388=ORIENTED_EDGE('',*,*,#4928,.F.);
#6389=ORIENTED_EDGE('',*,*,#4929,.F.);
#6390=ORIENTED_EDGE('',*,*,#4930,.F.);
#6391=ORIENTED_EDGE('',*,*,#4931,.F.);
#6392=ORIENTED_EDGE('',*,*,#4932,.F.);
#6393=ORIENTED_EDGE('',*,*,#4749,.F.);
#6394=ORIENTED_EDGE('',*,*,#4753,.F.);
#6395=ORIENTED_EDGE('',*,*,#4755,.F.);
#6396=ORIENTED_EDGE('',*,*,#4757,.F.);
#6397=ORIENTED_EDGE('',*,*,#4759,.F.);
#6398=ORIENTED_EDGE('',*,*,#4761,.F.);
#6399=ORIENTED_EDGE('',*,*,#4764,.F.);
#6400=ORIENTED_EDGE('',*,*,#4766,.F.);
#6401=ORIENTED_EDGE('',*,*,#4933,.T.);
#6402=ORIENTED_EDGE('',*,*,#4789,.T.);
#6403=ORIENTED_EDGE('',*,*,#4934,.T.);
#6404=ORIENTED_EDGE('',*,*,#4661,.T.);
#6405=ORIENTED_EDGE('',*,*,#4935,.T.);
#6406=ORIENTED_EDGE('',*,*,#4790,.T.);
#6407=ORIENTED_EDGE('',*,*,#4933,.F.);
#6408=ORIENTED_EDGE('',*,*,#4936,.T.);
#6409=ORIENTED_EDGE('',*,*,#4937,.T.);
#6410=ORIENTED_EDGE('',*,*,#4791,.T.);
#6411=ORIENTED_EDGE('',*,*,#4935,.F.);
#6412=ORIENTED_EDGE('',*,*,#4938,.T.);
#6413=ORIENTED_EDGE('',*,*,#4939,.T.);
#6414=ORIENTED_EDGE('',*,*,#4792,.T.);
#6415=ORIENTED_EDGE('',*,*,#4937,.F.);
#6416=ORIENTED_EDGE('',*,*,#4940,.T.);
#6417=ORIENTED_EDGE('',*,*,#4941,.T.);
#6418=ORIENTED_EDGE('',*,*,#4793,.T.);
#6419=ORIENTED_EDGE('',*,*,#4939,.F.);
#6420=ORIENTED_EDGE('',*,*,#4942,.T.);
#6421=ORIENTED_EDGE('',*,*,#4943,.T.);
#6422=ORIENTED_EDGE('',*,*,#4794,.T.);
#6423=ORIENTED_EDGE('',*,*,#4941,.F.);
#6424=ORIENTED_EDGE('',*,*,#4654,.T.);
#6425=ORIENTED_EDGE('',*,*,#4944,.T.);
#6426=ORIENTED_EDGE('',*,*,#4795,.T.);
#6427=ORIENTED_EDGE('',*,*,#4943,.F.);
#6428=ORIENTED_EDGE('',*,*,#4657,.T.);
#6429=ORIENTED_EDGE('',*,*,#4934,.F.);
#6430=ORIENTED_EDGE('',*,*,#4796,.T.);
#6431=ORIENTED_EDGE('',*,*,#4944,.F.);
#6432=ORIENTED_EDGE('',*,*,#4659,.T.);
#6433=ORIENTED_EDGE('',*,*,#4649,.F.);
#6434=ORIENTED_EDGE('',*,*,#4945,.T.);
#6435=ORIENTED_EDGE('',*,*,#4940,.F.);
#6436=ORIENTED_EDGE('',*,*,#4946,.T.);
#6437=ORIENTED_EDGE('',*,*,#4651,.F.);
#6438=ORIENTED_EDGE('',*,*,#4946,.F.);
#6439=ORIENTED_EDGE('',*,*,#4938,.F.);
#6440=ORIENTED_EDGE('',*,*,#4947,.F.);
#6441=ORIENTED_EDGE('',*,*,#4652,.F.);
#6442=ORIENTED_EDGE('',*,*,#4947,.T.);
#6443=ORIENTED_EDGE('',*,*,#4936,.F.);
#6444=ORIENTED_EDGE('',*,*,#4660,.T.);
#6445=ORIENTED_EDGE('',*,*,#4948,.T.);
#6446=ORIENTED_EDGE('',*,*,#4925,.T.);
#6447=ORIENTED_EDGE('',*,*,#4949,.T.);
#6448=ORIENTED_EDGE('',*,*,#4636,.T.);
#6449=ORIENTED_EDGE('',*,*,#4950,.T.);
#6450=ORIENTED_EDGE('',*,*,#4926,.T.);
#6451=ORIENTED_EDGE('',*,*,#4948,.F.);
#6452=ORIENTED_EDGE('',*,*,#4951,.T.);
#6453=ORIENTED_EDGE('',*,*,#4952,.T.);
#6454=ORIENTED_EDGE('',*,*,#4927,.T.);
#6455=ORIENTED_EDGE('',*,*,#4950,.F.);
#6456=ORIENTED_EDGE('',*,*,#4953,.T.);
#6457=ORIENTED_EDGE('',*,*,#4954,.T.);
#6458=ORIENTED_EDGE('',*,*,#4928,.T.);
#6459=ORIENTED_EDGE('',*,*,#4952,.F.);
#6460=ORIENTED_EDGE('',*,*,#4955,.T.);
#6461=ORIENTED_EDGE('',*,*,#4956,.T.);
#6462=ORIENTED_EDGE('',*,*,#4929,.T.);
#6463=ORIENTED_EDGE('',*,*,#4954,.F.);
#6464=ORIENTED_EDGE('',*,*,#4957,.T.);
#6465=ORIENTED_EDGE('',*,*,#4958,.T.);
#6466=ORIENTED_EDGE('',*,*,#4930,.T.);
#6467=ORIENTED_EDGE('',*,*,#4956,.F.);
#6468=ORIENTED_EDGE('',*,*,#4629,.T.);
#6469=ORIENTED_EDGE('',*,*,#4959,.T.);
#6470=ORIENTED_EDGE('',*,*,#4931,.T.);
#6471=ORIENTED_EDGE('',*,*,#4958,.F.);
#6472=ORIENTED_EDGE('',*,*,#4632,.T.);
#6473=ORIENTED_EDGE('',*,*,#4949,.F.);
#6474=ORIENTED_EDGE('',*,*,#4932,.T.);
#6475=ORIENTED_EDGE('',*,*,#4959,.F.);
#6476=ORIENTED_EDGE('',*,*,#4634,.T.);
#6477=ORIENTED_EDGE('',*,*,#4624,.F.);
#6478=ORIENTED_EDGE('',*,*,#4960,.T.);
#6479=ORIENTED_EDGE('',*,*,#4955,.F.);
#6480=ORIENTED_EDGE('',*,*,#4961,.T.);
#6481=ORIENTED_EDGE('',*,*,#4626,.F.);
#6482=ORIENTED_EDGE('',*,*,#4961,.F.);
#6483=ORIENTED_EDGE('',*,*,#4953,.F.);
#6484=ORIENTED_EDGE('',*,*,#4962,.F.);
#6485=ORIENTED_EDGE('',*,*,#4627,.F.);
#6486=ORIENTED_EDGE('',*,*,#4962,.T.);
#6487=ORIENTED_EDGE('',*,*,#4951,.F.);
#6488=ORIENTED_EDGE('',*,*,#4635,.T.);
#6489=ORIENTED_EDGE('',*,*,#4963,.T.);
#6490=ORIENTED_EDGE('',*,*,#4797,.T.);
#6491=ORIENTED_EDGE('',*,*,#4964,.T.);
#6492=ORIENTED_EDGE('',*,*,#4551,.T.);
#6493=ORIENTED_EDGE('',*,*,#4965,.T.);
#6494=ORIENTED_EDGE('',*,*,#4798,.T.);
#6495=ORIENTED_EDGE('',*,*,#4963,.F.);
#6496=ORIENTED_EDGE('',*,*,#4966,.T.);
#6497=ORIENTED_EDGE('',*,*,#4967,.T.);
#6498=ORIENTED_EDGE('',*,*,#4799,.T.);
#6499=ORIENTED_EDGE('',*,*,#4965,.F.);
#6500=ORIENTED_EDGE('',*,*,#4968,.T.);
#6501=ORIENTED_EDGE('',*,*,#4969,.T.);
#6502=ORIENTED_EDGE('',*,*,#4800,.T.);
#6503=ORIENTED_EDGE('',*,*,#4967,.F.);
#6504=ORIENTED_EDGE('',*,*,#4970,.T.);
#6505=ORIENTED_EDGE('',*,*,#4971,.T.);
#6506=ORIENTED_EDGE('',*,*,#4801,.T.);
#6507=ORIENTED_EDGE('',*,*,#4969,.F.);
#6508=ORIENTED_EDGE('',*,*,#4972,.T.);
#6509=ORIENTED_EDGE('',*,*,#4973,.T.);
#6510=ORIENTED_EDGE('',*,*,#4802,.T.);
#6511=ORIENTED_EDGE('',*,*,#4971,.F.);
#6512=ORIENTED_EDGE('',*,*,#4544,.T.);
#6513=ORIENTED_EDGE('',*,*,#4974,.T.);
#6514=ORIENTED_EDGE('',*,*,#4803,.T.);
#6515=ORIENTED_EDGE('',*,*,#4973,.F.);
#6516=ORIENTED_EDGE('',*,*,#4547,.T.);
#6517=ORIENTED_EDGE('',*,*,#4964,.F.);
#6518=ORIENTED_EDGE('',*,*,#4804,.T.);
#6519=ORIENTED_EDGE('',*,*,#4974,.F.);
#6520=ORIENTED_EDGE('',*,*,#4549,.T.);
#6521=ORIENTED_EDGE('',*,*,#4537,.F.);
#6522=ORIENTED_EDGE('',*,*,#4975,.T.);
#6523=ORIENTED_EDGE('',*,*,#4970,.F.);
#6524=ORIENTED_EDGE('',*,*,#4976,.T.);
#6525=ORIENTED_EDGE('',*,*,#4540,.F.);
#6526=ORIENTED_EDGE('',*,*,#4976,.F.);
#6527=ORIENTED_EDGE('',*,*,#4968,.F.);
#6528=ORIENTED_EDGE('',*,*,#4977,.F.);
#6529=ORIENTED_EDGE('',*,*,#4542,.F.);
#6530=ORIENTED_EDGE('',*,*,#4977,.T.);
#6531=ORIENTED_EDGE('',*,*,#4966,.F.);
#6532=ORIENTED_EDGE('',*,*,#4550,.T.);
#6533=ORIENTED_EDGE('',*,*,#4978,.T.);
#6534=ORIENTED_EDGE('',*,*,#4769,.T.);
#6535=ORIENTED_EDGE('',*,*,#4979,.T.);
#6536=ORIENTED_EDGE('',*,*,#4980,.T.);
#6537=ORIENTED_EDGE('',*,*,#4981,.T.);
#6538=ORIENTED_EDGE('',*,*,#4770,.T.);
#6539=ORIENTED_EDGE('',*,*,#4978,.F.);
#6540=ORIENTED_EDGE('',*,*,#4728,.T.);
#6541=ORIENTED_EDGE('',*,*,#4982,.T.);
#6542=ORIENTED_EDGE('',*,*,#4771,.T.);
#6543=ORIENTED_EDGE('',*,*,#4981,.F.);
#6544=ORIENTED_EDGE('',*,*,#4731,.T.);
#6545=ORIENTED_EDGE('',*,*,#4983,.T.);
#6546=ORIENTED_EDGE('',*,*,#4772,.T.);
#6547=ORIENTED_EDGE('',*,*,#4982,.F.);
#6548=ORIENTED_EDGE('',*,*,#4733,.T.);
#6549=ORIENTED_EDGE('',*,*,#4984,.T.);
#6550=ORIENTED_EDGE('',*,*,#4773,.T.);
#6551=ORIENTED_EDGE('',*,*,#4983,.F.);
#6552=ORIENTED_EDGE('',*,*,#4735,.T.);
#6553=ORIENTED_EDGE('',*,*,#4985,.T.);
#6554=ORIENTED_EDGE('',*,*,#4774,.T.);
#6555=ORIENTED_EDGE('',*,*,#4984,.F.);
#6556=ORIENTED_EDGE('',*,*,#4737,.T.);
#6557=ORIENTED_EDGE('',*,*,#4986,.T.);
#6558=ORIENTED_EDGE('',*,*,#4775,.T.);
#6559=ORIENTED_EDGE('',*,*,#4985,.F.);
#6560=ORIENTED_EDGE('',*,*,#4739,.T.);
#6561=ORIENTED_EDGE('',*,*,#4987,.T.);
#6562=ORIENTED_EDGE('',*,*,#4776,.T.);
#6563=ORIENTED_EDGE('',*,*,#4986,.F.);
#6564=ORIENTED_EDGE('',*,*,#4741,.T.);
#6565=ORIENTED_EDGE('',*,*,#4988,.T.);
#6566=ORIENTED_EDGE('',*,*,#4777,.T.);
#6567=ORIENTED_EDGE('',*,*,#4987,.F.);
#6568=ORIENTED_EDGE('',*,*,#4743,.T.);
#6569=ORIENTED_EDGE('',*,*,#4989,.T.);
#6570=ORIENTED_EDGE('',*,*,#4778,.T.);
#6571=ORIENTED_EDGE('',*,*,#4988,.F.);
#6572=ORIENTED_EDGE('',*,*,#4745,.T.);
#6573=ORIENTED_EDGE('',*,*,#4990,.T.);
#6574=ORIENTED_EDGE('',*,*,#4779,.T.);
#6575=ORIENTED_EDGE('',*,*,#4989,.F.);
#6576=ORIENTED_EDGE('',*,*,#4747,.T.);
#6577=ORIENTED_EDGE('',*,*,#4991,.T.);
#6578=ORIENTED_EDGE('',*,*,#4780,.T.);
#6579=ORIENTED_EDGE('',*,*,#4990,.F.);
#6580=ORIENTED_EDGE('',*,*,#4992,.T.);
#6581=ORIENTED_EDGE('',*,*,#4993,.T.);
#6582=ORIENTED_EDGE('',*,*,#4781,.T.);
#6583=ORIENTED_EDGE('',*,*,#4991,.F.);
#6584=ORIENTED_EDGE('',*,*,#4994,.T.);
#6585=ORIENTED_EDGE('',*,*,#4995,.T.);
#6586=ORIENTED_EDGE('',*,*,#4782,.T.);
#6587=ORIENTED_EDGE('',*,*,#4993,.F.);
#6588=ORIENTED_EDGE('',*,*,#4996,.T.);
#6589=ORIENTED_EDGE('',*,*,#4997,.T.);
#6590=ORIENTED_EDGE('',*,*,#4783,.T.);
#6591=ORIENTED_EDGE('',*,*,#4995,.F.);
#6592=ORIENTED_EDGE('',*,*,#4998,.T.);
#6593=ORIENTED_EDGE('',*,*,#4999,.T.);
#6594=ORIENTED_EDGE('',*,*,#4784,.T.);
#6595=ORIENTED_EDGE('',*,*,#4997,.F.);
#6596=ORIENTED_EDGE('',*,*,#5000,.T.);
#6597=ORIENTED_EDGE('',*,*,#5001,.T.);
#6598=ORIENTED_EDGE('',*,*,#4785,.T.);
#6599=ORIENTED_EDGE('',*,*,#4999,.F.);
#6600=ORIENTED_EDGE('',*,*,#5002,.T.);
#6601=ORIENTED_EDGE('',*,*,#5003,.T.);
#6602=ORIENTED_EDGE('',*,*,#4786,.T.);
#6603=ORIENTED_EDGE('',*,*,#5001,.F.);
#6604=ORIENTED_EDGE('',*,*,#5004,.T.);
#6605=ORIENTED_EDGE('',*,*,#5005,.T.);
#6606=ORIENTED_EDGE('',*,*,#4787,.T.);
#6607=ORIENTED_EDGE('',*,*,#5003,.F.);
#6608=ORIENTED_EDGE('',*,*,#5006,.T.);
#6609=ORIENTED_EDGE('',*,*,#4979,.F.);
#6610=ORIENTED_EDGE('',*,*,#4788,.T.);
#6611=ORIENTED_EDGE('',*,*,#5005,.F.);
#6612=ORIENTED_EDGE('',*,*,#5007,.T.);
#6613=ORIENTED_EDGE('',*,*,#4709,.F.);
#6614=ORIENTED_EDGE('',*,*,#4729,.F.);
#6615=ORIENTED_EDGE('',*,*,#4980,.F.);
#6616=ORIENTED_EDGE('',*,*,#5008,.F.);
#6617=ORIENTED_EDGE('',*,*,#4674,.F.);
#6618=ORIENTED_EDGE('',*,*,#4768,.T.);
#6619=ORIENTED_EDGE('',*,*,#4767,.F.);
#6620=ORIENTED_EDGE('',*,*,#5009,.T.);
#6621=ORIENTED_EDGE('',*,*,#4717,.F.);
#6622=ORIENTED_EDGE('',*,*,#5010,.F.);
#6623=ORIENTED_EDGE('',*,*,#5002,.F.);
#6624=ORIENTED_EDGE('',*,*,#5011,.F.);
#6625=ORIENTED_EDGE('',*,*,#4922,.F.);
#6626=ORIENTED_EDGE('',*,*,#5012,.T.);
#6627=ORIENTED_EDGE('',*,*,#5013,.T.);
#6628=ORIENTED_EDGE('',*,*,#5014,.T.);
#6629=ORIENTED_EDGE('',*,*,#4921,.F.);
#6630=ORIENTED_EDGE('',*,*,#5015,.T.);
#6631=ORIENTED_EDGE('',*,*,#5016,.F.);
#6632=ORIENTED_EDGE('',*,*,#5012,.F.);
#6633=ORIENTED_EDGE('',*,*,#4918,.F.);
#6634=ORIENTED_EDGE('',*,*,#5017,.T.);
#6635=ORIENTED_EDGE('',*,*,#5018,.T.);
#6636=ORIENTED_EDGE('',*,*,#5019,.T.);
#6637=ORIENTED_EDGE('',*,*,#4917,.F.);
#6638=ORIENTED_EDGE('',*,*,#5020,.T.);
#6639=ORIENTED_EDGE('',*,*,#5021,.F.);
#6640=ORIENTED_EDGE('',*,*,#5017,.F.);
#6641=ORIENTED_EDGE('',*,*,#4914,.F.);
#6642=ORIENTED_EDGE('',*,*,#5022,.T.);
#6643=ORIENTED_EDGE('',*,*,#5023,.T.);
#6644=ORIENTED_EDGE('',*,*,#5024,.T.);
#6645=ORIENTED_EDGE('',*,*,#4913,.F.);
#6646=ORIENTED_EDGE('',*,*,#5025,.T.);
#6647=ORIENTED_EDGE('',*,*,#5026,.F.);
#6648=ORIENTED_EDGE('',*,*,#5022,.F.);
#6649=ORIENTED_EDGE('',*,*,#4910,.F.);
#6650=ORIENTED_EDGE('',*,*,#5027,.F.);
#6651=ORIENTED_EDGE('',*,*,#5028,.F.);
#6652=ORIENTED_EDGE('',*,*,#5029,.F.);
#6653=ORIENTED_EDGE('',*,*,#4909,.F.);
#6654=ORIENTED_EDGE('',*,*,#5030,.F.);
#6655=ORIENTED_EDGE('',*,*,#5031,.T.);
#6656=ORIENTED_EDGE('',*,*,#5027,.T.);
#6657=ORIENTED_EDGE('',*,*,#4906,.F.);
#6658=ORIENTED_EDGE('',*,*,#5032,.T.);
#6659=ORIENTED_EDGE('',*,*,#5033,.T.);
#6660=ORIENTED_EDGE('',*,*,#5034,.T.);
#6661=ORIENTED_EDGE('',*,*,#4905,.F.);
#6662=ORIENTED_EDGE('',*,*,#5035,.T.);
#6663=ORIENTED_EDGE('',*,*,#5036,.F.);
#6664=ORIENTED_EDGE('',*,*,#5032,.F.);
#6665=ORIENTED_EDGE('',*,*,#4902,.F.);
#6666=ORIENTED_EDGE('',*,*,#5037,.T.);
#6667=ORIENTED_EDGE('',*,*,#5038,.T.);
#6668=ORIENTED_EDGE('',*,*,#5039,.T.);
#6669=ORIENTED_EDGE('',*,*,#4901,.F.);
#6670=ORIENTED_EDGE('',*,*,#5040,.T.);
#6671=ORIENTED_EDGE('',*,*,#5041,.F.);
#6672=ORIENTED_EDGE('',*,*,#5037,.F.);
#6673=ORIENTED_EDGE('',*,*,#4898,.F.);
#6674=ORIENTED_EDGE('',*,*,#5042,.T.);
#6675=ORIENTED_EDGE('',*,*,#5043,.T.);
#6676=ORIENTED_EDGE('',*,*,#5044,.T.);
#6677=ORIENTED_EDGE('',*,*,#4897,.F.);
#6678=ORIENTED_EDGE('',*,*,#5045,.T.);
#6679=ORIENTED_EDGE('',*,*,#5046,.F.);
#6680=ORIENTED_EDGE('',*,*,#5042,.F.);
#6681=ORIENTED_EDGE('',*,*,#4894,.F.);
#6682=ORIENTED_EDGE('',*,*,#5047,.T.);
#6683=ORIENTED_EDGE('',*,*,#5048,.T.);
#6684=ORIENTED_EDGE('',*,*,#5049,.T.);
#6685=ORIENTED_EDGE('',*,*,#4893,.F.);
#6686=ORIENTED_EDGE('',*,*,#5050,.T.);
#6687=ORIENTED_EDGE('',*,*,#5051,.F.);
#6688=ORIENTED_EDGE('',*,*,#5047,.F.);
#6689=ORIENTED_EDGE('',*,*,#4890,.F.);
#6690=ORIENTED_EDGE('',*,*,#5052,.T.);
#6691=ORIENTED_EDGE('',*,*,#5053,.T.);
#6692=ORIENTED_EDGE('',*,*,#5054,.T.);
#6693=ORIENTED_EDGE('',*,*,#4889,.F.);
#6694=ORIENTED_EDGE('',*,*,#5055,.T.);
#6695=ORIENTED_EDGE('',*,*,#5056,.F.);
#6696=ORIENTED_EDGE('',*,*,#5052,.F.);
#6697=ORIENTED_EDGE('',*,*,#4886,.F.);
#6698=ORIENTED_EDGE('',*,*,#5057,.T.);
#6699=ORIENTED_EDGE('',*,*,#5058,.T.);
#6700=ORIENTED_EDGE('',*,*,#5059,.T.);
#6701=ORIENTED_EDGE('',*,*,#4885,.F.);
#6702=ORIENTED_EDGE('',*,*,#5060,.T.);
#6703=ORIENTED_EDGE('',*,*,#5061,.F.);
#6704=ORIENTED_EDGE('',*,*,#5057,.F.);
#6705=ORIENTED_EDGE('',*,*,#4882,.F.);
#6706=ORIENTED_EDGE('',*,*,#5062,.T.);
#6707=ORIENTED_EDGE('',*,*,#5063,.T.);
#6708=ORIENTED_EDGE('',*,*,#5064,.T.);
#6709=ORIENTED_EDGE('',*,*,#4881,.F.);
#6710=ORIENTED_EDGE('',*,*,#5065,.T.);
#6711=ORIENTED_EDGE('',*,*,#5066,.F.);
#6712=ORIENTED_EDGE('',*,*,#5062,.F.);
#6713=ORIENTED_EDGE('',*,*,#4878,.F.);
#6714=ORIENTED_EDGE('',*,*,#5067,.T.);
#6715=ORIENTED_EDGE('',*,*,#5068,.T.);
#6716=ORIENTED_EDGE('',*,*,#5069,.T.);
#6717=ORIENTED_EDGE('',*,*,#4877,.F.);
#6718=ORIENTED_EDGE('',*,*,#5070,.T.);
#6719=ORIENTED_EDGE('',*,*,#5071,.F.);
#6720=ORIENTED_EDGE('',*,*,#5067,.F.);
#6721=ORIENTED_EDGE('',*,*,#4874,.F.);
#6722=ORIENTED_EDGE('',*,*,#5072,.T.);
#6723=ORIENTED_EDGE('',*,*,#5073,.T.);
#6724=ORIENTED_EDGE('',*,*,#5074,.T.);
#6725=ORIENTED_EDGE('',*,*,#4873,.F.);
#6726=ORIENTED_EDGE('',*,*,#5075,.T.);
#6727=ORIENTED_EDGE('',*,*,#5076,.F.);
#6728=ORIENTED_EDGE('',*,*,#5072,.F.);
#6729=ORIENTED_EDGE('',*,*,#4870,.F.);
#6730=ORIENTED_EDGE('',*,*,#5077,.F.);
#6731=ORIENTED_EDGE('',*,*,#5078,.F.);
#6732=ORIENTED_EDGE('',*,*,#5079,.F.);
#6733=ORIENTED_EDGE('',*,*,#4869,.F.);
#6734=ORIENTED_EDGE('',*,*,#5080,.F.);
#6735=ORIENTED_EDGE('',*,*,#5081,.T.);
#6736=ORIENTED_EDGE('',*,*,#5077,.T.);
#6737=ORIENTED_EDGE('',*,*,#4866,.F.);
#6738=ORIENTED_EDGE('',*,*,#5082,.T.);
#6739=ORIENTED_EDGE('',*,*,#5083,.T.);
#6740=ORIENTED_EDGE('',*,*,#5084,.T.);
#6741=ORIENTED_EDGE('',*,*,#4865,.F.);
#6742=ORIENTED_EDGE('',*,*,#5085,.T.);
#6743=ORIENTED_EDGE('',*,*,#5086,.F.);
#6744=ORIENTED_EDGE('',*,*,#5082,.F.);
#6745=ORIENTED_EDGE('',*,*,#4862,.F.);
#6746=ORIENTED_EDGE('',*,*,#5087,.T.);
#6747=ORIENTED_EDGE('',*,*,#5088,.T.);
#6748=ORIENTED_EDGE('',*,*,#5089,.T.);
#6749=ORIENTED_EDGE('',*,*,#4861,.F.);
#6750=ORIENTED_EDGE('',*,*,#5090,.T.);
#6751=ORIENTED_EDGE('',*,*,#5091,.F.);
#6752=ORIENTED_EDGE('',*,*,#5087,.F.);
#6753=ORIENTED_EDGE('',*,*,#4858,.F.);
#6754=ORIENTED_EDGE('',*,*,#5092,.T.);
#6755=ORIENTED_EDGE('',*,*,#5093,.T.);
#6756=ORIENTED_EDGE('',*,*,#5094,.T.);
#6757=ORIENTED_EDGE('',*,*,#4857,.F.);
#6758=ORIENTED_EDGE('',*,*,#5095,.T.);
#6759=ORIENTED_EDGE('',*,*,#5096,.F.);
#6760=ORIENTED_EDGE('',*,*,#5092,.F.);
#6761=ORIENTED_EDGE('',*,*,#4854,.F.);
#6762=ORIENTED_EDGE('',*,*,#5097,.T.);
#6763=ORIENTED_EDGE('',*,*,#5098,.T.);
#6764=ORIENTED_EDGE('',*,*,#5099,.T.);
#6765=ORIENTED_EDGE('',*,*,#4853,.F.);
#6766=ORIENTED_EDGE('',*,*,#5100,.T.);
#6767=ORIENTED_EDGE('',*,*,#5101,.F.);
#6768=ORIENTED_EDGE('',*,*,#5097,.F.);
#6769=ORIENTED_EDGE('',*,*,#4850,.F.);
#6770=ORIENTED_EDGE('',*,*,#5102,.T.);
#6771=ORIENTED_EDGE('',*,*,#5103,.T.);
#6772=ORIENTED_EDGE('',*,*,#5104,.T.);
#6773=ORIENTED_EDGE('',*,*,#4849,.F.);
#6774=ORIENTED_EDGE('',*,*,#5105,.T.);
#6775=ORIENTED_EDGE('',*,*,#5106,.F.);
#6776=ORIENTED_EDGE('',*,*,#5102,.F.);
#6777=ORIENTED_EDGE('',*,*,#4846,.F.);
#6778=ORIENTED_EDGE('',*,*,#5107,.T.);
#6779=ORIENTED_EDGE('',*,*,#5108,.T.);
#6780=ORIENTED_EDGE('',*,*,#5109,.T.);
#6781=ORIENTED_EDGE('',*,*,#4845,.F.);
#6782=ORIENTED_EDGE('',*,*,#5110,.T.);
#6783=ORIENTED_EDGE('',*,*,#5111,.F.);
#6784=ORIENTED_EDGE('',*,*,#5107,.F.);
#6785=ORIENTED_EDGE('',*,*,#4842,.F.);
#6786=ORIENTED_EDGE('',*,*,#5112,.T.);
#6787=ORIENTED_EDGE('',*,*,#5113,.T.);
#6788=ORIENTED_EDGE('',*,*,#5114,.T.);
#6789=ORIENTED_EDGE('',*,*,#4841,.F.);
#6790=ORIENTED_EDGE('',*,*,#5115,.T.);
#6791=ORIENTED_EDGE('',*,*,#5116,.F.);
#6792=ORIENTED_EDGE('',*,*,#5112,.F.);
#6793=ORIENTED_EDGE('',*,*,#4838,.F.);
#6794=ORIENTED_EDGE('',*,*,#5117,.T.);
#6795=ORIENTED_EDGE('',*,*,#5118,.T.);
#6796=ORIENTED_EDGE('',*,*,#5119,.T.);
#6797=ORIENTED_EDGE('',*,*,#4837,.F.);
#6798=ORIENTED_EDGE('',*,*,#5120,.T.);
#6799=ORIENTED_EDGE('',*,*,#5121,.F.);
#6800=ORIENTED_EDGE('',*,*,#5117,.F.);
#6801=ORIENTED_EDGE('',*,*,#4834,.F.);
#6802=ORIENTED_EDGE('',*,*,#5122,.T.);
#6803=ORIENTED_EDGE('',*,*,#5123,.T.);
#6804=ORIENTED_EDGE('',*,*,#5124,.T.);
#6805=ORIENTED_EDGE('',*,*,#4833,.F.);
#6806=ORIENTED_EDGE('',*,*,#5125,.T.);
#6807=ORIENTED_EDGE('',*,*,#5126,.F.);
#6808=ORIENTED_EDGE('',*,*,#5122,.F.);
#6809=ORIENTED_EDGE('',*,*,#4830,.F.);
#6810=ORIENTED_EDGE('',*,*,#5127,.T.);
#6811=ORIENTED_EDGE('',*,*,#5128,.T.);
#6812=ORIENTED_EDGE('',*,*,#5129,.T.);
#6813=ORIENTED_EDGE('',*,*,#4829,.F.);
#6814=ORIENTED_EDGE('',*,*,#5130,.T.);
#6815=ORIENTED_EDGE('',*,*,#5131,.F.);
#6816=ORIENTED_EDGE('',*,*,#5127,.F.);
#6817=ORIENTED_EDGE('',*,*,#4826,.F.);
#6818=ORIENTED_EDGE('',*,*,#5132,.T.);
#6819=ORIENTED_EDGE('',*,*,#5133,.T.);
#6820=ORIENTED_EDGE('',*,*,#5134,.T.);
#6821=ORIENTED_EDGE('',*,*,#4825,.F.);
#6822=ORIENTED_EDGE('',*,*,#5135,.T.);
#6823=ORIENTED_EDGE('',*,*,#5136,.F.);
#6824=ORIENTED_EDGE('',*,*,#5132,.F.);
#6825=ORIENTED_EDGE('',*,*,#4822,.F.);
#6826=ORIENTED_EDGE('',*,*,#5137,.T.);
#6827=ORIENTED_EDGE('',*,*,#5138,.T.);
#6828=ORIENTED_EDGE('',*,*,#5139,.T.);
#6829=ORIENTED_EDGE('',*,*,#4821,.F.);
#6830=ORIENTED_EDGE('',*,*,#5140,.T.);
#6831=ORIENTED_EDGE('',*,*,#5141,.F.);
#6832=ORIENTED_EDGE('',*,*,#5137,.F.);
#6833=ORIENTED_EDGE('',*,*,#4818,.F.);
#6834=ORIENTED_EDGE('',*,*,#5142,.T.);
#6835=ORIENTED_EDGE('',*,*,#5143,.T.);
#6836=ORIENTED_EDGE('',*,*,#5144,.T.);
#6837=ORIENTED_EDGE('',*,*,#4817,.F.);
#6838=ORIENTED_EDGE('',*,*,#5145,.T.);
#6839=ORIENTED_EDGE('',*,*,#5146,.F.);
#6840=ORIENTED_EDGE('',*,*,#5142,.F.);
#6841=ORIENTED_EDGE('',*,*,#4814,.F.);
#6842=ORIENTED_EDGE('',*,*,#5147,.T.);
#6843=ORIENTED_EDGE('',*,*,#5148,.T.);
#6844=ORIENTED_EDGE('',*,*,#5149,.T.);
#6845=ORIENTED_EDGE('',*,*,#4813,.F.);
#6846=ORIENTED_EDGE('',*,*,#5150,.T.);
#6847=ORIENTED_EDGE('',*,*,#5151,.F.);
#6848=ORIENTED_EDGE('',*,*,#5147,.F.);
#6849=ORIENTED_EDGE('',*,*,#4810,.F.);
#6850=ORIENTED_EDGE('',*,*,#5152,.T.);
#6851=ORIENTED_EDGE('',*,*,#5153,.T.);
#6852=ORIENTED_EDGE('',*,*,#5154,.T.);
#6853=ORIENTED_EDGE('',*,*,#4809,.F.);
#6854=ORIENTED_EDGE('',*,*,#5155,.T.);
#6855=ORIENTED_EDGE('',*,*,#5156,.F.);
#6856=ORIENTED_EDGE('',*,*,#5152,.F.);
#6857=ORIENTED_EDGE('',*,*,#4806,.F.);
#6858=ORIENTED_EDGE('',*,*,#5157,.T.);
#6859=ORIENTED_EDGE('',*,*,#5158,.T.);
#6860=ORIENTED_EDGE('',*,*,#5159,.T.);
#6861=ORIENTED_EDGE('',*,*,#4805,.F.);
#6862=ORIENTED_EDGE('',*,*,#5160,.T.);
#6863=ORIENTED_EDGE('',*,*,#5161,.F.);
#6864=ORIENTED_EDGE('',*,*,#5157,.F.);
#6865=ORIENTED_EDGE('',*,*,#4726,.F.);
#6866=ORIENTED_EDGE('',*,*,#5162,.T.);
#6867=ORIENTED_EDGE('',*,*,#4992,.F.);
#6868=ORIENTED_EDGE('',*,*,#4746,.T.);
#6869=ORIENTED_EDGE('',*,*,#4725,.F.);
#6870=ORIENTED_EDGE('',*,*,#5163,.F.);
#6871=ORIENTED_EDGE('',*,*,#4994,.F.);
#6872=ORIENTED_EDGE('',*,*,#5162,.F.);
#6873=ORIENTED_EDGE('',*,*,#4851,.F.);
#6874=ORIENTED_EDGE('',*,*,#5104,.F.);
#6875=ORIENTED_EDGE('',*,*,#5164,.T.);
#6876=ORIENTED_EDGE('',*,*,#5165,.T.);
#6877=ORIENTED_EDGE('',*,*,#4721,.F.);
#6878=ORIENTED_EDGE('',*,*,#5166,.F.);
#6879=ORIENTED_EDGE('',*,*,#4998,.F.);
#6880=ORIENTED_EDGE('',*,*,#5167,.F.);
#6881=ORIENTED_EDGE('',*,*,#4723,.F.);
#6882=ORIENTED_EDGE('',*,*,#5167,.T.);
#6883=ORIENTED_EDGE('',*,*,#4996,.F.);
#6884=ORIENTED_EDGE('',*,*,#5163,.T.);
#6885=ORIENTED_EDGE('',*,*,#4871,.F.);
#6886=ORIENTED_EDGE('',*,*,#5079,.T.);
#6887=ORIENTED_EDGE('',*,*,#5168,.F.);
#6888=ORIENTED_EDGE('',*,*,#5169,.F.);
#6889=ORIENTED_EDGE('',*,*,#4923,.F.);
#6890=ORIENTED_EDGE('',*,*,#5014,.F.);
#6891=ORIENTED_EDGE('',*,*,#5170,.T.);
#6892=ORIENTED_EDGE('',*,*,#5171,.T.);
#6893=ORIENTED_EDGE('',*,*,#5172,.T.);
#6894=ORIENTED_EDGE('',*,*,#5170,.F.);
#6895=ORIENTED_EDGE('',*,*,#5013,.F.);
#6896=ORIENTED_EDGE('',*,*,#5016,.T.);
#6897=ORIENTED_EDGE('',*,*,#4924,.F.);
#6898=ORIENTED_EDGE('',*,*,#5171,.F.);
#6899=ORIENTED_EDGE('',*,*,#5172,.F.);
#6900=ORIENTED_EDGE('',*,*,#5015,.F.);
#6901=ORIENTED_EDGE('',*,*,#4919,.F.);
#6902=ORIENTED_EDGE('',*,*,#5019,.F.);
#6903=ORIENTED_EDGE('',*,*,#5173,.T.);
#6904=ORIENTED_EDGE('',*,*,#5174,.T.);
#6905=ORIENTED_EDGE('',*,*,#5175,.T.);
#6906=ORIENTED_EDGE('',*,*,#5173,.F.);
#6907=ORIENTED_EDGE('',*,*,#5018,.F.);
#6908=ORIENTED_EDGE('',*,*,#5021,.T.);
#6909=ORIENTED_EDGE('',*,*,#4920,.F.);
#6910=ORIENTED_EDGE('',*,*,#5174,.F.);
#6911=ORIENTED_EDGE('',*,*,#5175,.F.);
#6912=ORIENTED_EDGE('',*,*,#5020,.F.);
#6913=ORIENTED_EDGE('',*,*,#4915,.F.);
#6914=ORIENTED_EDGE('',*,*,#5024,.F.);
#6915=ORIENTED_EDGE('',*,*,#5176,.T.);
#6916=ORIENTED_EDGE('',*,*,#5177,.T.);
#6917=ORIENTED_EDGE('',*,*,#5178,.T.);
#6918=ORIENTED_EDGE('',*,*,#5176,.F.);
#6919=ORIENTED_EDGE('',*,*,#5023,.F.);
#6920=ORIENTED_EDGE('',*,*,#5026,.T.);
#6921=ORIENTED_EDGE('',*,*,#4916,.F.);
#6922=ORIENTED_EDGE('',*,*,#5177,.F.);
#6923=ORIENTED_EDGE('',*,*,#5178,.F.);
#6924=ORIENTED_EDGE('',*,*,#5025,.F.);
#6925=ORIENTED_EDGE('',*,*,#5028,.T.);
#6926=ORIENTED_EDGE('',*,*,#5031,.F.);
#6927=ORIENTED_EDGE('',*,*,#5179,.F.);
#6928=ORIENTED_EDGE('',*,*,#5180,.T.);
#6929=ORIENTED_EDGE('',*,*,#4911,.F.);
#6930=ORIENTED_EDGE('',*,*,#5029,.T.);
#6931=ORIENTED_EDGE('',*,*,#5180,.F.);
#6932=ORIENTED_EDGE('',*,*,#5181,.F.);
#6933=ORIENTED_EDGE('',*,*,#4912,.F.);
#6934=ORIENTED_EDGE('',*,*,#5181,.T.);
#6935=ORIENTED_EDGE('',*,*,#5179,.T.);
#6936=ORIENTED_EDGE('',*,*,#5030,.T.);
#6937=ORIENTED_EDGE('',*,*,#4907,.F.);
#6938=ORIENTED_EDGE('',*,*,#5034,.F.);
#6939=ORIENTED_EDGE('',*,*,#5182,.T.);
#6940=ORIENTED_EDGE('',*,*,#5183,.T.);
#6941=ORIENTED_EDGE('',*,*,#5184,.T.);
#6942=ORIENTED_EDGE('',*,*,#5182,.F.);
#6943=ORIENTED_EDGE('',*,*,#5033,.F.);
#6944=ORIENTED_EDGE('',*,*,#5036,.T.);
#6945=ORIENTED_EDGE('',*,*,#4908,.F.);
#6946=ORIENTED_EDGE('',*,*,#5183,.F.);
#6947=ORIENTED_EDGE('',*,*,#5184,.F.);
#6948=ORIENTED_EDGE('',*,*,#5035,.F.);
#6949=ORIENTED_EDGE('',*,*,#4903,.F.);
#6950=ORIENTED_EDGE('',*,*,#5039,.F.);
#6951=ORIENTED_EDGE('',*,*,#5185,.T.);
#6952=ORIENTED_EDGE('',*,*,#5186,.T.);
#6953=ORIENTED_EDGE('',*,*,#5187,.T.);
#6954=ORIENTED_EDGE('',*,*,#5185,.F.);
#6955=ORIENTED_EDGE('',*,*,#5038,.F.);
#6956=ORIENTED_EDGE('',*,*,#5041,.T.);
#6957=ORIENTED_EDGE('',*,*,#4904,.F.);
#6958=ORIENTED_EDGE('',*,*,#5186,.F.);
#6959=ORIENTED_EDGE('',*,*,#5187,.F.);
#6960=ORIENTED_EDGE('',*,*,#5040,.F.);
#6961=ORIENTED_EDGE('',*,*,#4899,.F.);
#6962=ORIENTED_EDGE('',*,*,#5044,.F.);
#6963=ORIENTED_EDGE('',*,*,#5188,.T.);
#6964=ORIENTED_EDGE('',*,*,#5189,.T.);
#6965=ORIENTED_EDGE('',*,*,#5190,.T.);
#6966=ORIENTED_EDGE('',*,*,#5188,.F.);
#6967=ORIENTED_EDGE('',*,*,#5043,.F.);
#6968=ORIENTED_EDGE('',*,*,#5046,.T.);
#6969=ORIENTED_EDGE('',*,*,#4900,.F.);
#6970=ORIENTED_EDGE('',*,*,#5189,.F.);
#6971=ORIENTED_EDGE('',*,*,#5190,.F.);
#6972=ORIENTED_EDGE('',*,*,#5045,.F.);
#6973=ORIENTED_EDGE('',*,*,#4895,.F.);
#6974=ORIENTED_EDGE('',*,*,#5049,.F.);
#6975=ORIENTED_EDGE('',*,*,#5191,.T.);
#6976=ORIENTED_EDGE('',*,*,#5192,.T.);
#6977=ORIENTED_EDGE('',*,*,#5193,.T.);
#6978=ORIENTED_EDGE('',*,*,#5191,.F.);
#6979=ORIENTED_EDGE('',*,*,#5048,.F.);
#6980=ORIENTED_EDGE('',*,*,#5051,.T.);
#6981=ORIENTED_EDGE('',*,*,#4896,.F.);
#6982=ORIENTED_EDGE('',*,*,#5192,.F.);
#6983=ORIENTED_EDGE('',*,*,#5193,.F.);
#6984=ORIENTED_EDGE('',*,*,#5050,.F.);
#6985=ORIENTED_EDGE('',*,*,#4891,.F.);
#6986=ORIENTED_EDGE('',*,*,#5054,.F.);
#6987=ORIENTED_EDGE('',*,*,#5194,.T.);
#6988=ORIENTED_EDGE('',*,*,#5195,.T.);
#6989=ORIENTED_EDGE('',*,*,#5196,.T.);
#6990=ORIENTED_EDGE('',*,*,#5194,.F.);
#6991=ORIENTED_EDGE('',*,*,#5053,.F.);
#6992=ORIENTED_EDGE('',*,*,#5056,.T.);
#6993=ORIENTED_EDGE('',*,*,#4892,.F.);
#6994=ORIENTED_EDGE('',*,*,#5195,.F.);
#6995=ORIENTED_EDGE('',*,*,#5196,.F.);
#6996=ORIENTED_EDGE('',*,*,#5055,.F.);
#6997=ORIENTED_EDGE('',*,*,#4887,.F.);
#6998=ORIENTED_EDGE('',*,*,#5059,.F.);
#6999=ORIENTED_EDGE('',*,*,#5197,.T.);
#7000=ORIENTED_EDGE('',*,*,#5198,.T.);
#7001=ORIENTED_EDGE('',*,*,#5199,.T.);
#7002=ORIENTED_EDGE('',*,*,#5197,.F.);
#7003=ORIENTED_EDGE('',*,*,#5058,.F.);
#7004=ORIENTED_EDGE('',*,*,#5061,.T.);
#7005=ORIENTED_EDGE('',*,*,#4888,.F.);
#7006=ORIENTED_EDGE('',*,*,#5198,.F.);
#7007=ORIENTED_EDGE('',*,*,#5199,.F.);
#7008=ORIENTED_EDGE('',*,*,#5060,.F.);
#7009=ORIENTED_EDGE('',*,*,#4883,.F.);
#7010=ORIENTED_EDGE('',*,*,#5064,.F.);
#7011=ORIENTED_EDGE('',*,*,#5200,.T.);
#7012=ORIENTED_EDGE('',*,*,#5201,.T.);
#7013=ORIENTED_EDGE('',*,*,#5202,.T.);
#7014=ORIENTED_EDGE('',*,*,#5200,.F.);
#7015=ORIENTED_EDGE('',*,*,#5063,.F.);
#7016=ORIENTED_EDGE('',*,*,#5066,.T.);
#7017=ORIENTED_EDGE('',*,*,#4884,.F.);
#7018=ORIENTED_EDGE('',*,*,#5201,.F.);
#7019=ORIENTED_EDGE('',*,*,#5202,.F.);
#7020=ORIENTED_EDGE('',*,*,#5065,.F.);
#7021=ORIENTED_EDGE('',*,*,#4879,.F.);
#7022=ORIENTED_EDGE('',*,*,#5069,.F.);
#7023=ORIENTED_EDGE('',*,*,#5203,.T.);
#7024=ORIENTED_EDGE('',*,*,#5204,.T.);
#7025=ORIENTED_EDGE('',*,*,#5205,.T.);
#7026=ORIENTED_EDGE('',*,*,#5203,.F.);
#7027=ORIENTED_EDGE('',*,*,#5068,.F.);
#7028=ORIENTED_EDGE('',*,*,#5071,.T.);
#7029=ORIENTED_EDGE('',*,*,#4880,.F.);
#7030=ORIENTED_EDGE('',*,*,#5204,.F.);
#7031=ORIENTED_EDGE('',*,*,#5205,.F.);
#7032=ORIENTED_EDGE('',*,*,#5070,.F.);
#7033=ORIENTED_EDGE('',*,*,#4875,.F.);
#7034=ORIENTED_EDGE('',*,*,#5074,.F.);
#7035=ORIENTED_EDGE('',*,*,#5206,.T.);
#7036=ORIENTED_EDGE('',*,*,#5207,.T.);
#7037=ORIENTED_EDGE('',*,*,#5208,.T.);
#7038=ORIENTED_EDGE('',*,*,#5206,.F.);
#7039=ORIENTED_EDGE('',*,*,#5073,.F.);
#7040=ORIENTED_EDGE('',*,*,#5076,.T.);
#7041=ORIENTED_EDGE('',*,*,#4876,.F.);
#7042=ORIENTED_EDGE('',*,*,#5207,.F.);
#7043=ORIENTED_EDGE('',*,*,#5208,.F.);
#7044=ORIENTED_EDGE('',*,*,#5075,.F.);
#7045=ORIENTED_EDGE('',*,*,#5078,.T.);
#7046=ORIENTED_EDGE('',*,*,#5081,.F.);
#7047=ORIENTED_EDGE('',*,*,#5209,.F.);
#7048=ORIENTED_EDGE('',*,*,#5168,.T.);
#7049=ORIENTED_EDGE('',*,*,#4872,.F.);
#7050=ORIENTED_EDGE('',*,*,#5169,.T.);
#7051=ORIENTED_EDGE('',*,*,#5209,.T.);
#7052=ORIENTED_EDGE('',*,*,#5080,.T.);
#7053=ORIENTED_EDGE('',*,*,#4867,.F.);
#7054=ORIENTED_EDGE('',*,*,#5084,.F.);
#7055=ORIENTED_EDGE('',*,*,#5210,.T.);
#7056=ORIENTED_EDGE('',*,*,#5211,.T.);
#7057=ORIENTED_EDGE('',*,*,#5212,.T.);
#7058=ORIENTED_EDGE('',*,*,#5210,.F.);
#7059=ORIENTED_EDGE('',*,*,#5083,.F.);
#7060=ORIENTED_EDGE('',*,*,#5086,.T.);
#7061=ORIENTED_EDGE('',*,*,#4868,.F.);
#7062=ORIENTED_EDGE('',*,*,#5211,.F.);
#7063=ORIENTED_EDGE('',*,*,#5212,.F.);
#7064=ORIENTED_EDGE('',*,*,#5085,.F.);
#7065=ORIENTED_EDGE('',*,*,#4719,.F.);
#7066=ORIENTED_EDGE('',*,*,#5011,.T.);
#7067=ORIENTED_EDGE('',*,*,#5000,.F.);
#7068=ORIENTED_EDGE('',*,*,#5166,.T.);
#7069=ORIENTED_EDGE('',*,*,#5213,.T.);
#7070=ORIENTED_EDGE('',*,*,#5214,.T.);
#7071=ORIENTED_EDGE('',*,*,#5215,.F.);
#7072=ORIENTED_EDGE('',*,*,#5216,.T.);
#7073=ORIENTED_EDGE('',*,*,#5217,.F.);
#7074=ORIENTED_EDGE('',*,*,#5218,.T.);
#7075=ORIENTED_EDGE('',*,*,#5219,.T.);
#7076=ORIENTED_EDGE('',*,*,#5220,.T.);
#7077=ORIENTED_EDGE('',*,*,#5221,.T.);
#7078=ORIENTED_EDGE('',*,*,#5222,.T.);
#7079=ORIENTED_EDGE('',*,*,#5223,.T.);
#7080=ORIENTED_EDGE('',*,*,#4593,.F.);
#7081=ORIENTED_EDGE('',*,*,#5224,.T.);
#7082=ORIENTED_EDGE('',*,*,#5217,.T.);
#7083=ORIENTED_EDGE('',*,*,#5225,.T.);
#7084=ORIENTED_EDGE('',*,*,#4595,.F.);
#7085=ORIENTED_EDGE('',*,*,#5226,.T.);
#7086=ORIENTED_EDGE('',*,*,#5215,.T.);
#7087=ORIENTED_EDGE('',*,*,#5227,.T.);
#7088=ORIENTED_EDGE('',*,*,#5228,.F.);
#7089=ORIENTED_EDGE('',*,*,#5229,.T.);
#7090=ORIENTED_EDGE('',*,*,#5230,.T.);
#7091=ORIENTED_EDGE('',*,*,#5231,.F.);
#7092=ORIENTED_EDGE('',*,*,#5232,.F.);
#7093=ORIENTED_EDGE('',*,*,#5231,.T.);
#7094=ORIENTED_EDGE('',*,*,#5233,.T.);
#7095=ORIENTED_EDGE('',*,*,#5234,.F.);
#7096=ORIENTED_EDGE('',*,*,#5235,.F.);
#7097=ORIENTED_EDGE('',*,*,#5234,.T.);
#7098=ORIENTED_EDGE('',*,*,#5236,.T.);
#7099=ORIENTED_EDGE('',*,*,#5237,.F.);
#7100=ORIENTED_EDGE('',*,*,#5238,.F.);
#7101=ORIENTED_EDGE('',*,*,#5237,.T.);
#7102=ORIENTED_EDGE('',*,*,#5239,.T.);
#7103=ORIENTED_EDGE('',*,*,#5240,.F.);
#7104=ORIENTED_EDGE('',*,*,#5241,.F.);
#7105=ORIENTED_EDGE('',*,*,#5240,.T.);
#7106=ORIENTED_EDGE('',*,*,#5242,.T.);
#7107=ORIENTED_EDGE('',*,*,#5243,.F.);
#7108=ORIENTED_EDGE('',*,*,#5244,.F.);
#7109=ORIENTED_EDGE('',*,*,#5243,.T.);
#7110=ORIENTED_EDGE('',*,*,#5245,.T.);
#7111=ORIENTED_EDGE('',*,*,#5246,.F.);
#7112=ORIENTED_EDGE('',*,*,#5247,.F.);
#7113=ORIENTED_EDGE('',*,*,#5246,.T.);
#7114=ORIENTED_EDGE('',*,*,#5248,.T.);
#7115=ORIENTED_EDGE('',*,*,#5249,.F.);
#7116=ORIENTED_EDGE('',*,*,#5250,.F.);
#7117=ORIENTED_EDGE('',*,*,#5249,.T.);
#7118=ORIENTED_EDGE('',*,*,#5251,.T.);
#7119=ORIENTED_EDGE('',*,*,#5252,.F.);
#7120=ORIENTED_EDGE('',*,*,#5253,.F.);
#7121=ORIENTED_EDGE('',*,*,#5254,.F.);
#7122=ORIENTED_EDGE('',*,*,#5255,.F.);
#7123=ORIENTED_EDGE('',*,*,#5251,.F.);
#7124=ORIENTED_EDGE('',*,*,#5248,.F.);
#7125=ORIENTED_EDGE('',*,*,#5245,.F.);
#7126=ORIENTED_EDGE('',*,*,#5242,.F.);
#7127=ORIENTED_EDGE('',*,*,#5239,.F.);
#7128=ORIENTED_EDGE('',*,*,#5236,.F.);
#7129=ORIENTED_EDGE('',*,*,#5233,.F.);
#7130=ORIENTED_EDGE('',*,*,#5230,.F.);
#7131=ORIENTED_EDGE('',*,*,#5256,.F.);
#7132=ORIENTED_EDGE('',*,*,#5257,.F.);
#7133=ORIENTED_EDGE('',*,*,#5258,.F.);
#7134=ORIENTED_EDGE('',*,*,#5259,.F.);
#7135=ORIENTED_EDGE('',*,*,#5260,.F.);
#7136=ORIENTED_EDGE('',*,*,#5261,.F.);
#7137=ORIENTED_EDGE('',*,*,#5262,.T.);
#7138=ORIENTED_EDGE('',*,*,#5263,.T.);
#7139=ORIENTED_EDGE('',*,*,#5264,.F.);
#7140=ORIENTED_EDGE('',*,*,#5265,.F.);
#7141=ORIENTED_EDGE('',*,*,#5264,.T.);
#7142=ORIENTED_EDGE('',*,*,#5266,.T.);
#7143=ORIENTED_EDGE('',*,*,#5267,.F.);
#7144=ORIENTED_EDGE('',*,*,#5268,.F.);
#7145=ORIENTED_EDGE('',*,*,#5267,.T.);
#7146=ORIENTED_EDGE('',*,*,#5269,.T.);
#7147=ORIENTED_EDGE('',*,*,#5270,.F.);
#7148=ORIENTED_EDGE('',*,*,#5271,.F.);
#7149=ORIENTED_EDGE('',*,*,#5270,.T.);
#7150=ORIENTED_EDGE('',*,*,#5272,.T.);
#7151=ORIENTED_EDGE('',*,*,#5273,.F.);
#7152=ORIENTED_EDGE('',*,*,#5274,.F.);
#7153=ORIENTED_EDGE('',*,*,#5273,.T.);
#7154=ORIENTED_EDGE('',*,*,#5275,.T.);
#7155=ORIENTED_EDGE('',*,*,#5276,.F.);
#7156=ORIENTED_EDGE('',*,*,#5277,.F.);
#7157=ORIENTED_EDGE('',*,*,#5276,.T.);
#7158=ORIENTED_EDGE('',*,*,#5278,.T.);
#7159=ORIENTED_EDGE('',*,*,#5279,.F.);
#7160=ORIENTED_EDGE('',*,*,#5280,.F.);
#7161=ORIENTED_EDGE('',*,*,#5279,.T.);
#7162=ORIENTED_EDGE('',*,*,#5281,.T.);
#7163=ORIENTED_EDGE('',*,*,#5282,.F.);
#7164=ORIENTED_EDGE('',*,*,#5283,.F.);
#7165=ORIENTED_EDGE('',*,*,#5282,.T.);
#7166=ORIENTED_EDGE('',*,*,#5284,.T.);
#7167=ORIENTED_EDGE('',*,*,#5285,.F.);
#7168=ORIENTED_EDGE('',*,*,#5286,.F.);
#7169=ORIENTED_EDGE('',*,*,#5287,.F.);
#7170=ORIENTED_EDGE('',*,*,#5288,.F.);
#7171=ORIENTED_EDGE('',*,*,#5284,.F.);
#7172=ORIENTED_EDGE('',*,*,#5281,.F.);
#7173=ORIENTED_EDGE('',*,*,#5278,.F.);
#7174=ORIENTED_EDGE('',*,*,#5275,.F.);
#7175=ORIENTED_EDGE('',*,*,#5272,.F.);
#7176=ORIENTED_EDGE('',*,*,#5269,.F.);
#7177=ORIENTED_EDGE('',*,*,#5266,.F.);
#7178=ORIENTED_EDGE('',*,*,#5263,.F.);
#7179=ORIENTED_EDGE('',*,*,#5289,.F.);
#7180=ORIENTED_EDGE('',*,*,#5290,.F.);
#7181=ORIENTED_EDGE('',*,*,#5291,.F.);
#7182=ORIENTED_EDGE('',*,*,#5292,.F.);
#7183=ORIENTED_EDGE('',*,*,#5293,.F.);
#7184=ORIENTED_EDGE('',*,*,#4592,.F.);
#7185=ORIENTED_EDGE('',*,*,#5294,.F.);
#7186=ORIENTED_EDGE('',*,*,#5218,.F.);
#7187=ORIENTED_EDGE('',*,*,#5224,.F.);
#7188=ORIENTED_EDGE('',*,*,#4594,.F.);
#7189=ORIENTED_EDGE('',*,*,#5225,.F.);
#7190=ORIENTED_EDGE('',*,*,#5216,.F.);
#7191=ORIENTED_EDGE('',*,*,#5226,.F.);
#7192=ORIENTED_EDGE('',*,*,#5295,.T.);
#7193=ORIENTED_EDGE('',*,*,#5296,.F.);
#7194=ORIENTED_EDGE('',*,*,#5297,.F.);
#7195=ORIENTED_EDGE('',*,*,#5298,.T.);
#7196=ORIENTED_EDGE('',*,*,#5299,.T.);
#7197=ORIENTED_EDGE('',*,*,#5300,.F.);
#7198=ORIENTED_EDGE('',*,*,#5301,.F.);
#7199=ORIENTED_EDGE('',*,*,#5296,.T.);
#7200=ORIENTED_EDGE('',*,*,#5302,.T.);
#7201=ORIENTED_EDGE('',*,*,#5303,.F.);
#7202=ORIENTED_EDGE('',*,*,#5304,.F.);
#7203=ORIENTED_EDGE('',*,*,#5300,.T.);
#7204=ORIENTED_EDGE('',*,*,#5305,.T.);
#7205=ORIENTED_EDGE('',*,*,#5306,.F.);
#7206=ORIENTED_EDGE('',*,*,#5307,.F.);
#7207=ORIENTED_EDGE('',*,*,#5303,.T.);
#7208=ORIENTED_EDGE('',*,*,#5308,.T.);
#7209=ORIENTED_EDGE('',*,*,#5309,.F.);
#7210=ORIENTED_EDGE('',*,*,#5310,.F.);
#7211=ORIENTED_EDGE('',*,*,#5306,.T.);
#7212=ORIENTED_EDGE('',*,*,#5311,.T.);
#7213=ORIENTED_EDGE('',*,*,#5312,.F.);
#7214=ORIENTED_EDGE('',*,*,#5313,.F.);
#7215=ORIENTED_EDGE('',*,*,#5309,.T.);
#7216=ORIENTED_EDGE('',*,*,#5314,.T.);
#7217=ORIENTED_EDGE('',*,*,#5315,.F.);
#7218=ORIENTED_EDGE('',*,*,#5316,.F.);
#7219=ORIENTED_EDGE('',*,*,#5312,.T.);
#7220=ORIENTED_EDGE('',*,*,#5317,.T.);
#7221=ORIENTED_EDGE('',*,*,#5318,.F.);
#7222=ORIENTED_EDGE('',*,*,#5319,.F.);
#7223=ORIENTED_EDGE('',*,*,#5315,.T.);
#7224=ORIENTED_EDGE('',*,*,#5320,.T.);
#7225=ORIENTED_EDGE('',*,*,#5321,.F.);
#7226=ORIENTED_EDGE('',*,*,#5322,.F.);
#7227=ORIENTED_EDGE('',*,*,#5318,.T.);
#7228=ORIENTED_EDGE('',*,*,#5323,.T.);
#7229=ORIENTED_EDGE('',*,*,#5324,.F.);
#7230=ORIENTED_EDGE('',*,*,#5325,.F.);
#7231=ORIENTED_EDGE('',*,*,#5321,.T.);
#7232=ORIENTED_EDGE('',*,*,#5326,.T.);
#7233=ORIENTED_EDGE('',*,*,#5327,.F.);
#7234=ORIENTED_EDGE('',*,*,#5328,.F.);
#7235=ORIENTED_EDGE('',*,*,#5324,.T.);
#7236=ORIENTED_EDGE('',*,*,#5329,.T.);
#7237=ORIENTED_EDGE('',*,*,#5330,.F.);
#7238=ORIENTED_EDGE('',*,*,#5331,.F.);
#7239=ORIENTED_EDGE('',*,*,#5327,.T.);
#7240=ORIENTED_EDGE('',*,*,#5332,.T.);
#7241=ORIENTED_EDGE('',*,*,#5333,.F.);
#7242=ORIENTED_EDGE('',*,*,#5334,.F.);
#7243=ORIENTED_EDGE('',*,*,#5330,.T.);
#7244=ORIENTED_EDGE('',*,*,#5335,.T.);
#7245=ORIENTED_EDGE('',*,*,#5336,.F.);
#7246=ORIENTED_EDGE('',*,*,#5337,.F.);
#7247=ORIENTED_EDGE('',*,*,#5333,.T.);
#7248=ORIENTED_EDGE('',*,*,#5338,.T.);
#7249=ORIENTED_EDGE('',*,*,#5339,.F.);
#7250=ORIENTED_EDGE('',*,*,#5340,.F.);
#7251=ORIENTED_EDGE('',*,*,#5336,.T.);
#7252=ORIENTED_EDGE('',*,*,#5341,.T.);
#7253=ORIENTED_EDGE('',*,*,#5342,.T.);
#7254=ORIENTED_EDGE('',*,*,#5343,.F.);
#7255=ORIENTED_EDGE('',*,*,#5342,.F.);
#7256=ORIENTED_EDGE('',*,*,#5344,.T.);
#7257=ORIENTED_EDGE('',*,*,#5298,.F.);
#7258=ORIENTED_EDGE('',*,*,#5345,.F.);
#7259=ORIENTED_EDGE('',*,*,#5339,.T.);
#7260=ORIENTED_EDGE('',*,*,#5343,.T.);
#7261=ORIENTED_EDGE('',*,*,#5297,.T.);
#7262=ORIENTED_EDGE('',*,*,#5301,.T.);
#7263=ORIENTED_EDGE('',*,*,#5304,.T.);
#7264=ORIENTED_EDGE('',*,*,#5307,.T.);
#7265=ORIENTED_EDGE('',*,*,#5310,.T.);
#7266=ORIENTED_EDGE('',*,*,#5313,.T.);
#7267=ORIENTED_EDGE('',*,*,#5316,.T.);
#7268=ORIENTED_EDGE('',*,*,#5319,.T.);
#7269=ORIENTED_EDGE('',*,*,#5322,.T.);
#7270=ORIENTED_EDGE('',*,*,#5325,.T.);
#7271=ORIENTED_EDGE('',*,*,#5328,.T.);
#7272=ORIENTED_EDGE('',*,*,#5331,.T.);
#7273=ORIENTED_EDGE('',*,*,#5334,.T.);
#7274=ORIENTED_EDGE('',*,*,#5337,.T.);
#7275=ORIENTED_EDGE('',*,*,#5340,.T.);
#7276=ORIENTED_EDGE('',*,*,#5345,.T.);
#7277=ORIENTED_EDGE('',*,*,#5299,.F.);
#7278=ORIENTED_EDGE('',*,*,#5295,.F.);
#7279=ORIENTED_EDGE('',*,*,#5344,.F.);
#7280=ORIENTED_EDGE('',*,*,#5338,.F.);
#7281=ORIENTED_EDGE('',*,*,#5335,.F.);
#7282=ORIENTED_EDGE('',*,*,#5332,.F.);
#7283=ORIENTED_EDGE('',*,*,#5329,.F.);
#7284=ORIENTED_EDGE('',*,*,#5326,.F.);
#7285=ORIENTED_EDGE('',*,*,#5323,.F.);
#7286=ORIENTED_EDGE('',*,*,#5320,.F.);
#7287=ORIENTED_EDGE('',*,*,#5317,.F.);
#7288=ORIENTED_EDGE('',*,*,#5314,.F.);
#7289=ORIENTED_EDGE('',*,*,#5311,.F.);
#7290=ORIENTED_EDGE('',*,*,#5308,.F.);
#7291=ORIENTED_EDGE('',*,*,#5305,.F.);
#7292=ORIENTED_EDGE('',*,*,#5302,.F.);
#7293=ORIENTED_EDGE('',*,*,#5221,.F.);
#7294=ORIENTED_EDGE('',*,*,#5346,.T.);
#7295=ORIENTED_EDGE('',*,*,#5341,.F.);
#7296=ORIENTED_EDGE('',*,*,#5346,.F.);
#7297=ORIENTED_EDGE('',*,*,#5222,.F.);
#7298=ORIENTED_EDGE('',*,*,#5347,.T.);
#7299=ORIENTED_EDGE('',*,*,#5348,.F.);
#7300=ORIENTED_EDGE('',*,*,#5347,.F.);
#7301=ORIENTED_EDGE('',*,*,#5223,.F.);
#7302=ORIENTED_EDGE('',*,*,#5349,.T.);
#7303=ORIENTED_EDGE('',*,*,#5350,.F.);
#7304=ORIENTED_EDGE('',*,*,#5349,.F.);
#7305=ORIENTED_EDGE('',*,*,#4863,.F.);
#7306=ORIENTED_EDGE('',*,*,#5089,.F.);
#7307=ORIENTED_EDGE('',*,*,#5351,.T.);
#7308=ORIENTED_EDGE('',*,*,#5352,.T.);
#7309=ORIENTED_EDGE('',*,*,#5353,.T.);
#7310=ORIENTED_EDGE('',*,*,#5351,.F.);
#7311=ORIENTED_EDGE('',*,*,#5088,.F.);
#7312=ORIENTED_EDGE('',*,*,#5091,.T.);
#7313=ORIENTED_EDGE('',*,*,#4864,.F.);
#7314=ORIENTED_EDGE('',*,*,#5352,.F.);
#7315=ORIENTED_EDGE('',*,*,#5353,.F.);
#7316=ORIENTED_EDGE('',*,*,#5090,.F.);
#7317=ORIENTED_EDGE('',*,*,#4859,.F.);
#7318=ORIENTED_EDGE('',*,*,#5094,.F.);
#7319=ORIENTED_EDGE('',*,*,#5354,.T.);
#7320=ORIENTED_EDGE('',*,*,#5355,.T.);
#7321=ORIENTED_EDGE('',*,*,#5356,.T.);
#7322=ORIENTED_EDGE('',*,*,#5354,.F.);
#7323=ORIENTED_EDGE('',*,*,#5093,.F.);
#7324=ORIENTED_EDGE('',*,*,#5096,.T.);
#7325=ORIENTED_EDGE('',*,*,#4860,.F.);
#7326=ORIENTED_EDGE('',*,*,#5355,.F.);
#7327=ORIENTED_EDGE('',*,*,#5356,.F.);
#7328=ORIENTED_EDGE('',*,*,#5095,.F.);
#7329=ORIENTED_EDGE('',*,*,#4855,.F.);
#7330=ORIENTED_EDGE('',*,*,#5099,.F.);
#7331=ORIENTED_EDGE('',*,*,#5357,.T.);
#7332=ORIENTED_EDGE('',*,*,#5358,.T.);
#7333=ORIENTED_EDGE('',*,*,#5359,.T.);
#7334=ORIENTED_EDGE('',*,*,#5357,.F.);
#7335=ORIENTED_EDGE('',*,*,#5098,.F.);
#7336=ORIENTED_EDGE('',*,*,#5101,.T.);
#7337=ORIENTED_EDGE('',*,*,#4856,.F.);
#7338=ORIENTED_EDGE('',*,*,#5358,.F.);
#7339=ORIENTED_EDGE('',*,*,#5359,.F.);
#7340=ORIENTED_EDGE('',*,*,#5100,.F.);
#7341=ORIENTED_EDGE('',*,*,#5360,.T.);
#7342=ORIENTED_EDGE('',*,*,#5164,.F.);
#7343=ORIENTED_EDGE('',*,*,#5103,.F.);
#7344=ORIENTED_EDGE('',*,*,#5106,.T.);
#7345=ORIENTED_EDGE('',*,*,#4852,.F.);
#7346=ORIENTED_EDGE('',*,*,#5165,.F.);
#7347=ORIENTED_EDGE('',*,*,#5360,.F.);
#7348=ORIENTED_EDGE('',*,*,#5105,.F.);
#7349=ORIENTED_EDGE('',*,*,#4847,.F.);
#7350=ORIENTED_EDGE('',*,*,#5109,.F.);
#7351=ORIENTED_EDGE('',*,*,#5361,.T.);
#7352=ORIENTED_EDGE('',*,*,#5362,.T.);
#7353=ORIENTED_EDGE('',*,*,#5363,.T.);
#7354=ORIENTED_EDGE('',*,*,#5361,.F.);
#7355=ORIENTED_EDGE('',*,*,#5108,.F.);
#7356=ORIENTED_EDGE('',*,*,#5111,.T.);
#7357=ORIENTED_EDGE('',*,*,#4848,.F.);
#7358=ORIENTED_EDGE('',*,*,#5362,.F.);
#7359=ORIENTED_EDGE('',*,*,#5363,.F.);
#7360=ORIENTED_EDGE('',*,*,#5110,.F.);
#7361=ORIENTED_EDGE('',*,*,#4843,.F.);
#7362=ORIENTED_EDGE('',*,*,#5114,.F.);
#7363=ORIENTED_EDGE('',*,*,#5364,.T.);
#7364=ORIENTED_EDGE('',*,*,#5365,.T.);
#7365=ORIENTED_EDGE('',*,*,#5366,.T.);
#7366=ORIENTED_EDGE('',*,*,#5364,.F.);
#7367=ORIENTED_EDGE('',*,*,#5113,.F.);
#7368=ORIENTED_EDGE('',*,*,#5116,.T.);
#7369=ORIENTED_EDGE('',*,*,#4844,.F.);
#7370=ORIENTED_EDGE('',*,*,#5365,.F.);
#7371=ORIENTED_EDGE('',*,*,#5366,.F.);
#7372=ORIENTED_EDGE('',*,*,#5115,.F.);
#7373=ORIENTED_EDGE('',*,*,#4839,.F.);
#7374=ORIENTED_EDGE('',*,*,#5119,.F.);
#7375=ORIENTED_EDGE('',*,*,#5367,.T.);
#7376=ORIENTED_EDGE('',*,*,#5368,.T.);
#7377=ORIENTED_EDGE('',*,*,#5369,.T.);
#7378=ORIENTED_EDGE('',*,*,#5367,.F.);
#7379=ORIENTED_EDGE('',*,*,#5118,.F.);
#7380=ORIENTED_EDGE('',*,*,#5121,.T.);
#7381=ORIENTED_EDGE('',*,*,#4840,.F.);
#7382=ORIENTED_EDGE('',*,*,#5368,.F.);
#7383=ORIENTED_EDGE('',*,*,#5369,.F.);
#7384=ORIENTED_EDGE('',*,*,#5120,.F.);
#7385=ORIENTED_EDGE('',*,*,#4835,.F.);
#7386=ORIENTED_EDGE('',*,*,#5124,.F.);
#7387=ORIENTED_EDGE('',*,*,#5370,.T.);
#7388=ORIENTED_EDGE('',*,*,#5371,.T.);
#7389=ORIENTED_EDGE('',*,*,#5372,.T.);
#7390=ORIENTED_EDGE('',*,*,#5370,.F.);
#7391=ORIENTED_EDGE('',*,*,#5123,.F.);
#7392=ORIENTED_EDGE('',*,*,#5126,.T.);
#7393=ORIENTED_EDGE('',*,*,#4836,.F.);
#7394=ORIENTED_EDGE('',*,*,#5371,.F.);
#7395=ORIENTED_EDGE('',*,*,#5372,.F.);
#7396=ORIENTED_EDGE('',*,*,#5125,.F.);
#7397=ORIENTED_EDGE('',*,*,#4831,.F.);
#7398=ORIENTED_EDGE('',*,*,#5129,.F.);
#7399=ORIENTED_EDGE('',*,*,#5373,.T.);
#7400=ORIENTED_EDGE('',*,*,#5374,.T.);
#7401=ORIENTED_EDGE('',*,*,#5375,.T.);
#7402=ORIENTED_EDGE('',*,*,#5373,.F.);
#7403=ORIENTED_EDGE('',*,*,#5128,.F.);
#7404=ORIENTED_EDGE('',*,*,#5131,.T.);
#7405=ORIENTED_EDGE('',*,*,#4832,.F.);
#7406=ORIENTED_EDGE('',*,*,#5374,.F.);
#7407=ORIENTED_EDGE('',*,*,#5375,.F.);
#7408=ORIENTED_EDGE('',*,*,#5130,.F.);
#7409=ORIENTED_EDGE('',*,*,#4827,.F.);
#7410=ORIENTED_EDGE('',*,*,#5134,.F.);
#7411=ORIENTED_EDGE('',*,*,#5376,.T.);
#7412=ORIENTED_EDGE('',*,*,#5377,.T.);
#7413=ORIENTED_EDGE('',*,*,#5378,.T.);
#7414=ORIENTED_EDGE('',*,*,#5376,.F.);
#7415=ORIENTED_EDGE('',*,*,#5133,.F.);
#7416=ORIENTED_EDGE('',*,*,#5136,.T.);
#7417=ORIENTED_EDGE('',*,*,#4828,.F.);
#7418=ORIENTED_EDGE('',*,*,#5377,.F.);
#7419=ORIENTED_EDGE('',*,*,#5378,.F.);
#7420=ORIENTED_EDGE('',*,*,#5135,.F.);
#7421=ORIENTED_EDGE('',*,*,#4823,.F.);
#7422=ORIENTED_EDGE('',*,*,#5139,.F.);
#7423=ORIENTED_EDGE('',*,*,#5379,.T.);
#7424=ORIENTED_EDGE('',*,*,#5380,.T.);
#7425=ORIENTED_EDGE('',*,*,#5381,.T.);
#7426=ORIENTED_EDGE('',*,*,#5379,.F.);
#7427=ORIENTED_EDGE('',*,*,#5138,.F.);
#7428=ORIENTED_EDGE('',*,*,#5141,.T.);
#7429=ORIENTED_EDGE('',*,*,#4824,.F.);
#7430=ORIENTED_EDGE('',*,*,#5380,.F.);
#7431=ORIENTED_EDGE('',*,*,#5381,.F.);
#7432=ORIENTED_EDGE('',*,*,#5140,.F.);
#7433=ORIENTED_EDGE('',*,*,#4819,.F.);
#7434=ORIENTED_EDGE('',*,*,#5144,.F.);
#7435=ORIENTED_EDGE('',*,*,#5382,.T.);
#7436=ORIENTED_EDGE('',*,*,#5383,.T.);
#7437=ORIENTED_EDGE('',*,*,#5384,.T.);
#7438=ORIENTED_EDGE('',*,*,#5382,.F.);
#7439=ORIENTED_EDGE('',*,*,#5143,.F.);
#7440=ORIENTED_EDGE('',*,*,#5146,.T.);
#7441=ORIENTED_EDGE('',*,*,#4820,.F.);
#7442=ORIENTED_EDGE('',*,*,#5383,.F.);
#7443=ORIENTED_EDGE('',*,*,#5384,.F.);
#7444=ORIENTED_EDGE('',*,*,#5145,.F.);
#7445=ORIENTED_EDGE('',*,*,#4815,.F.);
#7446=ORIENTED_EDGE('',*,*,#5149,.F.);
#7447=ORIENTED_EDGE('',*,*,#5385,.T.);
#7448=ORIENTED_EDGE('',*,*,#5386,.T.);
#7449=ORIENTED_EDGE('',*,*,#5387,.T.);
#7450=ORIENTED_EDGE('',*,*,#5385,.F.);
#7451=ORIENTED_EDGE('',*,*,#5148,.F.);
#7452=ORIENTED_EDGE('',*,*,#5151,.T.);
#7453=ORIENTED_EDGE('',*,*,#4816,.F.);
#7454=ORIENTED_EDGE('',*,*,#5386,.F.);
#7455=ORIENTED_EDGE('',*,*,#5387,.F.);
#7456=ORIENTED_EDGE('',*,*,#5150,.F.);
#7457=ORIENTED_EDGE('',*,*,#4811,.F.);
#7458=ORIENTED_EDGE('',*,*,#5154,.F.);
#7459=ORIENTED_EDGE('',*,*,#5388,.T.);
#7460=ORIENTED_EDGE('',*,*,#5389,.T.);
#7461=ORIENTED_EDGE('',*,*,#5390,.T.);
#7462=ORIENTED_EDGE('',*,*,#5388,.F.);
#7463=ORIENTED_EDGE('',*,*,#5153,.F.);
#7464=ORIENTED_EDGE('',*,*,#5156,.T.);
#7465=ORIENTED_EDGE('',*,*,#4812,.F.);
#7466=ORIENTED_EDGE('',*,*,#5389,.F.);
#7467=ORIENTED_EDGE('',*,*,#5390,.F.);
#7468=ORIENTED_EDGE('',*,*,#5155,.F.);
#7469=ORIENTED_EDGE('',*,*,#4807,.F.);
#7470=ORIENTED_EDGE('',*,*,#5159,.F.);
#7471=ORIENTED_EDGE('',*,*,#5391,.T.);
#7472=ORIENTED_EDGE('',*,*,#5392,.T.);
#7473=ORIENTED_EDGE('',*,*,#5393,.T.);
#7474=ORIENTED_EDGE('',*,*,#5391,.F.);
#7475=ORIENTED_EDGE('',*,*,#5158,.F.);
#7476=ORIENTED_EDGE('',*,*,#5161,.T.);
#7477=ORIENTED_EDGE('',*,*,#4808,.F.);
#7478=ORIENTED_EDGE('',*,*,#5392,.F.);
#7479=ORIENTED_EDGE('',*,*,#5393,.F.);
#7480=ORIENTED_EDGE('',*,*,#5160,.F.);
#7481=ORIENTED_EDGE('',*,*,#5394,.T.);
#7482=ORIENTED_EDGE('',*,*,#5395,.T.);
#7483=ORIENTED_EDGE('',*,*,#5396,.F.);
#7484=ORIENTED_EDGE('',*,*,#5397,.T.);
#7485=ORIENTED_EDGE('',*,*,#5398,.F.);
#7486=ORIENTED_EDGE('',*,*,#5399,.T.);
#7487=ORIENTED_EDGE('',*,*,#5400,.T.);
#7488=ORIENTED_EDGE('',*,*,#5401,.T.);
#7489=ORIENTED_EDGE('',*,*,#5402,.T.);
#7490=ORIENTED_EDGE('',*,*,#5403,.T.);
#7491=ORIENTED_EDGE('',*,*,#5404,.T.);
#7492=ORIENTED_EDGE('',*,*,#4601,.F.);
#7493=ORIENTED_EDGE('',*,*,#5405,.T.);
#7494=ORIENTED_EDGE('',*,*,#5398,.T.);
#7495=ORIENTED_EDGE('',*,*,#5406,.T.);
#7496=ORIENTED_EDGE('',*,*,#4603,.F.);
#7497=ORIENTED_EDGE('',*,*,#5407,.T.);
#7498=ORIENTED_EDGE('',*,*,#5396,.T.);
#7499=ORIENTED_EDGE('',*,*,#5408,.T.);
#7500=ORIENTED_EDGE('',*,*,#5409,.F.);
#7501=ORIENTED_EDGE('',*,*,#5410,.T.);
#7502=ORIENTED_EDGE('',*,*,#5411,.T.);
#7503=ORIENTED_EDGE('',*,*,#5412,.F.);
#7504=ORIENTED_EDGE('',*,*,#5413,.F.);
#7505=ORIENTED_EDGE('',*,*,#5412,.T.);
#7506=ORIENTED_EDGE('',*,*,#5414,.T.);
#7507=ORIENTED_EDGE('',*,*,#5415,.F.);
#7508=ORIENTED_EDGE('',*,*,#5416,.F.);
#7509=ORIENTED_EDGE('',*,*,#5415,.T.);
#7510=ORIENTED_EDGE('',*,*,#5417,.T.);
#7511=ORIENTED_EDGE('',*,*,#5418,.F.);
#7512=ORIENTED_EDGE('',*,*,#5419,.F.);
#7513=ORIENTED_EDGE('',*,*,#5418,.T.);
#7514=ORIENTED_EDGE('',*,*,#5420,.T.);
#7515=ORIENTED_EDGE('',*,*,#5421,.F.);
#7516=ORIENTED_EDGE('',*,*,#5422,.F.);
#7517=ORIENTED_EDGE('',*,*,#5421,.T.);
#7518=ORIENTED_EDGE('',*,*,#5423,.T.);
#7519=ORIENTED_EDGE('',*,*,#5424,.F.);
#7520=ORIENTED_EDGE('',*,*,#5425,.F.);
#7521=ORIENTED_EDGE('',*,*,#5424,.T.);
#7522=ORIENTED_EDGE('',*,*,#5426,.T.);
#7523=ORIENTED_EDGE('',*,*,#5427,.F.);
#7524=ORIENTED_EDGE('',*,*,#5428,.F.);
#7525=ORIENTED_EDGE('',*,*,#5427,.T.);
#7526=ORIENTED_EDGE('',*,*,#5429,.T.);
#7527=ORIENTED_EDGE('',*,*,#5430,.F.);
#7528=ORIENTED_EDGE('',*,*,#5431,.F.);
#7529=ORIENTED_EDGE('',*,*,#5430,.T.);
#7530=ORIENTED_EDGE('',*,*,#5432,.T.);
#7531=ORIENTED_EDGE('',*,*,#5433,.F.);
#7532=ORIENTED_EDGE('',*,*,#5434,.F.);
#7533=ORIENTED_EDGE('',*,*,#5435,.F.);
#7534=ORIENTED_EDGE('',*,*,#5436,.F.);
#7535=ORIENTED_EDGE('',*,*,#5432,.F.);
#7536=ORIENTED_EDGE('',*,*,#5429,.F.);
#7537=ORIENTED_EDGE('',*,*,#5426,.F.);
#7538=ORIENTED_EDGE('',*,*,#5423,.F.);
#7539=ORIENTED_EDGE('',*,*,#5420,.F.);
#7540=ORIENTED_EDGE('',*,*,#5417,.F.);
#7541=ORIENTED_EDGE('',*,*,#5414,.F.);
#7542=ORIENTED_EDGE('',*,*,#5411,.F.);
#7543=ORIENTED_EDGE('',*,*,#5437,.F.);
#7544=ORIENTED_EDGE('',*,*,#5438,.F.);
#7545=ORIENTED_EDGE('',*,*,#5439,.F.);
#7546=ORIENTED_EDGE('',*,*,#5440,.F.);
#7547=ORIENTED_EDGE('',*,*,#5441,.F.);
#7548=ORIENTED_EDGE('',*,*,#5442,.F.);
#7549=ORIENTED_EDGE('',*,*,#5443,.T.);
#7550=ORIENTED_EDGE('',*,*,#5444,.T.);
#7551=ORIENTED_EDGE('',*,*,#5445,.F.);
#7552=ORIENTED_EDGE('',*,*,#5446,.F.);
#7553=ORIENTED_EDGE('',*,*,#5445,.T.);
#7554=ORIENTED_EDGE('',*,*,#5447,.T.);
#7555=ORIENTED_EDGE('',*,*,#5448,.F.);
#7556=ORIENTED_EDGE('',*,*,#5449,.F.);
#7557=ORIENTED_EDGE('',*,*,#5448,.T.);
#7558=ORIENTED_EDGE('',*,*,#5450,.T.);
#7559=ORIENTED_EDGE('',*,*,#5451,.F.);
#7560=ORIENTED_EDGE('',*,*,#5452,.F.);
#7561=ORIENTED_EDGE('',*,*,#5451,.T.);
#7562=ORIENTED_EDGE('',*,*,#5453,.T.);
#7563=ORIENTED_EDGE('',*,*,#5454,.F.);
#7564=ORIENTED_EDGE('',*,*,#5455,.F.);
#7565=ORIENTED_EDGE('',*,*,#5454,.T.);
#7566=ORIENTED_EDGE('',*,*,#5456,.T.);
#7567=ORIENTED_EDGE('',*,*,#5457,.F.);
#7568=ORIENTED_EDGE('',*,*,#5458,.F.);
#7569=ORIENTED_EDGE('',*,*,#5457,.T.);
#7570=ORIENTED_EDGE('',*,*,#5459,.T.);
#7571=ORIENTED_EDGE('',*,*,#5460,.F.);
#7572=ORIENTED_EDGE('',*,*,#5461,.F.);
#7573=ORIENTED_EDGE('',*,*,#5460,.T.);
#7574=ORIENTED_EDGE('',*,*,#5462,.T.);
#7575=ORIENTED_EDGE('',*,*,#5463,.F.);
#7576=ORIENTED_EDGE('',*,*,#5464,.F.);
#7577=ORIENTED_EDGE('',*,*,#5463,.T.);
#7578=ORIENTED_EDGE('',*,*,#5465,.T.);
#7579=ORIENTED_EDGE('',*,*,#5466,.F.);
#7580=ORIENTED_EDGE('',*,*,#5467,.F.);
#7581=ORIENTED_EDGE('',*,*,#5468,.F.);
#7582=ORIENTED_EDGE('',*,*,#5469,.F.);
#7583=ORIENTED_EDGE('',*,*,#5465,.F.);
#7584=ORIENTED_EDGE('',*,*,#5462,.F.);
#7585=ORIENTED_EDGE('',*,*,#5459,.F.);
#7586=ORIENTED_EDGE('',*,*,#5456,.F.);
#7587=ORIENTED_EDGE('',*,*,#5453,.F.);
#7588=ORIENTED_EDGE('',*,*,#5450,.F.);
#7589=ORIENTED_EDGE('',*,*,#5447,.F.);
#7590=ORIENTED_EDGE('',*,*,#5444,.F.);
#7591=ORIENTED_EDGE('',*,*,#5470,.F.);
#7592=ORIENTED_EDGE('',*,*,#5471,.F.);
#7593=ORIENTED_EDGE('',*,*,#5472,.F.);
#7594=ORIENTED_EDGE('',*,*,#5473,.F.);
#7595=ORIENTED_EDGE('',*,*,#5474,.F.);
#7596=ORIENTED_EDGE('',*,*,#4600,.F.);
#7597=ORIENTED_EDGE('',*,*,#5475,.F.);
#7598=ORIENTED_EDGE('',*,*,#5399,.F.);
#7599=ORIENTED_EDGE('',*,*,#5405,.F.);
#7600=ORIENTED_EDGE('',*,*,#4602,.F.);
#7601=ORIENTED_EDGE('',*,*,#5406,.F.);
#7602=ORIENTED_EDGE('',*,*,#5397,.F.);
#7603=ORIENTED_EDGE('',*,*,#5407,.F.);
#7604=ORIENTED_EDGE('',*,*,#5476,.T.);
#7605=ORIENTED_EDGE('',*,*,#5477,.F.);
#7606=ORIENTED_EDGE('',*,*,#5478,.F.);
#7607=ORIENTED_EDGE('',*,*,#5479,.T.);
#7608=ORIENTED_EDGE('',*,*,#5480,.T.);
#7609=ORIENTED_EDGE('',*,*,#5481,.F.);
#7610=ORIENTED_EDGE('',*,*,#5482,.F.);
#7611=ORIENTED_EDGE('',*,*,#5477,.T.);
#7612=ORIENTED_EDGE('',*,*,#5483,.T.);
#7613=ORIENTED_EDGE('',*,*,#5484,.F.);
#7614=ORIENTED_EDGE('',*,*,#5485,.F.);
#7615=ORIENTED_EDGE('',*,*,#5481,.T.);
#7616=ORIENTED_EDGE('',*,*,#5486,.T.);
#7617=ORIENTED_EDGE('',*,*,#5487,.F.);
#7618=ORIENTED_EDGE('',*,*,#5488,.F.);
#7619=ORIENTED_EDGE('',*,*,#5484,.T.);
#7620=ORIENTED_EDGE('',*,*,#5489,.T.);
#7621=ORIENTED_EDGE('',*,*,#5490,.F.);
#7622=ORIENTED_EDGE('',*,*,#5491,.F.);
#7623=ORIENTED_EDGE('',*,*,#5487,.T.);
#7624=ORIENTED_EDGE('',*,*,#5492,.T.);
#7625=ORIENTED_EDGE('',*,*,#5493,.F.);
#7626=ORIENTED_EDGE('',*,*,#5494,.F.);
#7627=ORIENTED_EDGE('',*,*,#5490,.T.);
#7628=ORIENTED_EDGE('',*,*,#5495,.T.);
#7629=ORIENTED_EDGE('',*,*,#5496,.F.);
#7630=ORIENTED_EDGE('',*,*,#5497,.F.);
#7631=ORIENTED_EDGE('',*,*,#5493,.T.);
#7632=ORIENTED_EDGE('',*,*,#5498,.T.);
#7633=ORIENTED_EDGE('',*,*,#5499,.F.);
#7634=ORIENTED_EDGE('',*,*,#5500,.F.);
#7635=ORIENTED_EDGE('',*,*,#5496,.T.);
#7636=ORIENTED_EDGE('',*,*,#5501,.T.);
#7637=ORIENTED_EDGE('',*,*,#5502,.F.);
#7638=ORIENTED_EDGE('',*,*,#5503,.F.);
#7639=ORIENTED_EDGE('',*,*,#5499,.T.);
#7640=ORIENTED_EDGE('',*,*,#5504,.T.);
#7641=ORIENTED_EDGE('',*,*,#5505,.F.);
#7642=ORIENTED_EDGE('',*,*,#5506,.F.);
#7643=ORIENTED_EDGE('',*,*,#5502,.T.);
#7644=ORIENTED_EDGE('',*,*,#5507,.T.);
#7645=ORIENTED_EDGE('',*,*,#5508,.F.);
#7646=ORIENTED_EDGE('',*,*,#5509,.F.);
#7647=ORIENTED_EDGE('',*,*,#5505,.T.);
#7648=ORIENTED_EDGE('',*,*,#5510,.T.);
#7649=ORIENTED_EDGE('',*,*,#5511,.F.);
#7650=ORIENTED_EDGE('',*,*,#5512,.F.);
#7651=ORIENTED_EDGE('',*,*,#5508,.T.);
#7652=ORIENTED_EDGE('',*,*,#5513,.T.);
#7653=ORIENTED_EDGE('',*,*,#5514,.F.);
#7654=ORIENTED_EDGE('',*,*,#5515,.F.);
#7655=ORIENTED_EDGE('',*,*,#5511,.T.);
#7656=ORIENTED_EDGE('',*,*,#5516,.T.);
#7657=ORIENTED_EDGE('',*,*,#5517,.F.);
#7658=ORIENTED_EDGE('',*,*,#5518,.F.);
#7659=ORIENTED_EDGE('',*,*,#5514,.T.);
#7660=ORIENTED_EDGE('',*,*,#5519,.T.);
#7661=ORIENTED_EDGE('',*,*,#5520,.F.);
#7662=ORIENTED_EDGE('',*,*,#5521,.F.);
#7663=ORIENTED_EDGE('',*,*,#5517,.T.);
#7664=ORIENTED_EDGE('',*,*,#5522,.T.);
#7665=ORIENTED_EDGE('',*,*,#5523,.T.);
#7666=ORIENTED_EDGE('',*,*,#5524,.F.);
#7667=ORIENTED_EDGE('',*,*,#5523,.F.);
#7668=ORIENTED_EDGE('',*,*,#5525,.T.);
#7669=ORIENTED_EDGE('',*,*,#5479,.F.);
#7670=ORIENTED_EDGE('',*,*,#5526,.F.);
#7671=ORIENTED_EDGE('',*,*,#5520,.T.);
#7672=ORIENTED_EDGE('',*,*,#5524,.T.);
#7673=ORIENTED_EDGE('',*,*,#5478,.T.);
#7674=ORIENTED_EDGE('',*,*,#5482,.T.);
#7675=ORIENTED_EDGE('',*,*,#5485,.T.);
#7676=ORIENTED_EDGE('',*,*,#5488,.T.);
#7677=ORIENTED_EDGE('',*,*,#5491,.T.);
#7678=ORIENTED_EDGE('',*,*,#5494,.T.);
#7679=ORIENTED_EDGE('',*,*,#5497,.T.);
#7680=ORIENTED_EDGE('',*,*,#5500,.T.);
#7681=ORIENTED_EDGE('',*,*,#5503,.T.);
#7682=ORIENTED_EDGE('',*,*,#5506,.T.);
#7683=ORIENTED_EDGE('',*,*,#5509,.T.);
#7684=ORIENTED_EDGE('',*,*,#5512,.T.);
#7685=ORIENTED_EDGE('',*,*,#5515,.T.);
#7686=ORIENTED_EDGE('',*,*,#5518,.T.);
#7687=ORIENTED_EDGE('',*,*,#5521,.T.);
#7688=ORIENTED_EDGE('',*,*,#5526,.T.);
#7689=ORIENTED_EDGE('',*,*,#5480,.F.);
#7690=ORIENTED_EDGE('',*,*,#5476,.F.);
#7691=ORIENTED_EDGE('',*,*,#5525,.F.);
#7692=ORIENTED_EDGE('',*,*,#5519,.F.);
#7693=ORIENTED_EDGE('',*,*,#5516,.F.);
#7694=ORIENTED_EDGE('',*,*,#5513,.F.);
#7695=ORIENTED_EDGE('',*,*,#5510,.F.);
#7696=ORIENTED_EDGE('',*,*,#5507,.F.);
#7697=ORIENTED_EDGE('',*,*,#5504,.F.);
#7698=ORIENTED_EDGE('',*,*,#5501,.F.);
#7699=ORIENTED_EDGE('',*,*,#5498,.F.);
#7700=ORIENTED_EDGE('',*,*,#5495,.F.);
#7701=ORIENTED_EDGE('',*,*,#5492,.F.);
#7702=ORIENTED_EDGE('',*,*,#5489,.F.);
#7703=ORIENTED_EDGE('',*,*,#5486,.F.);
#7704=ORIENTED_EDGE('',*,*,#5483,.F.);
#7705=ORIENTED_EDGE('',*,*,#5402,.F.);
#7706=ORIENTED_EDGE('',*,*,#5527,.T.);
#7707=ORIENTED_EDGE('',*,*,#5522,.F.);
#7708=ORIENTED_EDGE('',*,*,#5527,.F.);
#7709=ORIENTED_EDGE('',*,*,#5403,.F.);
#7710=ORIENTED_EDGE('',*,*,#5528,.T.);
#7711=ORIENTED_EDGE('',*,*,#5529,.F.);
#7712=ORIENTED_EDGE('',*,*,#5528,.F.);
#7713=ORIENTED_EDGE('',*,*,#5404,.F.);
#7714=ORIENTED_EDGE('',*,*,#5530,.T.);
#7715=ORIENTED_EDGE('',*,*,#5531,.F.);
#7716=ORIENTED_EDGE('',*,*,#5530,.F.);
#7717=ORIENTED_EDGE('',*,*,#5350,.T.);
#7718=ORIENTED_EDGE('',*,*,#5532,.T.);
#7719=ORIENTED_EDGE('',*,*,#5533,.F.);
#7720=ORIENTED_EDGE('',*,*,#5532,.F.);
#7721=ORIENTED_EDGE('',*,*,#5348,.T.);
#7722=ORIENTED_EDGE('',*,*,#5534,.T.);
#7723=ORIENTED_EDGE('',*,*,#5535,.F.);
#7724=ORIENTED_EDGE('',*,*,#5534,.F.);
#7725=ORIENTED_EDGE('',*,*,#5531,.T.);
#7726=ORIENTED_EDGE('',*,*,#5536,.T.);
#7727=ORIENTED_EDGE('',*,*,#5537,.F.);
#7728=ORIENTED_EDGE('',*,*,#5536,.F.);
#7729=ORIENTED_EDGE('',*,*,#5529,.T.);
#7730=ORIENTED_EDGE('',*,*,#5538,.T.);
#7731=ORIENTED_EDGE('',*,*,#5539,.F.);
#7732=ORIENTED_EDGE('',*,*,#5538,.F.);
#7733=ORIENTED_EDGE('',*,*,#4676,.F.);
#7734=ORIENTED_EDGE('',*,*,#5009,.F.);
#7735=ORIENTED_EDGE('',*,*,#4765,.F.);
#7736=ORIENTED_EDGE('',*,*,#5540,.F.);
#7737=ORIENTED_EDGE('',*,*,#4677,.F.);
#7738=ORIENTED_EDGE('',*,*,#5540,.T.);
#7739=ORIENTED_EDGE('',*,*,#4762,.F.);
#7740=ORIENTED_EDGE('',*,*,#4685,.T.);
#7741=ORIENTED_EDGE('',*,*,#4647,.F.);
#7742=ORIENTED_EDGE('',*,*,#4655,.F.);
#7743=ORIENTED_EDGE('',*,*,#4942,.F.);
#7744=ORIENTED_EDGE('',*,*,#4945,.F.);
#7745=ORIENTED_EDGE('',*,*,#4622,.F.);
#7746=ORIENTED_EDGE('',*,*,#4630,.F.);
#7747=ORIENTED_EDGE('',*,*,#4957,.F.);
#7748=ORIENTED_EDGE('',*,*,#4960,.F.);
#7749=ORIENTED_EDGE('',*,*,#4534,.F.);
#7750=ORIENTED_EDGE('',*,*,#4545,.F.);
#7751=ORIENTED_EDGE('',*,*,#4972,.F.);
#7752=ORIENTED_EDGE('',*,*,#4975,.F.);
#7753=ORIENTED_EDGE('',*,*,#4711,.F.);
#7754=ORIENTED_EDGE('',*,*,#5008,.T.);
#7755=ORIENTED_EDGE('',*,*,#5007,.F.);
#7756=ORIENTED_EDGE('',*,*,#5541,.T.);
#7757=ORIENTED_EDGE('',*,*,#4713,.F.);
#7758=ORIENTED_EDGE('',*,*,#5541,.F.);
#7759=ORIENTED_EDGE('',*,*,#5006,.F.);
#7760=ORIENTED_EDGE('',*,*,#5542,.F.);
#7761=ORIENTED_EDGE('',*,*,#4715,.F.);
#7762=ORIENTED_EDGE('',*,*,#5542,.T.);
#7763=ORIENTED_EDGE('',*,*,#5004,.F.);
#7764=ORIENTED_EDGE('',*,*,#5010,.T.);
#7765=ORIENTED_EDGE('',*,*,#5543,.F.);
#7766=ORIENTED_EDGE('',*,*,#5252,.T.);
#7767=ORIENTED_EDGE('',*,*,#5255,.T.);
#7768=ORIENTED_EDGE('',*,*,#5544,.F.);
#7769=ORIENTED_EDGE('',*,*,#5545,.F.);
#7770=ORIENTED_EDGE('',*,*,#5544,.T.);
#7771=ORIENTED_EDGE('',*,*,#5254,.T.);
#7772=ORIENTED_EDGE('',*,*,#5546,.F.);
#7773=ORIENTED_EDGE('',*,*,#5547,.F.);
#7774=ORIENTED_EDGE('',*,*,#5546,.T.);
#7775=ORIENTED_EDGE('',*,*,#5253,.T.);
#7776=ORIENTED_EDGE('',*,*,#5548,.F.);
#7777=ORIENTED_EDGE('',*,*,#5549,.F.);
#7778=ORIENTED_EDGE('',*,*,#5548,.T.);
#7779=ORIENTED_EDGE('',*,*,#5260,.T.);
#7780=ORIENTED_EDGE('',*,*,#5550,.F.);
#7781=ORIENTED_EDGE('',*,*,#5551,.F.);
#7782=ORIENTED_EDGE('',*,*,#5550,.T.);
#7783=ORIENTED_EDGE('',*,*,#5259,.T.);
#7784=ORIENTED_EDGE('',*,*,#5552,.F.);
#7785=ORIENTED_EDGE('',*,*,#5553,.F.);
#7786=ORIENTED_EDGE('',*,*,#5552,.T.);
#7787=ORIENTED_EDGE('',*,*,#5258,.T.);
#7788=ORIENTED_EDGE('',*,*,#5554,.F.);
#7789=ORIENTED_EDGE('',*,*,#5555,.F.);
#7790=ORIENTED_EDGE('',*,*,#5554,.T.);
#7791=ORIENTED_EDGE('',*,*,#5257,.T.);
#7792=ORIENTED_EDGE('',*,*,#5556,.F.);
#7793=ORIENTED_EDGE('',*,*,#5557,.F.);
#7794=ORIENTED_EDGE('',*,*,#5556,.T.);
#7795=ORIENTED_EDGE('',*,*,#5256,.T.);
#7796=ORIENTED_EDGE('',*,*,#5229,.F.);
#7797=ORIENTED_EDGE('',*,*,#5558,.F.);
#7798=ORIENTED_EDGE('',*,*,#5285,.T.);
#7799=ORIENTED_EDGE('',*,*,#5288,.T.);
#7800=ORIENTED_EDGE('',*,*,#5559,.F.);
#7801=ORIENTED_EDGE('',*,*,#5560,.F.);
#7802=ORIENTED_EDGE('',*,*,#5559,.T.);
#7803=ORIENTED_EDGE('',*,*,#5287,.T.);
#7804=ORIENTED_EDGE('',*,*,#5561,.F.);
#7805=ORIENTED_EDGE('',*,*,#5562,.F.);
#7806=ORIENTED_EDGE('',*,*,#5561,.T.);
#7807=ORIENTED_EDGE('',*,*,#5286,.T.);
#7808=ORIENTED_EDGE('',*,*,#5563,.F.);
#7809=ORIENTED_EDGE('',*,*,#5564,.F.);
#7810=ORIENTED_EDGE('',*,*,#5563,.T.);
#7811=ORIENTED_EDGE('',*,*,#5293,.T.);
#7812=ORIENTED_EDGE('',*,*,#5565,.F.);
#7813=ORIENTED_EDGE('',*,*,#5566,.F.);
#7814=ORIENTED_EDGE('',*,*,#5565,.T.);
#7815=ORIENTED_EDGE('',*,*,#5292,.T.);
#7816=ORIENTED_EDGE('',*,*,#5567,.F.);
#7817=ORIENTED_EDGE('',*,*,#5568,.F.);
#7818=ORIENTED_EDGE('',*,*,#5567,.T.);
#7819=ORIENTED_EDGE('',*,*,#5291,.T.);
#7820=ORIENTED_EDGE('',*,*,#5569,.F.);
#7821=ORIENTED_EDGE('',*,*,#5570,.F.);
#7822=ORIENTED_EDGE('',*,*,#5569,.T.);
#7823=ORIENTED_EDGE('',*,*,#5290,.T.);
#7824=ORIENTED_EDGE('',*,*,#5571,.F.);
#7825=ORIENTED_EDGE('',*,*,#5572,.F.);
#7826=ORIENTED_EDGE('',*,*,#5571,.T.);
#7827=ORIENTED_EDGE('',*,*,#5289,.T.);
#7828=ORIENTED_EDGE('',*,*,#5262,.F.);
#7829=ORIENTED_EDGE('',*,*,#4588,.F.);
#7830=ORIENTED_EDGE('',*,*,#5227,.F.);
#7831=ORIENTED_EDGE('',*,*,#5214,.F.);
#7832=ORIENTED_EDGE('',*,*,#5573,.F.);
#7833=ORIENTED_EDGE('',*,*,#4589,.F.);
#7834=ORIENTED_EDGE('',*,*,#5573,.T.);
#7835=ORIENTED_EDGE('',*,*,#5213,.F.);
#7836=ORIENTED_EDGE('',*,*,#5574,.T.);
#7837=ORIENTED_EDGE('',*,*,#4590,.F.);
#7838=ORIENTED_EDGE('',*,*,#5574,.F.);
#7839=ORIENTED_EDGE('',*,*,#5220,.F.);
#7840=ORIENTED_EDGE('',*,*,#5575,.F.);
#7841=ORIENTED_EDGE('',*,*,#4591,.F.);
#7842=ORIENTED_EDGE('',*,*,#5575,.T.);
#7843=ORIENTED_EDGE('',*,*,#5219,.F.);
#7844=ORIENTED_EDGE('',*,*,#5294,.T.);
#7845=ORIENTED_EDGE('',*,*,#5576,.F.);
#7846=ORIENTED_EDGE('',*,*,#5433,.T.);
#7847=ORIENTED_EDGE('',*,*,#5436,.T.);
#7848=ORIENTED_EDGE('',*,*,#5577,.F.);
#7849=ORIENTED_EDGE('',*,*,#5578,.F.);
#7850=ORIENTED_EDGE('',*,*,#5577,.T.);
#7851=ORIENTED_EDGE('',*,*,#5435,.T.);
#7852=ORIENTED_EDGE('',*,*,#5579,.F.);
#7853=ORIENTED_EDGE('',*,*,#5580,.F.);
#7854=ORIENTED_EDGE('',*,*,#5579,.T.);
#7855=ORIENTED_EDGE('',*,*,#5434,.T.);
#7856=ORIENTED_EDGE('',*,*,#5581,.F.);
#7857=ORIENTED_EDGE('',*,*,#5582,.F.);
#7858=ORIENTED_EDGE('',*,*,#5581,.T.);
#7859=ORIENTED_EDGE('',*,*,#5441,.T.);
#7860=ORIENTED_EDGE('',*,*,#5583,.F.);
#7861=ORIENTED_EDGE('',*,*,#5584,.F.);
#7862=ORIENTED_EDGE('',*,*,#5583,.T.);
#7863=ORIENTED_EDGE('',*,*,#5440,.T.);
#7864=ORIENTED_EDGE('',*,*,#5585,.F.);
#7865=ORIENTED_EDGE('',*,*,#5586,.F.);
#7866=ORIENTED_EDGE('',*,*,#5585,.T.);
#7867=ORIENTED_EDGE('',*,*,#5439,.T.);
#7868=ORIENTED_EDGE('',*,*,#5587,.F.);
#7869=ORIENTED_EDGE('',*,*,#5588,.F.);
#7870=ORIENTED_EDGE('',*,*,#5587,.T.);
#7871=ORIENTED_EDGE('',*,*,#5438,.T.);
#7872=ORIENTED_EDGE('',*,*,#5589,.F.);
#7873=ORIENTED_EDGE('',*,*,#5590,.F.);
#7874=ORIENTED_EDGE('',*,*,#5589,.T.);
#7875=ORIENTED_EDGE('',*,*,#5437,.T.);
#7876=ORIENTED_EDGE('',*,*,#5410,.F.);
#7877=ORIENTED_EDGE('',*,*,#5591,.F.);
#7878=ORIENTED_EDGE('',*,*,#5466,.T.);
#7879=ORIENTED_EDGE('',*,*,#5469,.T.);
#7880=ORIENTED_EDGE('',*,*,#5592,.F.);
#7881=ORIENTED_EDGE('',*,*,#5593,.F.);
#7882=ORIENTED_EDGE('',*,*,#5592,.T.);
#7883=ORIENTED_EDGE('',*,*,#5468,.T.);
#7884=ORIENTED_EDGE('',*,*,#5594,.F.);
#7885=ORIENTED_EDGE('',*,*,#5595,.F.);
#7886=ORIENTED_EDGE('',*,*,#5594,.T.);
#7887=ORIENTED_EDGE('',*,*,#5467,.T.);
#7888=ORIENTED_EDGE('',*,*,#5596,.F.);
#7889=ORIENTED_EDGE('',*,*,#5597,.F.);
#7890=ORIENTED_EDGE('',*,*,#5596,.T.);
#7891=ORIENTED_EDGE('',*,*,#5474,.T.);
#7892=ORIENTED_EDGE('',*,*,#5598,.F.);
#7893=ORIENTED_EDGE('',*,*,#5599,.F.);
#7894=ORIENTED_EDGE('',*,*,#5598,.T.);
#7895=ORIENTED_EDGE('',*,*,#5473,.T.);
#7896=ORIENTED_EDGE('',*,*,#5600,.F.);
#7897=ORIENTED_EDGE('',*,*,#5601,.F.);
#7898=ORIENTED_EDGE('',*,*,#5600,.T.);
#7899=ORIENTED_EDGE('',*,*,#5472,.T.);
#7900=ORIENTED_EDGE('',*,*,#5602,.F.);
#7901=ORIENTED_EDGE('',*,*,#5603,.F.);
#7902=ORIENTED_EDGE('',*,*,#5602,.T.);
#7903=ORIENTED_EDGE('',*,*,#5471,.T.);
#7904=ORIENTED_EDGE('',*,*,#5604,.F.);
#7905=ORIENTED_EDGE('',*,*,#5605,.F.);
#7906=ORIENTED_EDGE('',*,*,#5604,.T.);
#7907=ORIENTED_EDGE('',*,*,#5470,.T.);
#7908=ORIENTED_EDGE('',*,*,#5443,.F.);
#7909=ORIENTED_EDGE('',*,*,#4596,.F.);
#7910=ORIENTED_EDGE('',*,*,#5408,.F.);
#7911=ORIENTED_EDGE('',*,*,#5395,.F.);
#7912=ORIENTED_EDGE('',*,*,#5606,.F.);
#7913=ORIENTED_EDGE('',*,*,#4597,.F.);
#7914=ORIENTED_EDGE('',*,*,#5606,.T.);
#7915=ORIENTED_EDGE('',*,*,#5394,.F.);
#7916=ORIENTED_EDGE('',*,*,#5607,.T.);
#7917=ORIENTED_EDGE('',*,*,#4598,.F.);
#7918=ORIENTED_EDGE('',*,*,#5607,.F.);
#7919=ORIENTED_EDGE('',*,*,#5401,.F.);
#7920=ORIENTED_EDGE('',*,*,#5608,.F.);
#7921=ORIENTED_EDGE('',*,*,#4599,.F.);
#7922=ORIENTED_EDGE('',*,*,#5608,.T.);
#7923=ORIENTED_EDGE('',*,*,#5400,.F.);
#7924=ORIENTED_EDGE('',*,*,#5475,.T.);
#7925=ORIENTED_EDGE('',*,*,#5539,.T.);
#7926=ORIENTED_EDGE('',*,*,#5591,.T.);
#7927=ORIENTED_EDGE('',*,*,#5593,.T.);
#7928=ORIENTED_EDGE('',*,*,#5595,.T.);
#7929=ORIENTED_EDGE('',*,*,#5597,.T.);
#7930=ORIENTED_EDGE('',*,*,#5599,.T.);
#7931=ORIENTED_EDGE('',*,*,#5601,.T.);
#7932=ORIENTED_EDGE('',*,*,#5603,.T.);
#7933=ORIENTED_EDGE('',*,*,#5605,.T.);
#7934=ORIENTED_EDGE('',*,*,#5442,.T.);
#7935=ORIENTED_EDGE('',*,*,#5446,.T.);
#7936=ORIENTED_EDGE('',*,*,#5449,.T.);
#7937=ORIENTED_EDGE('',*,*,#5452,.T.);
#7938=ORIENTED_EDGE('',*,*,#5455,.T.);
#7939=ORIENTED_EDGE('',*,*,#5458,.T.);
#7940=ORIENTED_EDGE('',*,*,#5461,.T.);
#7941=ORIENTED_EDGE('',*,*,#5464,.T.);
#7942=ORIENTED_EDGE('',*,*,#5537,.T.);
#7943=ORIENTED_EDGE('',*,*,#5576,.T.);
#7944=ORIENTED_EDGE('',*,*,#5578,.T.);
#7945=ORIENTED_EDGE('',*,*,#5580,.T.);
#7946=ORIENTED_EDGE('',*,*,#5582,.T.);
#7947=ORIENTED_EDGE('',*,*,#5584,.T.);
#7948=ORIENTED_EDGE('',*,*,#5586,.T.);
#7949=ORIENTED_EDGE('',*,*,#5588,.T.);
#7950=ORIENTED_EDGE('',*,*,#5590,.T.);
#7951=ORIENTED_EDGE('',*,*,#5409,.T.);
#7952=ORIENTED_EDGE('',*,*,#5413,.T.);
#7953=ORIENTED_EDGE('',*,*,#5416,.T.);
#7954=ORIENTED_EDGE('',*,*,#5419,.T.);
#7955=ORIENTED_EDGE('',*,*,#5422,.T.);
#7956=ORIENTED_EDGE('',*,*,#5425,.T.);
#7957=ORIENTED_EDGE('',*,*,#5428,.T.);
#7958=ORIENTED_EDGE('',*,*,#5431,.T.);
#7959=ORIENTED_EDGE('',*,*,#5535,.T.);
#7960=ORIENTED_EDGE('',*,*,#5558,.T.);
#7961=ORIENTED_EDGE('',*,*,#5560,.T.);
#7962=ORIENTED_EDGE('',*,*,#5562,.T.);
#7963=ORIENTED_EDGE('',*,*,#5564,.T.);
#7964=ORIENTED_EDGE('',*,*,#5566,.T.);
#7965=ORIENTED_EDGE('',*,*,#5568,.T.);
#7966=ORIENTED_EDGE('',*,*,#5570,.T.);
#7967=ORIENTED_EDGE('',*,*,#5572,.T.);
#7968=ORIENTED_EDGE('',*,*,#5261,.T.);
#7969=ORIENTED_EDGE('',*,*,#5265,.T.);
#7970=ORIENTED_EDGE('',*,*,#5268,.T.);
#7971=ORIENTED_EDGE('',*,*,#5271,.T.);
#7972=ORIENTED_EDGE('',*,*,#5274,.T.);
#7973=ORIENTED_EDGE('',*,*,#5277,.T.);
#7974=ORIENTED_EDGE('',*,*,#5280,.T.);
#7975=ORIENTED_EDGE('',*,*,#5283,.T.);
#7976=ORIENTED_EDGE('',*,*,#5533,.T.);
#7977=ORIENTED_EDGE('',*,*,#5543,.T.);
#7978=ORIENTED_EDGE('',*,*,#5545,.T.);
#7979=ORIENTED_EDGE('',*,*,#5547,.T.);
#7980=ORIENTED_EDGE('',*,*,#5549,.T.);
#7981=ORIENTED_EDGE('',*,*,#5551,.T.);
#7982=ORIENTED_EDGE('',*,*,#5553,.T.);
#7983=ORIENTED_EDGE('',*,*,#5555,.T.);
#7984=ORIENTED_EDGE('',*,*,#5557,.T.);
#7985=ORIENTED_EDGE('',*,*,#5228,.T.);
#7986=ORIENTED_EDGE('',*,*,#5232,.T.);
#7987=ORIENTED_EDGE('',*,*,#5235,.T.);
#7988=ORIENTED_EDGE('',*,*,#5238,.T.);
#7989=ORIENTED_EDGE('',*,*,#5241,.T.);
#7990=ORIENTED_EDGE('',*,*,#5244,.T.);
#7991=ORIENTED_EDGE('',*,*,#5247,.T.);
#7992=ORIENTED_EDGE('',*,*,#5250,.T.);
#7993=ORIENTED_EDGE('',*,*,#5609,.F.);
#7994=ORIENTED_EDGE('',*,*,#5610,.F.);
#7995=ORIENTED_EDGE('',*,*,#5611,.F.);
#7996=ORIENTED_EDGE('',*,*,#5612,.F.);
#7997=ORIENTED_EDGE('',*,*,#5613,.F.);
#7998=ORIENTED_EDGE('',*,*,#5614,.F.);
#7999=ORIENTED_EDGE('',*,*,#5615,.F.);
#8000=ORIENTED_EDGE('',*,*,#5616,.F.);
#8001=ORIENTED_EDGE('',*,*,#5617,.F.);
#8002=ORIENTED_EDGE('',*,*,#5618,.F.);
#8003=ORIENTED_EDGE('',*,*,#5619,.F.);
#8004=ORIENTED_EDGE('',*,*,#5620,.F.);
#8005=ORIENTED_EDGE('',*,*,#5621,.F.);
#8006=ORIENTED_EDGE('',*,*,#5622,.F.);
#8007=ORIENTED_EDGE('',*,*,#5623,.F.);
#8008=ORIENTED_EDGE('',*,*,#5624,.F.);
#8009=ORIENTED_EDGE('',*,*,#5625,.F.);
#8010=ORIENTED_EDGE('',*,*,#5618,.T.);
#8011=ORIENTED_EDGE('',*,*,#5626,.F.);
#8012=ORIENTED_EDGE('',*,*,#5627,.F.);
#8013=ORIENTED_EDGE('',*,*,#5628,.T.);
#8014=ORIENTED_EDGE('',*,*,#5617,.T.);
#8015=ORIENTED_EDGE('',*,*,#5629,.F.);
#8016=ORIENTED_EDGE('',*,*,#5630,.F.);
#8017=ORIENTED_EDGE('',*,*,#5626,.T.);
#8018=ORIENTED_EDGE('',*,*,#5616,.T.);
#8019=ORIENTED_EDGE('',*,*,#5631,.F.);
#8020=ORIENTED_EDGE('',*,*,#5632,.F.);
#8021=ORIENTED_EDGE('',*,*,#5629,.T.);
#8022=ORIENTED_EDGE('',*,*,#5615,.T.);
#8023=ORIENTED_EDGE('',*,*,#5633,.F.);
#8024=ORIENTED_EDGE('',*,*,#5634,.F.);
#8025=ORIENTED_EDGE('',*,*,#5631,.T.);
#8026=ORIENTED_EDGE('',*,*,#5614,.T.);
#8027=ORIENTED_EDGE('',*,*,#5635,.F.);
#8028=ORIENTED_EDGE('',*,*,#5636,.F.);
#8029=ORIENTED_EDGE('',*,*,#5633,.T.);
#8030=ORIENTED_EDGE('',*,*,#5613,.T.);
#8031=ORIENTED_EDGE('',*,*,#5637,.F.);
#8032=ORIENTED_EDGE('',*,*,#5638,.F.);
#8033=ORIENTED_EDGE('',*,*,#5635,.T.);
#8034=ORIENTED_EDGE('',*,*,#5612,.T.);
#8035=ORIENTED_EDGE('',*,*,#5639,.F.);
#8036=ORIENTED_EDGE('',*,*,#5640,.F.);
#8037=ORIENTED_EDGE('',*,*,#5637,.T.);
#8038=ORIENTED_EDGE('',*,*,#5611,.T.);
#8039=ORIENTED_EDGE('',*,*,#5641,.F.);
#8040=ORIENTED_EDGE('',*,*,#5642,.F.);
#8041=ORIENTED_EDGE('',*,*,#5639,.T.);
#8042=ORIENTED_EDGE('',*,*,#5643,.T.);
#8043=ORIENTED_EDGE('',*,*,#5644,.T.);
#8044=ORIENTED_EDGE('',*,*,#5645,.T.);
#8045=ORIENTED_EDGE('',*,*,#5646,.T.);
#8046=ORIENTED_EDGE('',*,*,#5647,.T.);
#8047=ORIENTED_EDGE('',*,*,#5648,.T.);
#8048=ORIENTED_EDGE('',*,*,#5649,.T.);
#8049=ORIENTED_EDGE('',*,*,#5650,.T.);
#8050=ORIENTED_EDGE('',*,*,#5627,.T.);
#8051=ORIENTED_EDGE('',*,*,#5630,.T.);
#8052=ORIENTED_EDGE('',*,*,#5632,.T.);
#8053=ORIENTED_EDGE('',*,*,#5634,.T.);
#8054=ORIENTED_EDGE('',*,*,#5636,.T.);
#8055=ORIENTED_EDGE('',*,*,#5638,.T.);
#8056=ORIENTED_EDGE('',*,*,#5640,.T.);
#8057=ORIENTED_EDGE('',*,*,#5642,.T.);
#8058=ORIENTED_EDGE('',*,*,#5651,.T.);
#8059=ORIENTED_EDGE('',*,*,#5610,.T.);
#8060=ORIENTED_EDGE('',*,*,#5652,.F.);
#8061=ORIENTED_EDGE('',*,*,#5651,.F.);
#8062=ORIENTED_EDGE('',*,*,#5641,.T.);
#8063=ORIENTED_EDGE('',*,*,#5609,.T.);
#8064=ORIENTED_EDGE('',*,*,#5653,.T.);
#8065=ORIENTED_EDGE('',*,*,#5643,.F.);
#8066=ORIENTED_EDGE('',*,*,#5653,.F.);
#8067=ORIENTED_EDGE('',*,*,#5619,.T.);
#8068=ORIENTED_EDGE('',*,*,#5628,.F.);
#8069=ORIENTED_EDGE('',*,*,#5650,.F.);
#8070=ORIENTED_EDGE('',*,*,#5654,.T.);
#8071=ORIENTED_EDGE('',*,*,#5620,.T.);
#8072=ORIENTED_EDGE('',*,*,#5654,.F.);
#8073=ORIENTED_EDGE('',*,*,#5649,.F.);
#8074=ORIENTED_EDGE('',*,*,#5655,.T.);
#8075=ORIENTED_EDGE('',*,*,#5621,.T.);
#8076=ORIENTED_EDGE('',*,*,#5655,.F.);
#8077=ORIENTED_EDGE('',*,*,#5648,.F.);
#8078=ORIENTED_EDGE('',*,*,#5656,.T.);
#8079=ORIENTED_EDGE('',*,*,#5622,.T.);
#8080=ORIENTED_EDGE('',*,*,#5656,.F.);
#8081=ORIENTED_EDGE('',*,*,#5647,.F.);
#8082=ORIENTED_EDGE('',*,*,#5657,.T.);
#8083=ORIENTED_EDGE('',*,*,#5623,.T.);
#8084=ORIENTED_EDGE('',*,*,#5657,.F.);
#8085=ORIENTED_EDGE('',*,*,#5646,.F.);
#8086=ORIENTED_EDGE('',*,*,#5658,.T.);
#8087=ORIENTED_EDGE('',*,*,#5624,.T.);
#8088=ORIENTED_EDGE('',*,*,#5658,.F.);
#8089=ORIENTED_EDGE('',*,*,#5645,.F.);
#8090=ORIENTED_EDGE('',*,*,#5659,.T.);
#8091=ORIENTED_EDGE('',*,*,#5625,.T.);
#8092=ORIENTED_EDGE('',*,*,#5659,.F.);
#8093=ORIENTED_EDGE('',*,*,#5644,.F.);
#8094=ORIENTED_EDGE('',*,*,#5652,.T.);
#8095=ORIENTED_EDGE('',*,*,#5660,.T.);
#8096=ORIENTED_EDGE('',*,*,#5661,.F.);
#8097=ORIENTED_EDGE('',*,*,#5662,.F.);
#8098=ORIENTED_EDGE('',*,*,#5663,.T.);
#8099=ORIENTED_EDGE('',*,*,#5664,.T.);
#8100=ORIENTED_EDGE('',*,*,#5665,.F.);
#8101=ORIENTED_EDGE('',*,*,#5666,.F.);
#8102=ORIENTED_EDGE('',*,*,#5661,.T.);
#8103=ORIENTED_EDGE('',*,*,#5667,.T.);
#8104=ORIENTED_EDGE('',*,*,#5668,.F.);
#8105=ORIENTED_EDGE('',*,*,#5669,.F.);
#8106=ORIENTED_EDGE('',*,*,#5665,.T.);
#8107=ORIENTED_EDGE('',*,*,#5670,.T.);
#8108=ORIENTED_EDGE('',*,*,#5671,.F.);
#8109=ORIENTED_EDGE('',*,*,#5672,.F.);
#8110=ORIENTED_EDGE('',*,*,#5668,.T.);
#8111=ORIENTED_EDGE('',*,*,#5673,.T.);
#8112=ORIENTED_EDGE('',*,*,#5674,.F.);
#8113=ORIENTED_EDGE('',*,*,#5675,.F.);
#8114=ORIENTED_EDGE('',*,*,#5671,.T.);
#8115=ORIENTED_EDGE('',*,*,#5676,.T.);
#8116=ORIENTED_EDGE('',*,*,#5677,.F.);
#8117=ORIENTED_EDGE('',*,*,#5678,.F.);
#8118=ORIENTED_EDGE('',*,*,#5674,.T.);
#8119=ORIENTED_EDGE('',*,*,#5679,.T.);
#8120=ORIENTED_EDGE('',*,*,#5680,.F.);
#8121=ORIENTED_EDGE('',*,*,#5681,.F.);
#8122=ORIENTED_EDGE('',*,*,#5677,.T.);
#8123=ORIENTED_EDGE('',*,*,#5682,.T.);
#8124=ORIENTED_EDGE('',*,*,#5683,.T.);
#8125=ORIENTED_EDGE('',*,*,#5684,.F.);
#8126=ORIENTED_EDGE('',*,*,#5683,.F.);
#8127=ORIENTED_EDGE('',*,*,#5685,.T.);
#8128=ORIENTED_EDGE('',*,*,#5663,.F.);
#8129=ORIENTED_EDGE('',*,*,#5686,.F.);
#8130=ORIENTED_EDGE('',*,*,#5687,.T.);
#8131=ORIENTED_EDGE('',*,*,#5684,.T.);
#8132=ORIENTED_EDGE('',*,*,#5662,.T.);
#8133=ORIENTED_EDGE('',*,*,#5666,.T.);
#8134=ORIENTED_EDGE('',*,*,#5669,.T.);
#8135=ORIENTED_EDGE('',*,*,#5672,.T.);
#8136=ORIENTED_EDGE('',*,*,#5675,.T.);
#8137=ORIENTED_EDGE('',*,*,#5678,.T.);
#8138=ORIENTED_EDGE('',*,*,#5681,.T.);
#8139=ORIENTED_EDGE('',*,*,#5688,.T.);
#8140=ORIENTED_EDGE('',*,*,#5689,.T.);
#8141=ORIENTED_EDGE('',*,*,#5690,.T.);
#8142=ORIENTED_EDGE('',*,*,#5691,.T.);
#8143=ORIENTED_EDGE('',*,*,#5692,.T.);
#8144=ORIENTED_EDGE('',*,*,#5693,.T.);
#8145=ORIENTED_EDGE('',*,*,#5694,.T.);
#8146=ORIENTED_EDGE('',*,*,#5695,.T.);
#8147=ORIENTED_EDGE('',*,*,#5686,.T.);
#8148=ORIENTED_EDGE('',*,*,#5696,.T.);
#8149=ORIENTED_EDGE('',*,*,#5687,.F.);
#8150=ORIENTED_EDGE('',*,*,#5695,.F.);
#8151=ORIENTED_EDGE('',*,*,#5697,.T.);
#8152=ORIENTED_EDGE('',*,*,#5698,.T.);
#8153=ORIENTED_EDGE('',*,*,#5697,.F.);
#8154=ORIENTED_EDGE('',*,*,#5694,.F.);
#8155=ORIENTED_EDGE('',*,*,#5699,.T.);
#8156=ORIENTED_EDGE('',*,*,#5700,.T.);
#8157=ORIENTED_EDGE('',*,*,#5699,.F.);
#8158=ORIENTED_EDGE('',*,*,#5693,.F.);
#8159=ORIENTED_EDGE('',*,*,#5701,.T.);
#8160=ORIENTED_EDGE('',*,*,#5702,.T.);
#8161=ORIENTED_EDGE('',*,*,#5701,.F.);
#8162=ORIENTED_EDGE('',*,*,#5692,.F.);
#8163=ORIENTED_EDGE('',*,*,#5703,.T.);
#8164=ORIENTED_EDGE('',*,*,#5704,.T.);
#8165=ORIENTED_EDGE('',*,*,#5703,.F.);
#8166=ORIENTED_EDGE('',*,*,#5691,.F.);
#8167=ORIENTED_EDGE('',*,*,#5705,.T.);
#8168=ORIENTED_EDGE('',*,*,#5706,.T.);
#8169=ORIENTED_EDGE('',*,*,#5705,.F.);
#8170=ORIENTED_EDGE('',*,*,#5690,.F.);
#8171=ORIENTED_EDGE('',*,*,#5707,.T.);
#8172=ORIENTED_EDGE('',*,*,#5708,.T.);
#8173=ORIENTED_EDGE('',*,*,#5707,.F.);
#8174=ORIENTED_EDGE('',*,*,#5689,.F.);
#8175=ORIENTED_EDGE('',*,*,#5709,.T.);
#8176=ORIENTED_EDGE('',*,*,#5710,.T.);
#8177=ORIENTED_EDGE('',*,*,#5709,.F.);
#8178=ORIENTED_EDGE('',*,*,#5688,.F.);
#8179=ORIENTED_EDGE('',*,*,#5680,.T.);
#8180=ORIENTED_EDGE('',*,*,#5682,.F.);
#8181=ORIENTED_EDGE('',*,*,#5685,.F.);
#8182=ORIENTED_EDGE('',*,*,#5696,.F.);
#8183=ORIENTED_EDGE('',*,*,#5698,.F.);
#8184=ORIENTED_EDGE('',*,*,#5700,.F.);
#8185=ORIENTED_EDGE('',*,*,#5702,.F.);
#8186=ORIENTED_EDGE('',*,*,#5704,.F.);
#8187=ORIENTED_EDGE('',*,*,#5706,.F.);
#8188=ORIENTED_EDGE('',*,*,#5708,.F.);
#8189=ORIENTED_EDGE('',*,*,#5710,.F.);
#8190=ORIENTED_EDGE('',*,*,#5679,.F.);
#8191=ORIENTED_EDGE('',*,*,#5676,.F.);
#8192=ORIENTED_EDGE('',*,*,#5673,.F.);
#8193=ORIENTED_EDGE('',*,*,#5670,.F.);
#8194=ORIENTED_EDGE('',*,*,#5667,.F.);
#8195=ORIENTED_EDGE('',*,*,#5664,.F.);
#8196=ORIENTED_EDGE('',*,*,#5660,.F.);
#8197=ORIENTED_EDGE('',*,*,#5711,.F.);
#8198=ORIENTED_EDGE('',*,*,#5712,.F.);
#8199=ORIENTED_EDGE('',*,*,#5713,.F.);
#8200=ORIENTED_EDGE('',*,*,#5714,.F.);
#8201=ORIENTED_EDGE('',*,*,#5715,.F.);
#8202=ORIENTED_EDGE('',*,*,#5716,.F.);
#8203=ORIENTED_EDGE('',*,*,#5717,.F.);
#8204=ORIENTED_EDGE('',*,*,#5718,.F.);
#8205=ORIENTED_EDGE('',*,*,#5719,.F.);
#8206=ORIENTED_EDGE('',*,*,#5720,.F.);
#8207=ORIENTED_EDGE('',*,*,#5721,.F.);
#8208=ORIENTED_EDGE('',*,*,#5722,.F.);
#8209=ORIENTED_EDGE('',*,*,#5723,.F.);
#8210=ORIENTED_EDGE('',*,*,#5724,.F.);
#8211=ORIENTED_EDGE('',*,*,#5725,.F.);
#8212=ORIENTED_EDGE('',*,*,#5726,.F.);
#8213=ORIENTED_EDGE('',*,*,#5727,.F.);
#8214=ORIENTED_EDGE('',*,*,#5720,.T.);
#8215=ORIENTED_EDGE('',*,*,#5728,.F.);
#8216=ORIENTED_EDGE('',*,*,#5729,.F.);
#8217=ORIENTED_EDGE('',*,*,#5730,.T.);
#8218=ORIENTED_EDGE('',*,*,#5719,.T.);
#8219=ORIENTED_EDGE('',*,*,#5731,.F.);
#8220=ORIENTED_EDGE('',*,*,#5732,.F.);
#8221=ORIENTED_EDGE('',*,*,#5728,.T.);
#8222=ORIENTED_EDGE('',*,*,#5718,.T.);
#8223=ORIENTED_EDGE('',*,*,#5733,.F.);
#8224=ORIENTED_EDGE('',*,*,#5734,.F.);
#8225=ORIENTED_EDGE('',*,*,#5731,.T.);
#8226=ORIENTED_EDGE('',*,*,#5717,.T.);
#8227=ORIENTED_EDGE('',*,*,#5735,.F.);
#8228=ORIENTED_EDGE('',*,*,#5736,.F.);
#8229=ORIENTED_EDGE('',*,*,#5733,.T.);
#8230=ORIENTED_EDGE('',*,*,#5716,.T.);
#8231=ORIENTED_EDGE('',*,*,#5737,.F.);
#8232=ORIENTED_EDGE('',*,*,#5738,.F.);
#8233=ORIENTED_EDGE('',*,*,#5735,.T.);
#8234=ORIENTED_EDGE('',*,*,#5715,.T.);
#8235=ORIENTED_EDGE('',*,*,#5739,.F.);
#8236=ORIENTED_EDGE('',*,*,#5740,.F.);
#8237=ORIENTED_EDGE('',*,*,#5737,.T.);
#8238=ORIENTED_EDGE('',*,*,#5714,.T.);
#8239=ORIENTED_EDGE('',*,*,#5741,.F.);
#8240=ORIENTED_EDGE('',*,*,#5742,.F.);
#8241=ORIENTED_EDGE('',*,*,#5739,.T.);
#8242=ORIENTED_EDGE('',*,*,#5713,.T.);
#8243=ORIENTED_EDGE('',*,*,#5743,.F.);
#8244=ORIENTED_EDGE('',*,*,#5744,.F.);
#8245=ORIENTED_EDGE('',*,*,#5741,.T.);
#8246=ORIENTED_EDGE('',*,*,#5745,.T.);
#8247=ORIENTED_EDGE('',*,*,#5746,.T.);
#8248=ORIENTED_EDGE('',*,*,#5747,.T.);
#8249=ORIENTED_EDGE('',*,*,#5748,.T.);
#8250=ORIENTED_EDGE('',*,*,#5749,.T.);
#8251=ORIENTED_EDGE('',*,*,#5750,.T.);
#8252=ORIENTED_EDGE('',*,*,#5751,.T.);
#8253=ORIENTED_EDGE('',*,*,#5752,.T.);
#8254=ORIENTED_EDGE('',*,*,#5729,.T.);
#8255=ORIENTED_EDGE('',*,*,#5732,.T.);
#8256=ORIENTED_EDGE('',*,*,#5734,.T.);
#8257=ORIENTED_EDGE('',*,*,#5736,.T.);
#8258=ORIENTED_EDGE('',*,*,#5738,.T.);
#8259=ORIENTED_EDGE('',*,*,#5740,.T.);
#8260=ORIENTED_EDGE('',*,*,#5742,.T.);
#8261=ORIENTED_EDGE('',*,*,#5744,.T.);
#8262=ORIENTED_EDGE('',*,*,#5753,.T.);
#8263=ORIENTED_EDGE('',*,*,#5712,.T.);
#8264=ORIENTED_EDGE('',*,*,#5754,.F.);
#8265=ORIENTED_EDGE('',*,*,#5753,.F.);
#8266=ORIENTED_EDGE('',*,*,#5743,.T.);
#8267=ORIENTED_EDGE('',*,*,#5711,.T.);
#8268=ORIENTED_EDGE('',*,*,#5755,.T.);
#8269=ORIENTED_EDGE('',*,*,#5745,.F.);
#8270=ORIENTED_EDGE('',*,*,#5755,.F.);
#8271=ORIENTED_EDGE('',*,*,#5721,.T.);
#8272=ORIENTED_EDGE('',*,*,#5730,.F.);
#8273=ORIENTED_EDGE('',*,*,#5752,.F.);
#8274=ORIENTED_EDGE('',*,*,#5756,.T.);
#8275=ORIENTED_EDGE('',*,*,#5722,.T.);
#8276=ORIENTED_EDGE('',*,*,#5756,.F.);
#8277=ORIENTED_EDGE('',*,*,#5751,.F.);
#8278=ORIENTED_EDGE('',*,*,#5757,.T.);
#8279=ORIENTED_EDGE('',*,*,#5723,.T.);
#8280=ORIENTED_EDGE('',*,*,#5757,.F.);
#8281=ORIENTED_EDGE('',*,*,#5750,.F.);
#8282=ORIENTED_EDGE('',*,*,#5758,.T.);
#8283=ORIENTED_EDGE('',*,*,#5724,.T.);
#8284=ORIENTED_EDGE('',*,*,#5758,.F.);
#8285=ORIENTED_EDGE('',*,*,#5749,.F.);
#8286=ORIENTED_EDGE('',*,*,#5759,.T.);
#8287=ORIENTED_EDGE('',*,*,#5725,.T.);
#8288=ORIENTED_EDGE('',*,*,#5759,.F.);
#8289=ORIENTED_EDGE('',*,*,#5748,.F.);
#8290=ORIENTED_EDGE('',*,*,#5760,.T.);
#8291=ORIENTED_EDGE('',*,*,#5726,.T.);
#8292=ORIENTED_EDGE('',*,*,#5760,.F.);
#8293=ORIENTED_EDGE('',*,*,#5747,.F.);
#8294=ORIENTED_EDGE('',*,*,#5761,.T.);
#8295=ORIENTED_EDGE('',*,*,#5727,.T.);
#8296=ORIENTED_EDGE('',*,*,#5761,.F.);
#8297=ORIENTED_EDGE('',*,*,#5746,.F.);
#8298=ORIENTED_EDGE('',*,*,#5754,.T.);
#8299=ORIENTED_EDGE('',*,*,#5762,.T.);
#8300=ORIENTED_EDGE('',*,*,#5763,.F.);
#8301=ORIENTED_EDGE('',*,*,#5764,.F.);
#8302=ORIENTED_EDGE('',*,*,#5765,.T.);
#8303=ORIENTED_EDGE('',*,*,#5766,.T.);
#8304=ORIENTED_EDGE('',*,*,#5767,.F.);
#8305=ORIENTED_EDGE('',*,*,#5768,.F.);
#8306=ORIENTED_EDGE('',*,*,#5763,.T.);
#8307=ORIENTED_EDGE('',*,*,#5769,.T.);
#8308=ORIENTED_EDGE('',*,*,#5770,.F.);
#8309=ORIENTED_EDGE('',*,*,#5771,.F.);
#8310=ORIENTED_EDGE('',*,*,#5767,.T.);
#8311=ORIENTED_EDGE('',*,*,#5772,.T.);
#8312=ORIENTED_EDGE('',*,*,#5773,.F.);
#8313=ORIENTED_EDGE('',*,*,#5774,.F.);
#8314=ORIENTED_EDGE('',*,*,#5770,.T.);
#8315=ORIENTED_EDGE('',*,*,#5775,.T.);
#8316=ORIENTED_EDGE('',*,*,#5776,.F.);
#8317=ORIENTED_EDGE('',*,*,#5777,.F.);
#8318=ORIENTED_EDGE('',*,*,#5773,.T.);
#8319=ORIENTED_EDGE('',*,*,#5778,.T.);
#8320=ORIENTED_EDGE('',*,*,#5779,.F.);
#8321=ORIENTED_EDGE('',*,*,#5780,.F.);
#8322=ORIENTED_EDGE('',*,*,#5776,.T.);
#8323=ORIENTED_EDGE('',*,*,#5781,.T.);
#8324=ORIENTED_EDGE('',*,*,#5782,.F.);
#8325=ORIENTED_EDGE('',*,*,#5783,.F.);
#8326=ORIENTED_EDGE('',*,*,#5779,.T.);
#8327=ORIENTED_EDGE('',*,*,#5784,.T.);
#8328=ORIENTED_EDGE('',*,*,#5785,.T.);
#8329=ORIENTED_EDGE('',*,*,#5786,.F.);
#8330=ORIENTED_EDGE('',*,*,#5785,.F.);
#8331=ORIENTED_EDGE('',*,*,#5787,.T.);
#8332=ORIENTED_EDGE('',*,*,#5765,.F.);
#8333=ORIENTED_EDGE('',*,*,#5788,.F.);
#8334=ORIENTED_EDGE('',*,*,#5789,.T.);
#8335=ORIENTED_EDGE('',*,*,#5786,.T.);
#8336=ORIENTED_EDGE('',*,*,#5764,.T.);
#8337=ORIENTED_EDGE('',*,*,#5768,.T.);
#8338=ORIENTED_EDGE('',*,*,#5771,.T.);
#8339=ORIENTED_EDGE('',*,*,#5774,.T.);
#8340=ORIENTED_EDGE('',*,*,#5777,.T.);
#8341=ORIENTED_EDGE('',*,*,#5780,.T.);
#8342=ORIENTED_EDGE('',*,*,#5783,.T.);
#8343=ORIENTED_EDGE('',*,*,#5790,.T.);
#8344=ORIENTED_EDGE('',*,*,#5791,.T.);
#8345=ORIENTED_EDGE('',*,*,#5792,.T.);
#8346=ORIENTED_EDGE('',*,*,#5793,.T.);
#8347=ORIENTED_EDGE('',*,*,#5794,.T.);
#8348=ORIENTED_EDGE('',*,*,#5795,.T.);
#8349=ORIENTED_EDGE('',*,*,#5796,.T.);
#8350=ORIENTED_EDGE('',*,*,#5797,.T.);
#8351=ORIENTED_EDGE('',*,*,#5788,.T.);
#8352=ORIENTED_EDGE('',*,*,#5798,.T.);
#8353=ORIENTED_EDGE('',*,*,#5789,.F.);
#8354=ORIENTED_EDGE('',*,*,#5797,.F.);
#8355=ORIENTED_EDGE('',*,*,#5799,.T.);
#8356=ORIENTED_EDGE('',*,*,#5800,.T.);
#8357=ORIENTED_EDGE('',*,*,#5799,.F.);
#8358=ORIENTED_EDGE('',*,*,#5796,.F.);
#8359=ORIENTED_EDGE('',*,*,#5801,.T.);
#8360=ORIENTED_EDGE('',*,*,#5802,.T.);
#8361=ORIENTED_EDGE('',*,*,#5801,.F.);
#8362=ORIENTED_EDGE('',*,*,#5795,.F.);
#8363=ORIENTED_EDGE('',*,*,#5803,.T.);
#8364=ORIENTED_EDGE('',*,*,#5804,.T.);
#8365=ORIENTED_EDGE('',*,*,#5803,.F.);
#8366=ORIENTED_EDGE('',*,*,#5794,.F.);
#8367=ORIENTED_EDGE('',*,*,#5805,.T.);
#8368=ORIENTED_EDGE('',*,*,#5806,.T.);
#8369=ORIENTED_EDGE('',*,*,#5805,.F.);
#8370=ORIENTED_EDGE('',*,*,#5793,.F.);
#8371=ORIENTED_EDGE('',*,*,#5807,.T.);
#8372=ORIENTED_EDGE('',*,*,#5808,.T.);
#8373=ORIENTED_EDGE('',*,*,#5807,.F.);
#8374=ORIENTED_EDGE('',*,*,#5792,.F.);
#8375=ORIENTED_EDGE('',*,*,#5809,.T.);
#8376=ORIENTED_EDGE('',*,*,#5810,.T.);
#8377=ORIENTED_EDGE('',*,*,#5809,.F.);
#8378=ORIENTED_EDGE('',*,*,#5791,.F.);
#8379=ORIENTED_EDGE('',*,*,#5811,.T.);
#8380=ORIENTED_EDGE('',*,*,#5812,.T.);
#8381=ORIENTED_EDGE('',*,*,#5811,.F.);
#8382=ORIENTED_EDGE('',*,*,#5790,.F.);
#8383=ORIENTED_EDGE('',*,*,#5782,.T.);
#8384=ORIENTED_EDGE('',*,*,#5784,.F.);
#8385=ORIENTED_EDGE('',*,*,#5787,.F.);
#8386=ORIENTED_EDGE('',*,*,#5798,.F.);
#8387=ORIENTED_EDGE('',*,*,#5800,.F.);
#8388=ORIENTED_EDGE('',*,*,#5802,.F.);
#8389=ORIENTED_EDGE('',*,*,#5804,.F.);
#8390=ORIENTED_EDGE('',*,*,#5806,.F.);
#8391=ORIENTED_EDGE('',*,*,#5808,.F.);
#8392=ORIENTED_EDGE('',*,*,#5810,.F.);
#8393=ORIENTED_EDGE('',*,*,#5812,.F.);
#8394=ORIENTED_EDGE('',*,*,#5781,.F.);
#8395=ORIENTED_EDGE('',*,*,#5778,.F.);
#8396=ORIENTED_EDGE('',*,*,#5775,.F.);
#8397=ORIENTED_EDGE('',*,*,#5772,.F.);
#8398=ORIENTED_EDGE('',*,*,#5769,.F.);
#8399=ORIENTED_EDGE('',*,*,#5766,.F.);
#8400=ORIENTED_EDGE('',*,*,#5762,.F.);
#8401=PLANE('',#9316);
#8402=PLANE('',#9320);
#8403=PLANE('',#9324);
#8404=PLANE('',#9328);
#8405=PLANE('',#9334);
#8406=PLANE('',#9337);
#8407=PLANE('',#9338);
#8408=PLANE('',#9371);
#8409=PLANE('',#9374);
#8410=PLANE('',#9377);
#8411=PLANE('',#9380);
#8412=PLANE('',#9385);
#8413=PLANE('',#9388);
#8414=PLANE('',#9389);
#8415=PLANE('',#9392);
#8416=PLANE('',#9395);
#8417=PLANE('',#9398);
#8418=PLANE('',#9403);
#8419=PLANE('',#9406);
#8420=PLANE('',#9407);
#8421=PLANE('',#9410);
#8422=PLANE('',#9413);
#8423=PLANE('',#9416);
#8424=PLANE('',#9421);
#8425=PLANE('',#9424);
#8426=PLANE('',#9425);
#8427=PLANE('',#9430);
#8428=PLANE('',#9433);
#8429=PLANE('',#9436);
#8430=PLANE('',#9441);
#8431=PLANE('',#9446);
#8432=PLANE('',#9449);
#8433=PLANE('',#9452);
#8434=PLANE('',#9461);
#8435=PLANE('',#9464);
#8436=PLANE('',#9467);
#8437=PLANE('',#9472);
#8438=PLANE('',#9473);
#8439=PLANE('',#9476);
#8440=PLANE('',#9479);
#8441=PLANE('',#9483);
#8442=PLANE('',#9487);
#8443=PLANE('',#9488);
#8444=PLANE('',#9513);
#8445=PLANE('',#9516);
#8446=PLANE('',#9519);
#8447=PLANE('',#9521);
#8448=PLANE('',#9524);
#8449=PLANE('',#9526);
#8450=PLANE('',#9529);
#8451=PLANE('',#9532);
#8452=PLANE('',#9534);
#8453=PLANE('',#9537);
#8454=PLANE('',#9539);
#8455=PLANE('',#9542);
#8456=PLANE('',#9545);
#8457=PLANE('',#9547);
#8458=PLANE('',#9550);
#8459=PLANE('',#9552);
#8460=PLANE('',#9555);
#8461=PLANE('',#9557);
#8462=PLANE('',#9559);
#8463=PLANE('',#9562);
#8464=PLANE('',#9567);
#8465=PLANE('',#9570);
#8466=PLANE('',#9573);
#8467=PLANE('',#9578);
#8468=PLANE('',#9581);
#8469=PLANE('',#9582);
#8470=PLANE('',#9583);
#8471=PLANE('',#9584);
#8472=PLANE('',#9585);
#8473=PLANE('',#9586);
#8474=PLANE('',#9587);
#8475=PLANE('',#9588);
#8476=PLANE('',#9589);
#8477=PLANE('',#9590);
#8478=PLANE('',#9591);
#8479=PLANE('',#9592);
#8480=PLANE('',#9593);
#8481=PLANE('',#9594);
#8482=PLANE('',#9595);
#8483=PLANE('',#9596);
#8484=PLANE('',#9597);
#8485=PLANE('',#9598);
#8486=PLANE('',#9599);
#8487=PLANE('',#9600);
#8488=PLANE('',#9601);
#8489=PLANE('',#9602);
#8490=PLANE('',#9603);
#8491=PLANE('',#9604);
#8492=PLANE('',#9605);
#8493=PLANE('',#9606);
#8494=PLANE('',#9607);
#8495=PLANE('',#9608);
#8496=PLANE('',#9609);
#8497=PLANE('',#9610);
#8498=PLANE('',#9611);
#8499=PLANE('',#9612);
#8500=PLANE('',#9613);
#8501=PLANE('',#9614);
#8502=PLANE('',#9615);
#8503=PLANE('',#9616);
#8504=PLANE('',#9617);
#8505=PLANE('',#9618);
#8506=PLANE('',#9619);
#8507=PLANE('',#9620);
#8508=PLANE('',#9621);
#8509=PLANE('',#9622);
#8510=PLANE('',#9623);
#8511=PLANE('',#9624);
#8512=PLANE('',#9625);
#8513=PLANE('',#9626);
#8514=PLANE('',#9627);
#8515=PLANE('',#9628);
#8516=PLANE('',#9629);
#8517=PLANE('',#9630);
#8518=PLANE('',#9631);
#8519=PLANE('',#9632);
#8520=PLANE('',#9633);
#8521=PLANE('',#9634);
#8522=PLANE('',#9635);
#8523=PLANE('',#9636);
#8524=PLANE('',#9637);
#8525=PLANE('',#9638);
#8526=PLANE('',#9639);
#8527=PLANE('',#9640);
#8528=PLANE('',#9643);
#8529=PLANE('',#9645);
#8530=PLANE('',#9646);
#8531=PLANE('',#9647);
#8532=PLANE('',#9648);
#8533=PLANE('',#9649);
#8534=PLANE('',#9650);
#8535=PLANE('',#9651);
#8536=PLANE('',#9652);
#8537=PLANE('',#9653);
#8538=PLANE('',#9654);
#8539=PLANE('',#9655);
#8540=PLANE('',#9656);
#8541=PLANE('',#9657);
#8542=PLANE('',#9658);
#8543=PLANE('',#9659);
#8544=PLANE('',#9660);
#8545=PLANE('',#9661);
#8546=PLANE('',#9662);
#8547=PLANE('',#9663);
#8548=PLANE('',#9664);
#8549=PLANE('',#9665);
#8550=PLANE('',#9666);
#8551=PLANE('',#9667);
#8552=PLANE('',#9668);
#8553=PLANE('',#9669);
#8554=PLANE('',#9670);
#8555=PLANE('',#9671);
#8556=PLANE('',#9672);
#8557=PLANE('',#9673);
#8558=PLANE('',#9674);
#8559=PLANE('',#9675);
#8560=PLANE('',#9676);
#8561=PLANE('',#9677);
#8562=PLANE('',#9678);
#8563=PLANE('',#9679);
#8564=PLANE('',#9680);
#8565=PLANE('',#9681);
#8566=PLANE('',#9682);
#8567=PLANE('',#9683);
#8568=PLANE('',#9684);
#8569=PLANE('',#9685);
#8570=PLANE('',#9686);
#8571=PLANE('',#9687);
#8572=PLANE('',#9688);
#8573=PLANE('',#9689);
#8574=PLANE('',#9690);
#8575=PLANE('',#9691);
#8576=PLANE('',#9692);
#8577=PLANE('',#9700);
#8578=PLANE('',#9701);
#8579=PLANE('',#9702);
#8580=PLANE('',#9703);
#8581=PLANE('',#9707);
#8582=PLANE('',#9708);
#8583=PLANE('',#9709);
#8584=PLANE('',#9713);
#8585=PLANE('',#9714);
#8586=PLANE('',#9720);
#8587=PLANE('',#9721);
#8588=PLANE('',#9722);
#8589=PLANE('',#9726);
#8590=PLANE('',#9727);
#8591=PLANE('',#9728);
#8592=PLANE('',#9729);
#8593=PLANE('',#9734);
#8594=PLANE('',#9735);
#8595=PLANE('',#9736);
#8596=PLANE('',#9740);
#8597=PLANE('',#9741);
#8598=PLANE('',#9742);
#8599=PLANE('',#9746);
#8600=PLANE('',#9747);
#8601=PLANE('',#9748);
#8602=PLANE('',#9752);
#8603=PLANE('',#9753);
#8604=PLANE('',#9754);
#8605=PLANE('',#9761);
#8606=PLANE('',#9762);
#8607=PLANE('',#9768);
#8608=PLANE('',#9769);
#8609=PLANE('',#9770);
#8610=PLANE('',#9771);
#8611=PLANE('',#9772);
#8612=PLANE('',#9773);
#8613=PLANE('',#9774);
#8614=PLANE('',#9775);
#8615=PLANE('',#9776);
#8616=PLANE('',#9777);
#8617=PLANE('',#9778);
#8618=PLANE('',#9779);
#8619=PLANE('',#9780);
#8620=PLANE('',#9781);
#8621=PLANE('',#9782);
#8622=PLANE('',#9783);
#8623=PLANE('',#9784);
#8624=PLANE('',#9785);
#8625=PLANE('',#9786);
#8626=PLANE('',#9787);
#8627=PLANE('',#9788);
#8628=PLANE('',#9789);
#8629=PLANE('',#9790);
#8630=PLANE('',#9791);
#8631=PLANE('',#9792);
#8632=PLANE('',#9793);
#8633=PLANE('',#9794);
#8634=PLANE('',#9795);
#8635=PLANE('',#9796);
#8636=PLANE('',#9797);
#8637=PLANE('',#9798);
#8638=PLANE('',#9799);
#8639=PLANE('',#9800);
#8640=PLANE('',#9801);
#8641=PLANE('',#9802);
#8642=PLANE('',#9803);
#8643=PLANE('',#9804);
#8644=PLANE('',#9805);
#8645=PLANE('',#9806);
#8646=PLANE('',#9807);
#8647=PLANE('',#9808);
#8648=PLANE('',#9809);
#8649=PLANE('',#9810);
#8650=PLANE('',#9811);
#8651=PLANE('',#9812);
#8652=PLANE('',#9820);
#8653=PLANE('',#9821);
#8654=PLANE('',#9822);
#8655=PLANE('',#9823);
#8656=PLANE('',#9827);
#8657=PLANE('',#9828);
#8658=PLANE('',#9829);
#8659=PLANE('',#9833);
#8660=PLANE('',#9834);
#8661=PLANE('',#9840);
#8662=PLANE('',#9841);
#8663=PLANE('',#9842);
#8664=PLANE('',#9846);
#8665=PLANE('',#9847);
#8666=PLANE('',#9848);
#8667=PLANE('',#9849);
#8668=PLANE('',#9854);
#8669=PLANE('',#9855);
#8670=PLANE('',#9856);
#8671=PLANE('',#9860);
#8672=PLANE('',#9861);
#8673=PLANE('',#9862);
#8674=PLANE('',#9866);
#8675=PLANE('',#9867);
#8676=PLANE('',#9868);
#8677=PLANE('',#9872);
#8678=PLANE('',#9873);
#8679=PLANE('',#9874);
#8680=PLANE('',#9881);
#8681=PLANE('',#9882);
#8682=PLANE('',#9896);
#8683=PLANE('',#9898);
#8684=PLANE('',#9899);
#8685=PLANE('',#9900);
#8686=PLANE('',#9903);
#8687=PLANE('',#9904);
#8688=PLANE('',#9905);
#8689=PLANE('',#9908);
#8690=PLANE('',#9909);
#8691=PLANE('',#9910);
#8692=PLANE('',#9913);
#8693=PLANE('',#9916);
#8694=PLANE('',#9917);
#8695=PLANE('',#9918);
#8696=PLANE('',#9921);
#8697=PLANE('',#9922);
#8698=PLANE('',#9923);
#8699=PLANE('',#9925);
#8700=PLANE('',#9927);
#8701=PLANE('',#9928);
#8702=PLANE('',#9929);
#8703=PLANE('',#9932);
#8704=PLANE('',#9933);
#8705=PLANE('',#9934);
#8706=PLANE('',#9937);
#8707=PLANE('',#9940);
#8708=PLANE('',#9941);
#8709=PLANE('',#9942);
#8710=PLANE('',#9945);
#8711=PLANE('',#9946);
#8712=PLANE('',#9947);
#8713=PLANE('',#9949);
#8714=PLANE('',#9951);
#8715=PLANE('',#9952);
#8716=PLANE('',#9953);
#8717=PLANE('',#9954);
#8718=PLANE('',#9955);
#8719=PLANE('',#9956);
#8720=PLANE('',#9964);
#8721=PLANE('',#9965);
#8722=PLANE('',#9966);
#8723=PLANE('',#9969);
#8724=PLANE('',#9970);
#8725=PLANE('',#9971);
#8726=PLANE('',#9972);
#8727=PLANE('',#9978);
#8728=PLANE('',#9979);
#8729=PLANE('',#9980);
#8730=PLANE('',#9982);
#8731=PLANE('',#9983);
#8732=PLANE('',#9984);
#8733=PLANE('',#9985);
#8734=PLANE('',#9989);
#8735=PLANE('',#9990);
#8736=PLANE('',#9991);
#8737=PLANE('',#9995);
#8738=PLANE('',#9999);
#8739=PLANE('',#10000);
#8740=PLANE('',#10003);
#8741=PLANE('',#10006);
#8742=PLANE('',#10007);
#8743=PLANE('',#10008);
#8744=PLANE('',#10011);
#8745=PLANE('',#10012);
#8746=PLANE('',#10013);
#8747=PLANE('',#10014);
#8748=PLANE('',#10020);
#8749=PLANE('',#10021);
#8750=PLANE('',#10024);
#8751=PLANE('',#10025);
#8752=PLANE('',#10026);
#8753=PLANE('',#10029);
#8754=PLANE('',#10030);
#8755=PLANE('',#10034);
#8756=PLANE('',#10036);
#8757=PLANE('',#10038);
#8758=PLANE('',#10039);
#8759=PLANE('',#10040);
#8760=PLANE('',#10042);
#8761=PLANE('',#10043);
#8762=PLANE('',#10044);
#8763=PLANE('',#10045);
#8764=PLANE('',#10049);
#8765=PLANE('',#10050);
#8766=PLANE('',#10051);
#8767=PLANE('',#10058);
#8768=PLANE('',#10061);
#8769=PLANE('',#10062);
#8770=PLANE('',#10063);
#8771=PLANE('',#10066);
#8772=PLANE('',#10067);
#8773=PLANE('',#10068);
#8774=PLANE('',#10071);
#8775=ADVANCED_FACE('',(#469),#8401,.T.);
#8776=ADVANCED_FACE('',(#470),#407,.F.);
#8777=ADVANCED_FACE('',(#471),#8402,.T.);
#8778=ADVANCED_FACE('',(#472),#408,.F.);
#8779=ADVANCED_FACE('',(#473),#8403,.T.);
#8780=ADVANCED_FACE('',(#474),#409,.F.);
#8781=ADVANCED_FACE('',(#475),#8404,.T.);
#8782=ADVANCED_FACE('',(#476),#410,.F.);
#8783=ADVANCED_FACE('',(#477),#87,.F.);
#8784=ADVANCED_FACE('',(#478),#8405,.T.);
#8785=ADVANCED_FACE('',(#479),#88,.F.);
#8786=ADVANCED_FACE('',(#480),#8406,.T.);
#8787=ADVANCED_FACE('',(#481,#27,#28,#29,#30,#31,#32),#8407,.T.);
#8788=ADVANCED_FACE('',(#482),#8408,.T.);
#8789=ADVANCED_FACE('',(#483),#411,.F.);
#8790=ADVANCED_FACE('',(#484),#8409,.T.);
#8791=ADVANCED_FACE('',(#485),#412,.F.);
#8792=ADVANCED_FACE('',(#486),#8410,.T.);
#8793=ADVANCED_FACE('',(#487),#413,.F.);
#8794=ADVANCED_FACE('',(#488),#8411,.T.);
#8795=ADVANCED_FACE('',(#489),#414,.F.);
#8796=ADVANCED_FACE('',(#490),#89,.F.);
#8797=ADVANCED_FACE('',(#491),#8412,.T.);
#8798=ADVANCED_FACE('',(#492),#90,.F.);
#8799=ADVANCED_FACE('',(#493),#8413,.T.);
#8800=ADVANCED_FACE('',(#494),#8414,.T.);
#8801=ADVANCED_FACE('',(#495),#415,.F.);
#8802=ADVANCED_FACE('',(#496),#8415,.T.);
#8803=ADVANCED_FACE('',(#497),#416,.F.);
#8804=ADVANCED_FACE('',(#498),#8416,.T.);
#8805=ADVANCED_FACE('',(#499),#417,.F.);
#8806=ADVANCED_FACE('',(#500),#8417,.T.);
#8807=ADVANCED_FACE('',(#501),#418,.F.);
#8808=ADVANCED_FACE('',(#502),#91,.F.);
#8809=ADVANCED_FACE('',(#503),#8418,.T.);
#8810=ADVANCED_FACE('',(#504),#92,.F.);
#8811=ADVANCED_FACE('',(#505),#8419,.T.);
#8812=ADVANCED_FACE('',(#506),#8420,.T.);
#8813=ADVANCED_FACE('',(#507),#419,.F.);
#8814=ADVANCED_FACE('',(#508),#8421,.T.);
#8815=ADVANCED_FACE('',(#509),#420,.F.);
#8816=ADVANCED_FACE('',(#510),#8422,.T.);
#8817=ADVANCED_FACE('',(#511),#421,.F.);
#8818=ADVANCED_FACE('',(#512),#8423,.T.);
#8819=ADVANCED_FACE('',(#513),#422,.F.);
#8820=ADVANCED_FACE('',(#514),#93,.F.);
#8821=ADVANCED_FACE('',(#515),#8424,.F.);
#8822=ADVANCED_FACE('',(#516),#94,.F.);
#8823=ADVANCED_FACE('',(#517),#8425,.T.);
#8824=ADVANCED_FACE('',(#518),#8426,.T.);
#8825=ADVANCED_FACE('',(#519),#423,.F.);
#8826=ADVANCED_FACE('',(#520),#424,.T.);
#8827=ADVANCED_FACE('',(#521),#8427,.T.);
#8828=ADVANCED_FACE('',(#522),#425,.T.);
#8829=ADVANCED_FACE('',(#523),#8428,.T.);
#8830=ADVANCED_FACE('',(#524),#426,.T.);
#8831=ADVANCED_FACE('',(#525),#8429,.T.);
#8832=ADVANCED_FACE('',(#526),#427,.T.);
#8833=ADVANCED_FACE('',(#527),#428,.F.);
#8834=ADVANCED_FACE('',(#528),#8430,.T.);
#8835=ADVANCED_FACE('',(#529),#429,.F.);
#8836=ADVANCED_FACE('',(#530),#430,.T.);
#8837=ADVANCED_FACE('',(#531),#8431,.T.);
#8838=ADVANCED_FACE('',(#532),#431,.T.);
#8839=ADVANCED_FACE('',(#533),#8432,.T.);
#8840=ADVANCED_FACE('',(#534),#432,.T.);
#8841=ADVANCED_FACE('',(#535),#8433,.T.);
#8842=ADVANCED_FACE('',(#536),#433,.T.);
#8843=ADVANCED_FACE('',(#537),#434,.F.);
#8844=ADVANCED_FACE('',(#538),#95,.F.);
#8845=ADVANCED_FACE('',(#539),#96,.T.);
#8846=ADVANCED_FACE('',(#540),#8434,.T.);
#8847=ADVANCED_FACE('',(#541),#97,.T.);
#8848=ADVANCED_FACE('',(#542),#8435,.F.);
#8849=ADVANCED_FACE('',(#543),#98,.T.);
#8850=ADVANCED_FACE('',(#544),#8436,.T.);
#8851=ADVANCED_FACE('',(#545),#99,.T.);
#8852=ADVANCED_FACE('',(#546),#100,.F.);
#8853=ADVANCED_FACE('',(#547),#8437,.T.);
#8854=ADVANCED_FACE('',(#548),#8438,.T.);
#8855=ADVANCED_FACE('',(#549),#435,.F.);
#8856=ADVANCED_FACE('',(#550),#8439,.T.);
#8857=ADVANCED_FACE('',(#551),#436,.F.);
#8858=ADVANCED_FACE('',(#552),#8440,.T.);
#8859=ADVANCED_FACE('',(#553),#437,.F.);
#8860=ADVANCED_FACE('',(#554),#8441,.T.);
#8861=ADVANCED_FACE('',(#555),#438,.F.);
#8862=ADVANCED_FACE('',(#556),#8442,.T.);
#8863=ADVANCED_FACE('',(#557,#33,#34,#35,#36,#37,#38,#39,#40,#41,#42,#43,
#44,#45,#46,#47,#48,#49,#50,#51,#52,#53,#54,#55,#56,#57,#58,#59,#60,#61,
#62,#63,#64,#65,#66),#8443,.T.);
#8864=ADVANCED_FACE('',(#558),#8444,.T.);
#8865=ADVANCED_FACE('',(#559),#439,.F.);
#8866=ADVANCED_FACE('',(#560),#8445,.T.);
#8867=ADVANCED_FACE('',(#561),#440,.F.);
#8868=ADVANCED_FACE('',(#562),#8446,.T.);
#8869=ADVANCED_FACE('',(#563),#441,.F.);
#8870=ADVANCED_FACE('',(#564),#8447,.T.);
#8871=ADVANCED_FACE('',(#565),#442,.F.);
#8872=ADVANCED_FACE('',(#566),#101,.F.);
#8873=ADVANCED_FACE('',(#567),#8448,.F.);
#8874=ADVANCED_FACE('',(#568),#102,.F.);
#8875=ADVANCED_FACE('',(#569),#8449,.T.);
#8876=ADVANCED_FACE('',(#570),#443,.F.);
#8877=ADVANCED_FACE('',(#571),#8450,.T.);
#8878=ADVANCED_FACE('',(#572),#444,.F.);
#8879=ADVANCED_FACE('',(#573),#8451,.T.);
#8880=ADVANCED_FACE('',(#574),#445,.F.);
#8881=ADVANCED_FACE('',(#575),#8452,.T.);
#8882=ADVANCED_FACE('',(#576),#446,.F.);
#8883=ADVANCED_FACE('',(#577),#103,.F.);
#8884=ADVANCED_FACE('',(#578),#8453,.F.);
#8885=ADVANCED_FACE('',(#579),#104,.F.);
#8886=ADVANCED_FACE('',(#580),#8454,.T.);
#8887=ADVANCED_FACE('',(#581),#447,.F.);
#8888=ADVANCED_FACE('',(#582),#8455,.T.);
#8889=ADVANCED_FACE('',(#583),#448,.F.);
#8890=ADVANCED_FACE('',(#584),#8456,.T.);
#8891=ADVANCED_FACE('',(#585),#449,.F.);
#8892=ADVANCED_FACE('',(#586),#8457,.T.);
#8893=ADVANCED_FACE('',(#587),#450,.F.);
#8894=ADVANCED_FACE('',(#588),#105,.F.);
#8895=ADVANCED_FACE('',(#589),#8458,.F.);
#8896=ADVANCED_FACE('',(#590),#106,.F.);
#8897=ADVANCED_FACE('',(#591),#8459,.T.);
#8898=ADVANCED_FACE('',(#592),#451,.F.);
#8899=ADVANCED_FACE('',(#593),#452,.T.);
#8900=ADVANCED_FACE('',(#594),#8460,.T.);
#8901=ADVANCED_FACE('',(#595),#453,.T.);
#8902=ADVANCED_FACE('',(#596),#8461,.T.);
#8903=ADVANCED_FACE('',(#597),#454,.T.);
#8904=ADVANCED_FACE('',(#598),#8462,.T.);
#8905=ADVANCED_FACE('',(#599),#455,.T.);
#8906=ADVANCED_FACE('',(#600),#456,.F.);
#8907=ADVANCED_FACE('',(#601),#8463,.T.);
#8908=ADVANCED_FACE('',(#602),#457,.F.);
#8909=ADVANCED_FACE('',(#603),#458,.T.);
#8910=ADVANCED_FACE('',(#604),#8464,.T.);
#8911=ADVANCED_FACE('',(#605),#459,.T.);
#8912=ADVANCED_FACE('',(#606),#8465,.T.);
#8913=ADVANCED_FACE('',(#607),#460,.T.);
#8914=ADVANCED_FACE('',(#608),#8466,.T.);
#8915=ADVANCED_FACE('',(#609),#461,.T.);
#8916=ADVANCED_FACE('',(#610),#462,.F.);
#8917=ADVANCED_FACE('',(#611),#8467,.T.);
#8918=ADVANCED_FACE('',(#612),#107,.F.);
#8919=ADVANCED_FACE('',(#613),#108,.T.);
#8920=ADVANCED_FACE('',(#614),#8468,.F.);
#8921=ADVANCED_FACE('',(#615),#8469,.F.);
#8922=ADVANCED_FACE('',(#616),#8470,.F.);
#8923=ADVANCED_FACE('',(#617),#8471,.F.);
#8924=ADVANCED_FACE('',(#618),#8472,.F.);
#8925=ADVANCED_FACE('',(#619),#8473,.F.);
#8926=ADVANCED_FACE('',(#620),#8474,.T.);
#8927=ADVANCED_FACE('',(#621),#8475,.F.);
#8928=ADVANCED_FACE('',(#622),#8476,.F.);
#8929=ADVANCED_FACE('',(#623),#8477,.F.);
#8930=ADVANCED_FACE('',(#624),#8478,.F.);
#8931=ADVANCED_FACE('',(#625),#8479,.F.);
#8932=ADVANCED_FACE('',(#626),#8480,.F.);
#8933=ADVANCED_FACE('',(#627),#8481,.F.);
#8934=ADVANCED_FACE('',(#628),#8482,.F.);
#8935=ADVANCED_FACE('',(#629),#8483,.F.);
#8936=ADVANCED_FACE('',(#630),#8484,.F.);
#8937=ADVANCED_FACE('',(#631),#8485,.F.);
#8938=ADVANCED_FACE('',(#632),#8486,.F.);
#8939=ADVANCED_FACE('',(#633),#8487,.F.);
#8940=ADVANCED_FACE('',(#634),#8488,.F.);
#8941=ADVANCED_FACE('',(#635),#8489,.F.);
#8942=ADVANCED_FACE('',(#636),#8490,.F.);
#8943=ADVANCED_FACE('',(#637),#8491,.F.);
#8944=ADVANCED_FACE('',(#638),#8492,.F.);
#8945=ADVANCED_FACE('',(#639),#8493,.F.);
#8946=ADVANCED_FACE('',(#640),#8494,.T.);
#8947=ADVANCED_FACE('',(#641),#8495,.F.);
#8948=ADVANCED_FACE('',(#642),#8496,.F.);
#8949=ADVANCED_FACE('',(#643),#8497,.F.);
#8950=ADVANCED_FACE('',(#644),#8498,.F.);
#8951=ADVANCED_FACE('',(#645),#8499,.F.);
#8952=ADVANCED_FACE('',(#646),#8500,.F.);
#8953=ADVANCED_FACE('',(#647),#8501,.F.);
#8954=ADVANCED_FACE('',(#648),#8502,.F.);
#8955=ADVANCED_FACE('',(#649),#8503,.F.);
#8956=ADVANCED_FACE('',(#650),#8504,.F.);
#8957=ADVANCED_FACE('',(#651),#8505,.F.);
#8958=ADVANCED_FACE('',(#652),#8506,.F.);
#8959=ADVANCED_FACE('',(#653),#8507,.F.);
#8960=ADVANCED_FACE('',(#654),#8508,.F.);
#8961=ADVANCED_FACE('',(#655),#8509,.F.);
#8962=ADVANCED_FACE('',(#656),#8510,.F.);
#8963=ADVANCED_FACE('',(#657),#8511,.F.);
#8964=ADVANCED_FACE('',(#658),#8512,.F.);
#8965=ADVANCED_FACE('',(#659),#8513,.F.);
#8966=ADVANCED_FACE('',(#660),#8514,.F.);
#8967=ADVANCED_FACE('',(#661),#8515,.F.);
#8968=ADVANCED_FACE('',(#662),#8516,.F.);
#8969=ADVANCED_FACE('',(#663),#8517,.F.);
#8970=ADVANCED_FACE('',(#664),#8518,.F.);
#8971=ADVANCED_FACE('',(#665),#8519,.F.);
#8972=ADVANCED_FACE('',(#666),#8520,.F.);
#8973=ADVANCED_FACE('',(#667),#8521,.F.);
#8974=ADVANCED_FACE('',(#668),#8522,.F.);
#8975=ADVANCED_FACE('',(#669),#8523,.F.);
#8976=ADVANCED_FACE('',(#670),#8524,.F.);
#8977=ADVANCED_FACE('',(#671),#8525,.F.);
#8978=ADVANCED_FACE('',(#672),#8526,.F.);
#8979=ADVANCED_FACE('',(#673),#8527,.F.);
#8980=ADVANCED_FACE('',(#674),#109,.F.);
#8981=ADVANCED_FACE('',(#675),#110,.T.);
#8982=ADVANCED_FACE('',(#676),#8528,.F.);
#8983=ADVANCED_FACE('',(#677),#111,.T.);
#8984=ADVANCED_FACE('',(#678),#8529,.T.);
#8985=ADVANCED_FACE('',(#679),#8530,.F.);
#8986=ADVANCED_FACE('',(#680),#8531,.F.);
#8987=ADVANCED_FACE('',(#681),#8532,.F.);
#8988=ADVANCED_FACE('',(#682),#8533,.T.);
#8989=ADVANCED_FACE('',(#683),#8534,.F.);
#8990=ADVANCED_FACE('',(#684),#8535,.F.);
#8991=ADVANCED_FACE('',(#685),#8536,.T.);
#8992=ADVANCED_FACE('',(#686),#8537,.F.);
#8993=ADVANCED_FACE('',(#687),#8538,.F.);
#8994=ADVANCED_FACE('',(#688),#8539,.T.);
#8995=ADVANCED_FACE('',(#689),#8540,.F.);
#8996=ADVANCED_FACE('',(#690),#8541,.F.);
#8997=ADVANCED_FACE('',(#691),#8542,.F.);
#8998=ADVANCED_FACE('',(#692),#8543,.F.);
#8999=ADVANCED_FACE('',(#693),#8544,.F.);
#9000=ADVANCED_FACE('',(#694),#8545,.T.);
#9001=ADVANCED_FACE('',(#695),#8546,.F.);
#9002=ADVANCED_FACE('',(#696),#8547,.F.);
#9003=ADVANCED_FACE('',(#697),#8548,.T.);
#9004=ADVANCED_FACE('',(#698),#8549,.F.);
#9005=ADVANCED_FACE('',(#699),#8550,.F.);
#9006=ADVANCED_FACE('',(#700),#8551,.T.);
#9007=ADVANCED_FACE('',(#701),#8552,.F.);
#9008=ADVANCED_FACE('',(#702),#8553,.F.);
#9009=ADVANCED_FACE('',(#703),#8554,.T.);
#9010=ADVANCED_FACE('',(#704),#8555,.F.);
#9011=ADVANCED_FACE('',(#705),#8556,.F.);
#9012=ADVANCED_FACE('',(#706),#8557,.T.);
#9013=ADVANCED_FACE('',(#707),#8558,.F.);
#9014=ADVANCED_FACE('',(#708),#8559,.F.);
#9015=ADVANCED_FACE('',(#709),#8560,.T.);
#9016=ADVANCED_FACE('',(#710),#8561,.F.);
#9017=ADVANCED_FACE('',(#711),#8562,.F.);
#9018=ADVANCED_FACE('',(#712),#8563,.T.);
#9019=ADVANCED_FACE('',(#713),#8564,.F.);
#9020=ADVANCED_FACE('',(#714),#8565,.F.);
#9021=ADVANCED_FACE('',(#715),#8566,.T.);
#9022=ADVANCED_FACE('',(#716),#8567,.F.);
#9023=ADVANCED_FACE('',(#717),#8568,.F.);
#9024=ADVANCED_FACE('',(#718),#8569,.T.);
#9025=ADVANCED_FACE('',(#719),#8570,.F.);
#9026=ADVANCED_FACE('',(#720),#8571,.F.);
#9027=ADVANCED_FACE('',(#721),#8572,.F.);
#9028=ADVANCED_FACE('',(#722),#8573,.F.);
#9029=ADVANCED_FACE('',(#723),#8574,.T.);
#9030=ADVANCED_FACE('',(#724),#8575,.T.);
#9031=ADVANCED_FACE('',(#725,#67,#68,#69),#8576,.T.);
#9032=ADVANCED_FACE('',(#726),#8577,.F.);
#9033=ADVANCED_FACE('',(#727),#8578,.F.);
#9034=ADVANCED_FACE('',(#728),#8579,.F.);
#9035=ADVANCED_FACE('',(#729),#8580,.F.);
#9036=ADVANCED_FACE('',(#730),#112,.T.);
#9037=ADVANCED_FACE('',(#731),#8581,.F.);
#9038=ADVANCED_FACE('',(#732),#8582,.F.);
#9039=ADVANCED_FACE('',(#733),#8583,.F.);
#9040=ADVANCED_FACE('',(#734),#113,.T.);
#9041=ADVANCED_FACE('',(#735),#8584,.F.);
#9042=ADVANCED_FACE('',(#736),#8585,.T.);
#9043=ADVANCED_FACE('',(#737),#114,.T.);
#9044=ADVANCED_FACE('',(#738),#8586,.F.);
#9045=ADVANCED_FACE('',(#739),#8587,.F.);
#9046=ADVANCED_FACE('',(#740),#8588,.F.);
#9047=ADVANCED_FACE('',(#741),#115,.T.);
#9048=ADVANCED_FACE('',(#742),#8589,.F.);
#9049=ADVANCED_FACE('',(#743),#8590,.F.);
#9050=ADVANCED_FACE('',(#744),#8591,.F.);
#9051=ADVANCED_FACE('',(#745),#8592,.T.);
#9052=ADVANCED_FACE('',(#746),#116,.F.);
#9053=ADVANCED_FACE('',(#747),#117,.F.);
#9054=ADVANCED_FACE('',(#748),#8593,.F.);
#9055=ADVANCED_FACE('',(#749),#8594,.F.);
#9056=ADVANCED_FACE('',(#750),#8595,.F.);
#9057=ADVANCED_FACE('',(#751),#118,.T.);
#9058=ADVANCED_FACE('',(#752),#8596,.F.);
#9059=ADVANCED_FACE('',(#753),#8597,.F.);
#9060=ADVANCED_FACE('',(#754),#8598,.F.);
#9061=ADVANCED_FACE('',(#755),#119,.T.);
#9062=ADVANCED_FACE('',(#756),#8599,.F.);
#9063=ADVANCED_FACE('',(#757),#8600,.F.);
#9064=ADVANCED_FACE('',(#758),#8601,.F.);
#9065=ADVANCED_FACE('',(#759),#120,.T.);
#9066=ADVANCED_FACE('',(#760),#8602,.F.);
#9067=ADVANCED_FACE('',(#761),#8603,.F.);
#9068=ADVANCED_FACE('',(#762),#8604,.F.);
#9069=ADVANCED_FACE('',(#763),#121,.T.);
#9070=ADVANCED_FACE('',(#764),#122,.T.);
#9071=ADVANCED_FACE('',(#765,#70),#8605,.T.);
#9072=ADVANCED_FACE('',(#766),#8606,.T.);
#9073=ADVANCED_FACE('',(#767),#463,.T.);
#9074=ADVANCED_FACE('',(#768),#464,.T.);
#9075=ADVANCED_FACE('',(#769),#465,.T.);
#9076=ADVANCED_FACE('',(#770),#8607,.F.);
#9077=ADVANCED_FACE('',(#771),#8608,.F.);
#9078=ADVANCED_FACE('',(#772),#8609,.T.);
#9079=ADVANCED_FACE('',(#773),#8610,.F.);
#9080=ADVANCED_FACE('',(#774),#8611,.F.);
#9081=ADVANCED_FACE('',(#775),#8612,.T.);
#9082=ADVANCED_FACE('',(#776),#8613,.F.);
#9083=ADVANCED_FACE('',(#777),#8614,.F.);
#9084=ADVANCED_FACE('',(#778),#8615,.T.);
#9085=ADVANCED_FACE('',(#779),#8616,.F.);
#9086=ADVANCED_FACE('',(#780),#8617,.T.);
#9087=ADVANCED_FACE('',(#781),#8618,.F.);
#9088=ADVANCED_FACE('',(#782),#8619,.F.);
#9089=ADVANCED_FACE('',(#783),#8620,.T.);
#9090=ADVANCED_FACE('',(#784),#8621,.F.);
#9091=ADVANCED_FACE('',(#785),#8622,.F.);
#9092=ADVANCED_FACE('',(#786),#8623,.T.);
#9093=ADVANCED_FACE('',(#787),#8624,.F.);
#9094=ADVANCED_FACE('',(#788),#8625,.F.);
#9095=ADVANCED_FACE('',(#789),#8626,.T.);
#9096=ADVANCED_FACE('',(#790),#8627,.F.);
#9097=ADVANCED_FACE('',(#791),#8628,.F.);
#9098=ADVANCED_FACE('',(#792),#8629,.T.);
#9099=ADVANCED_FACE('',(#793),#8630,.F.);
#9100=ADVANCED_FACE('',(#794),#8631,.F.);
#9101=ADVANCED_FACE('',(#795),#8632,.T.);
#9102=ADVANCED_FACE('',(#796),#8633,.F.);
#9103=ADVANCED_FACE('',(#797),#8634,.F.);
#9104=ADVANCED_FACE('',(#798),#8635,.T.);
#9105=ADVANCED_FACE('',(#799),#8636,.F.);
#9106=ADVANCED_FACE('',(#800),#8637,.F.);
#9107=ADVANCED_FACE('',(#801),#8638,.T.);
#9108=ADVANCED_FACE('',(#802),#8639,.F.);
#9109=ADVANCED_FACE('',(#803),#8640,.F.);
#9110=ADVANCED_FACE('',(#804),#8641,.T.);
#9111=ADVANCED_FACE('',(#805),#8642,.F.);
#9112=ADVANCED_FACE('',(#806),#8643,.F.);
#9113=ADVANCED_FACE('',(#807),#8644,.T.);
#9114=ADVANCED_FACE('',(#808),#8645,.F.);
#9115=ADVANCED_FACE('',(#809),#8646,.F.);
#9116=ADVANCED_FACE('',(#810),#8647,.T.);
#9117=ADVANCED_FACE('',(#811),#8648,.F.);
#9118=ADVANCED_FACE('',(#812),#8649,.F.);
#9119=ADVANCED_FACE('',(#813),#8650,.T.);
#9120=ADVANCED_FACE('',(#814,#71,#72,#73),#8651,.T.);
#9121=ADVANCED_FACE('',(#815),#8652,.F.);
#9122=ADVANCED_FACE('',(#816),#8653,.F.);
#9123=ADVANCED_FACE('',(#817),#8654,.F.);
#9124=ADVANCED_FACE('',(#818),#8655,.F.);
#9125=ADVANCED_FACE('',(#819),#123,.T.);
#9126=ADVANCED_FACE('',(#820),#8656,.F.);
#9127=ADVANCED_FACE('',(#821),#8657,.F.);
#9128=ADVANCED_FACE('',(#822),#8658,.F.);
#9129=ADVANCED_FACE('',(#823),#124,.T.);
#9130=ADVANCED_FACE('',(#824),#8659,.F.);
#9131=ADVANCED_FACE('',(#825),#8660,.T.);
#9132=ADVANCED_FACE('',(#826),#125,.T.);
#9133=ADVANCED_FACE('',(#827),#8661,.F.);
#9134=ADVANCED_FACE('',(#828),#8662,.F.);
#9135=ADVANCED_FACE('',(#829),#8663,.F.);
#9136=ADVANCED_FACE('',(#830),#126,.T.);
#9137=ADVANCED_FACE('',(#831),#8664,.F.);
#9138=ADVANCED_FACE('',(#832),#8665,.F.);
#9139=ADVANCED_FACE('',(#833),#8666,.F.);
#9140=ADVANCED_FACE('',(#834),#8667,.T.);
#9141=ADVANCED_FACE('',(#835),#127,.F.);
#9142=ADVANCED_FACE('',(#836),#128,.F.);
#9143=ADVANCED_FACE('',(#837),#8668,.F.);
#9144=ADVANCED_FACE('',(#838),#8669,.F.);
#9145=ADVANCED_FACE('',(#839),#8670,.F.);
#9146=ADVANCED_FACE('',(#840),#129,.T.);
#9147=ADVANCED_FACE('',(#841),#8671,.F.);
#9148=ADVANCED_FACE('',(#842),#8672,.F.);
#9149=ADVANCED_FACE('',(#843),#8673,.F.);
#9150=ADVANCED_FACE('',(#844),#130,.T.);
#9151=ADVANCED_FACE('',(#845),#8674,.F.);
#9152=ADVANCED_FACE('',(#846),#8675,.F.);
#9153=ADVANCED_FACE('',(#847),#8676,.F.);
#9154=ADVANCED_FACE('',(#848),#131,.T.);
#9155=ADVANCED_FACE('',(#849),#8677,.F.);
#9156=ADVANCED_FACE('',(#850),#8678,.F.);
#9157=ADVANCED_FACE('',(#851),#8679,.F.);
#9158=ADVANCED_FACE('',(#852),#132,.T.);
#9159=ADVANCED_FACE('',(#853),#133,.T.);
#9160=ADVANCED_FACE('',(#854,#74),#8680,.T.);
#9161=ADVANCED_FACE('',(#855),#8681,.T.);
#9162=ADVANCED_FACE('',(#856),#466,.T.);
#9163=ADVANCED_FACE('',(#857),#467,.T.);
#9164=ADVANCED_FACE('',(#858),#468,.T.);
#9165=ADVANCED_FACE('',(#859),#134,.T.);
#9166=ADVANCED_FACE('',(#860),#135,.T.);
#9167=ADVANCED_FACE('',(#861),#136,.T.);
#9168=ADVANCED_FACE('',(#862),#137,.T.);
#9169=ADVANCED_FACE('',(#863),#8682,.T.);
#9170=ADVANCED_FACE('',(#864),#138,.F.);
#9171=ADVANCED_FACE('',(#865),#8683,.T.);
#9172=ADVANCED_FACE('',(#866),#8684,.T.);
#9173=ADVANCED_FACE('',(#867),#8685,.T.);
#9174=ADVANCED_FACE('',(#868),#139,.F.);
#9175=ADVANCED_FACE('',(#869),#140,.T.);
#9176=ADVANCED_FACE('',(#870),#8686,.T.);
#9177=ADVANCED_FACE('',(#871),#8687,.F.);
#9178=ADVANCED_FACE('',(#872),#8688,.F.);
#9179=ADVANCED_FACE('',(#873),#141,.T.);
#9180=ADVANCED_FACE('',(#874),#8689,.F.);
#9181=ADVANCED_FACE('',(#875),#8690,.F.);
#9182=ADVANCED_FACE('',(#876),#8691,.F.);
#9183=ADVANCED_FACE('',(#877),#142,.T.);
#9184=ADVANCED_FACE('',(#878),#8692,.F.);
#9185=ADVANCED_FACE('',(#879),#143,.T.);
#9186=ADVANCED_FACE('',(#880),#8693,.F.);
#9187=ADVANCED_FACE('',(#881),#8694,.F.);
#9188=ADVANCED_FACE('',(#882),#8695,.F.);
#9189=ADVANCED_FACE('',(#883),#144,.T.);
#9190=ADVANCED_FACE('',(#884),#8696,.F.);
#9191=ADVANCED_FACE('',(#885),#8697,.F.);
#9192=ADVANCED_FACE('',(#886),#8698,.F.);
#9193=ADVANCED_FACE('',(#887),#145,.F.);
#9194=ADVANCED_FACE('',(#888),#8699,.T.);
#9195=ADVANCED_FACE('',(#889),#146,.F.);
#9196=ADVANCED_FACE('',(#890),#8700,.T.);
#9197=ADVANCED_FACE('',(#891),#8701,.F.);
#9198=ADVANCED_FACE('',(#892),#8702,.F.);
#9199=ADVANCED_FACE('',(#893),#147,.T.);
#9200=ADVANCED_FACE('',(#894),#8703,.F.);
#9201=ADVANCED_FACE('',(#895),#8704,.F.);
#9202=ADVANCED_FACE('',(#896),#8705,.F.);
#9203=ADVANCED_FACE('',(#897),#148,.T.);
#9204=ADVANCED_FACE('',(#898),#8706,.F.);
#9205=ADVANCED_FACE('',(#899),#149,.T.);
#9206=ADVANCED_FACE('',(#900),#8707,.F.);
#9207=ADVANCED_FACE('',(#901),#8708,.F.);
#9208=ADVANCED_FACE('',(#902),#8709,.F.);
#9209=ADVANCED_FACE('',(#903),#150,.T.);
#9210=ADVANCED_FACE('',(#904),#8710,.F.);
#9211=ADVANCED_FACE('',(#905),#8711,.F.);
#9212=ADVANCED_FACE('',(#906),#8712,.F.);
#9213=ADVANCED_FACE('',(#907),#151,.F.);
#9214=ADVANCED_FACE('',(#908),#8713,.T.);
#9215=ADVANCED_FACE('',(#909),#152,.F.);
#9216=ADVANCED_FACE('',(#910),#8714,.T.);
#9217=ADVANCED_FACE('',(#911,#75),#8715,.T.);
#9218=ADVANCED_FACE('',(#912,#76),#8716,.T.);
#9219=ADVANCED_FACE('',(#913,#77),#8717,.T.);
#9220=ADVANCED_FACE('',(#914,#78),#8718,.T.);
#9221=ADVANCED_FACE('',(#915,#79),#8719,.F.);
#9222=ADVANCED_FACE('',(#916),#153,.T.);
#9223=ADVANCED_FACE('',(#917),#8720,.F.);
#9224=ADVANCED_FACE('',(#918),#8721,.F.);
#9225=ADVANCED_FACE('',(#919),#8722,.F.);
#9226=ADVANCED_FACE('',(#920),#154,.T.);
#9227=ADVANCED_FACE('',(#921),#8723,.F.);
#9228=ADVANCED_FACE('',(#922),#8724,.F.);
#9229=ADVANCED_FACE('',(#923),#8725,.F.);
#9230=ADVANCED_FACE('',(#924,#80),#8726,.T.);
#9231=ADVANCED_FACE('',(#925),#155,.T.);
#9232=ADVANCED_FACE('',(#926),#156,.T.);
#9233=ADVANCED_FACE('',(#927),#8727,.F.);
#9234=ADVANCED_FACE('',(#928),#8728,.F.);
#9235=ADVANCED_FACE('',(#929),#8729,.F.);
#9236=ADVANCED_FACE('',(#930),#157,.T.);
#9237=ADVANCED_FACE('',(#931),#8730,.F.);
#9238=ADVANCED_FACE('',(#932),#8731,.F.);
#9239=ADVANCED_FACE('',(#933),#8732,.F.);
#9240=ADVANCED_FACE('',(#934),#8733,.F.);
#9241=ADVANCED_FACE('',(#935),#158,.T.);
#9242=ADVANCED_FACE('',(#936),#8734,.F.);
#9243=ADVANCED_FACE('',(#937),#8735,.F.);
#9244=ADVANCED_FACE('',(#938),#8736,.F.);
#9245=ADVANCED_FACE('',(#939),#159,.T.);
#9246=ADVANCED_FACE('',(#940),#8737,.F.);
#9247=ADVANCED_FACE('',(#941),#160,.T.);
#9248=ADVANCED_FACE('',(#942),#8738,.F.);
#9249=ADVANCED_FACE('',(#943,#81),#8739,.T.);
#9250=ADVANCED_FACE('',(#944),#8740,.F.);
#9251=ADVANCED_FACE('',(#945),#161,.T.);
#9252=ADVANCED_FACE('',(#946),#8741,.F.);
#9253=ADVANCED_FACE('',(#947),#8742,.F.);
#9254=ADVANCED_FACE('',(#948),#8743,.F.);
#9255=ADVANCED_FACE('',(#949),#162,.T.);
#9256=ADVANCED_FACE('',(#950),#8744,.F.);
#9257=ADVANCED_FACE('',(#951),#8745,.F.);
#9258=ADVANCED_FACE('',(#952,#82),#8746,.F.);
#9259=ADVANCED_FACE('',(#953,#83),#8747,.F.);
#9260=ADVANCED_FACE('',(#954),#8748,.F.);
#9261=ADVANCED_FACE('',(#955),#8749,.F.);
#9262=ADVANCED_FACE('',(#956),#163,.T.);
#9263=ADVANCED_FACE('',(#957),#8750,.F.);
#9264=ADVANCED_FACE('',(#958),#8751,.F.);
#9265=ADVANCED_FACE('',(#959),#8752,.F.);
#9266=ADVANCED_FACE('',(#960),#164,.T.);
#9267=ADVANCED_FACE('',(#961),#8753,.F.);
#9268=ADVANCED_FACE('',(#962,#84),#8754,.T.);
#9269=ADVANCED_FACE('',(#963),#8755,.F.);
#9270=ADVANCED_FACE('',(#964),#165,.T.);
#9271=ADVANCED_FACE('',(#965),#8756,.F.);
#9272=ADVANCED_FACE('',(#966),#166,.T.);
#9273=ADVANCED_FACE('',(#967),#8757,.F.);
#9274=ADVANCED_FACE('',(#968),#8758,.F.);
#9275=ADVANCED_FACE('',(#969),#8759,.F.);
#9276=ADVANCED_FACE('',(#970),#167,.T.);
#9277=ADVANCED_FACE('',(#971),#8760,.F.);
#9278=ADVANCED_FACE('',(#972),#8761,.F.);
#9279=ADVANCED_FACE('',(#973),#8762,.F.);
#9280=ADVANCED_FACE('',(#974),#8763,.F.);
#9281=ADVANCED_FACE('',(#975),#168,.T.);
#9282=ADVANCED_FACE('',(#976),#8764,.F.);
#9283=ADVANCED_FACE('',(#977),#8765,.F.);
#9284=ADVANCED_FACE('',(#978),#8766,.F.);
#9285=ADVANCED_FACE('',(#979),#169,.T.);
#9286=ADVANCED_FACE('',(#980),#170,.T.);
#9287=ADVANCED_FACE('',(#981,#85),#8767,.T.);
#9288=ADVANCED_FACE('',(#982),#8768,.F.);
#9289=ADVANCED_FACE('',(#983),#8769,.F.);
#9290=ADVANCED_FACE('',(#984),#8770,.F.);
#9291=ADVANCED_FACE('',(#985),#171,.T.);
#9292=ADVANCED_FACE('',(#986),#8771,.F.);
#9293=ADVANCED_FACE('',(#987),#8772,.F.);
#9294=ADVANCED_FACE('',(#988),#8773,.F.);
#9295=ADVANCED_FACE('',(#989),#172,.T.);
#9296=ADVANCED_FACE('',(#990,#86),#8774,.F.);
#9297=CLOSED_SHELL('',(#8775,#8776,#8777,#8778,#8779,#8780,#8781,#8782,
#8783,#8784,#8785,#8786,#8787,#8788,#8789,#8790,#8791,#8792,#8793,#8794,
#8795,#8796,#8797,#8798,#8799,#8800,#8801,#8802,#8803,#8804,#8805,#8806,
#8807,#8808,#8809,#8810,#8811,#8812,#8813,#8814,#8815,#8816,#8817,#8818,
#8819,#8820,#8821,#8822,#8823,#8824,#8825,#8826,#8827,#8828,#8829,#8830,
#8831,#8832,#8833,#8834,#8835,#8836,#8837,#8838,#8839,#8840,#8841,#8842,
#8843,#8844,#8845,#8846,#8847,#8848,#8849,#8850,#8851,#8852,#8853,#8854,
#8855,#8856,#8857,#8858,#8859,#8860,#8861,#8862,#8863,#8864,#8865,#8866,
#8867,#8868,#8869,#8870,#8871,#8872,#8873,#8874,#8875,#8876,#8877,#8878,
#8879,#8880,#8881,#8882,#8883,#8884,#8885,#8886,#8887,#8888,#8889,#8890,
#8891,#8892,#8893,#8894,#8895,#8896,#8897,#8898,#8899,#8900,#8901,#8902,
#8903,#8904,#8905,#8906,#8907,#8908,#8909,#8910,#8911,#8912,#8913,#8914,
#8915,#8916,#8917,#8918,#8919,#8920,#8921,#8922,#8923,#8924,#8925,#8926,
#8927,#8928,#8929,#8930,#8931,#8932,#8933,#8934,#8935,#8936,#8937,#8938,
#8939,#8940,#8941,#8942,#8943,#8944,#8945,#8946,#8947,#8948,#8949,#8950,
#8951,#8952,#8953,#8954,#8955,#8956,#8957,#8958,#8959,#8960,#8961,#8962,
#8963,#8964,#8965,#8966,#8967,#8968,#8969,#8970,#8971,#8972,#8973,#8974,
#8975,#8976,#8977,#8978,#8979,#8980,#8981,#8982,#8983,#8984,#8985,#8986,
#8987,#8988,#8989,#8990,#8991,#8992,#8993,#8994,#8995,#8996,#8997,#8998,
#8999,#9000,#9001,#9002,#9003,#9004,#9005,#9006,#9007,#9008,#9009,#9010,
#9011,#9012,#9013,#9014,#9015,#9016,#9017,#9018,#9019,#9020,#9021,#9022,
#9023,#9024,#9025,#9026,#9027,#9028,#9029,#9030,#9031,#9032,#9033,#9034,
#9035,#9036,#9037,#9038,#9039,#9040,#9041,#9042,#9043,#9044,#9045,#9046,
#9047,#9048,#9049,#9050,#9051,#9052,#9053,#9054,#9055,#9056,#9057,#9058,
#9059,#9060,#9061,#9062,#9063,#9064,#9065,#9066,#9067,#9068,#9069,#9070,
#9071,#9072,#9073,#9074,#9075,#9076,#9077,#9078,#9079,#9080,#9081,#9082,
#9083,#9084,#9085,#9086,#9087,#9088,#9089,#9090,#9091,#9092,#9093,#9094,
#9095,#9096,#9097,#9098,#9099,#9100,#9101,#9102,#9103,#9104,#9105,#9106,
#9107,#9108,#9109,#9110,#9111,#9112,#9113,#9114,#9115,#9116,#9117,#9118,
#9119,#9120,#9121,#9122,#9123,#9124,#9125,#9126,#9127,#9128,#9129,#9130,
#9131,#9132,#9133,#9134,#9135,#9136,#9137,#9138,#9139,#9140,#9141,#9142,
#9143,#9144,#9145,#9146,#9147,#9148,#9149,#9150,#9151,#9152,#9153,#9154,
#9155,#9156,#9157,#9158,#9159,#9160,#9161,#9162,#9163,#9164,#9165,#9166,
#9167,#9168,#9169,#9170,#9171,#9172,#9173,#9174,#9175,#9176,#9177,#9178,
#9179,#9180,#9181,#9182,#9183,#9184,#9185,#9186,#9187,#9188,#9189,#9190,
#9191,#9192,#9193,#9194,#9195,#9196,#9197,#9198,#9199,#9200,#9201,#9202,
#9203,#9204,#9205,#9206,#9207,#9208,#9209,#9210,#9211,#9212,#9213,#9214,
#9215,#9216,#9217,#9218,#9219,#9220));
#9298=CLOSED_SHELL('',(#9221,#9222,#9223,#9224,#9225,#9226,#9227,#9228,
#9229,#9230,#9231,#9232,#9233,#9234,#9235,#9236,#9237,#9238,#9239));
#9299=CLOSED_SHELL('',(#9240,#9241,#9242,#9243,#9244,#9245,#9246,#9247,
#9248,#9249,#9250,#9251,#9252,#9253,#9254,#9255,#9256,#9257,#9258));
#9300=CLOSED_SHELL('',(#9259,#9260,#9261,#9262,#9263,#9264,#9265,#9266,
#9267,#9268,#9269,#9270,#9271,#9272,#9273,#9274,#9275,#9276,#9277));
#9301=CLOSED_SHELL('',(#9278,#9279,#9280,#9281,#9282,#9283,#9284,#9285,
#9286,#9287,#9288,#9289,#9290,#9291,#9292,#9293,#9294,#9295,#9296));
#9302=DERIVED_UNIT_ELEMENT(#9304,1.);
#9303=DERIVED_UNIT_ELEMENT(#15303,-3.);
#9304=(
MASS_UNIT()
NAMED_UNIT(*)
SI_UNIT(.KILO.,.GRAM.)
);
#9305=DERIVED_UNIT((#9302,#9303));
#9306=MEASURE_REPRESENTATION_ITEM('density measure',
POSITIVE_RATIO_MEASURE(7850.),#9305);
#9307=PROPERTY_DEFINITION_REPRESENTATION(#9312,#9309);
#9308=PROPERTY_DEFINITION_REPRESENTATION(#9313,#9310);
#9309=REPRESENTATION('material name',(#9311),#15300);
#9310=REPRESENTATION('density',(#9306),#15300);
#9311=DESCRIPTIVE_REPRESENTATION_ITEM('Steel','Steel');
#9312=PROPERTY_DEFINITION('material property','material name',#15315);
#9313=PROPERTY_DEFINITION('material property','density of part',#15315);
#9314=AXIS2_PLACEMENT_3D('',#12651,#10073,#10074);
#9315=AXIS2_PLACEMENT_3D('',#12652,#10075,#10076);
#9316=AXIS2_PLACEMENT_3D('',#12653,#10077,#10078);
#9317=AXIS2_PLACEMENT_3D('',#12662,#10083,#10084);
#9318=AXIS2_PLACEMENT_3D('',#12666,#10086,#10087);
#9319=AXIS2_PLACEMENT_3D('',#12667,#10088,#10089);
#9320=AXIS2_PLACEMENT_3D('',#12668,#10090,#10091);
#9321=AXIS2_PLACEMENT_3D('',#12674,#10095,#10096);
#9322=AXIS2_PLACEMENT_3D('',#12678,#10098,#10099);
#9323=AXIS2_PLACEMENT_3D('',#12679,#10100,#10101);
#9324=AXIS2_PLACEMENT_3D('',#12680,#10102,#10103);
#9325=AXIS2_PLACEMENT_3D('',#12686,#10107,#10108);
#9326=AXIS2_PLACEMENT_3D('',#12690,#10110,#10111);
#9327=AXIS2_PLACEMENT_3D('',#12691,#10112,#10113);
#9328=AXIS2_PLACEMENT_3D('',#12692,#10114,#10115);
#9329=AXIS2_PLACEMENT_3D('',#12698,#10119,#10120);
#9330=AXIS2_PLACEMENT_3D('',#12699,#10121,#10122);
#9331=AXIS2_PLACEMENT_3D('',#12700,#10123,#10124);
#9332=AXIS2_PLACEMENT_3D('',#12701,#10125,#10126);
#9333=AXIS2_PLACEMENT_3D('',#12705,#10128,#10129);
#9334=AXIS2_PLACEMENT_3D('',#12707,#10131,#10132);
#9335=AXIS2_PLACEMENT_3D('',#12711,#10135,#10136);
#9336=AXIS2_PLACEMENT_3D('',#12714,#10138,#10139);
#9337=AXIS2_PLACEMENT_3D('',#12715,#10140,#10141);
#9338=AXIS2_PLACEMENT_3D('',#12719,#10144,#10145);
#9339=AXIS2_PLACEMENT_3D('',#12724,#10147,#10148);
#9340=AXIS2_PLACEMENT_3D('',#12726,#10149,#10150);
#9341=AXIS2_PLACEMENT_3D('',#12730,#10152,#10153);
#9342=AXIS2_PLACEMENT_3D('',#12734,#10155,#10156);
#9343=AXIS2_PLACEMENT_3D('',#12738,#10158,#10159);
#9344=AXIS2_PLACEMENT_3D('',#12740,#10160,#10161);
#9345=AXIS2_PLACEMENT_3D('',#12744,#10163,#10164);
#9346=AXIS2_PLACEMENT_3D('',#12746,#10165,#10166);
#9347=AXIS2_PLACEMENT_3D('',#12750,#10168,#10169);
#9348=AXIS2_PLACEMENT_3D('',#12754,#10171,#10172);
#9349=AXIS2_PLACEMENT_3D('',#12758,#10174,#10175);
#9350=AXIS2_PLACEMENT_3D('',#12759,#10176,#10177);
#9351=AXIS2_PLACEMENT_3D('',#12764,#10179,#10180);
#9352=AXIS2_PLACEMENT_3D('',#12768,#10182,#10183);
#9353=AXIS2_PLACEMENT_3D('',#12772,#10185,#10186);
#9354=AXIS2_PLACEMENT_3D('',#12775,#10188,#10189);
#9355=AXIS2_PLACEMENT_3D('',#12780,#10191,#10192);
#9356=AXIS2_PLACEMENT_3D('',#12784,#10194,#10195);
#9357=AXIS2_PLACEMENT_3D('',#12788,#10197,#10198);
#9358=AXIS2_PLACEMENT_3D('',#12791,#10200,#10201);
#9359=AXIS2_PLACEMENT_3D('',#12794,#10202,#10203);
#9360=AXIS2_PLACEMENT_3D('',#12798,#10205,#10206);
#9361=AXIS2_PLACEMENT_3D('',#12802,#10208,#10209);
#9362=AXIS2_PLACEMENT_3D('',#12806,#10211,#10212);
#9363=AXIS2_PLACEMENT_3D('',#12810,#10214,#10215);
#9364=AXIS2_PLACEMENT_3D('',#12814,#10217,#10218);
#9365=AXIS2_PLACEMENT_3D('',#12818,#10220,#10221);
#9366=AXIS2_PLACEMENT_3D('',#12822,#10223,#10224);
#9367=AXIS2_PLACEMENT_3D('',#12828,#10227,#10228);
#9368=AXIS2_PLACEMENT_3D('',#12832,#10230,#10231);
#9369=AXIS2_PLACEMENT_3D('',#12836,#10233,#10234);
#9370=AXIS2_PLACEMENT_3D('',#12839,#10236,#10237);
#9371=AXIS2_PLACEMENT_3D('',#12840,#10238,#10239);
#9372=AXIS2_PLACEMENT_3D('',#12846,#10243,#10244);
#9373=AXIS2_PLACEMENT_3D('',#12849,#10246,#10247);
#9374=AXIS2_PLACEMENT_3D('',#12850,#10248,#10249);
#9375=AXIS2_PLACEMENT_3D('',#12854,#10252,#10253);
#9376=AXIS2_PLACEMENT_3D('',#12857,#10255,#10256);
#9377=AXIS2_PLACEMENT_3D('',#12858,#10257,#10258);
#9378=AXIS2_PLACEMENT_3D('',#12862,#10261,#10262);
#9379=AXIS2_PLACEMENT_3D('',#12865,#10264,#10265);
#9380=AXIS2_PLACEMENT_3D('',#12866,#10266,#10267);
#9381=AXIS2_PLACEMENT_3D('',#12870,#10270,#10271);
#9382=AXIS2_PLACEMENT_3D('',#12871,#10272,#10273);
#9383=AXIS2_PLACEMENT_3D('',#12872,#10274,#10275);
#9384=AXIS2_PLACEMENT_3D('',#12876,#10277,#10278);
#9385=AXIS2_PLACEMENT_3D('',#12878,#10280,#10281);
#9386=AXIS2_PLACEMENT_3D('',#12882,#10284,#10285);
#9387=AXIS2_PLACEMENT_3D('',#12885,#10287,#10288);
#9388=AXIS2_PLACEMENT_3D('',#12886,#10289,#10290);
#9389=AXIS2_PLACEMENT_3D('',#12890,#10293,#10294);
#9390=AXIS2_PLACEMENT_3D('',#12896,#10298,#10299);
#9391=AXIS2_PLACEMENT_3D('',#12899,#10301,#10302);
#9392=AXIS2_PLACEMENT_3D('',#12900,#10303,#10304);
#9393=AXIS2_PLACEMENT_3D('',#12904,#10307,#10308);
#9394=AXIS2_PLACEMENT_3D('',#12907,#10310,#10311);
#9395=AXIS2_PLACEMENT_3D('',#12908,#10312,#10313);
#9396=AXIS2_PLACEMENT_3D('',#12912,#10316,#10317);
#9397=AXIS2_PLACEMENT_3D('',#12915,#10319,#10320);
#9398=AXIS2_PLACEMENT_3D('',#12916,#10321,#10322);
#9399=AXIS2_PLACEMENT_3D('',#12920,#10325,#10326);
#9400=AXIS2_PLACEMENT_3D('',#12921,#10327,#10328);
#9401=AXIS2_PLACEMENT_3D('',#12922,#10329,#10330);
#9402=AXIS2_PLACEMENT_3D('',#12926,#10332,#10333);
#9403=AXIS2_PLACEMENT_3D('',#12928,#10335,#10336);
#9404=AXIS2_PLACEMENT_3D('',#12932,#10339,#10340);
#9405=AXIS2_PLACEMENT_3D('',#12935,#10342,#10343);
#9406=AXIS2_PLACEMENT_3D('',#12936,#10344,#10345);
#9407=AXIS2_PLACEMENT_3D('',#12940,#10348,#10349);
#9408=AXIS2_PLACEMENT_3D('',#12946,#10353,#10354);
#9409=AXIS2_PLACEMENT_3D('',#12949,#10356,#10357);
#9410=AXIS2_PLACEMENT_3D('',#12950,#10358,#10359);
#9411=AXIS2_PLACEMENT_3D('',#12954,#10362,#10363);
#9412=AXIS2_PLACEMENT_3D('',#12957,#10365,#10366);
#9413=AXIS2_PLACEMENT_3D('',#12958,#10367,#10368);
#9414=AXIS2_PLACEMENT_3D('',#12962,#10371,#10372);
#9415=AXIS2_PLACEMENT_3D('',#12965,#10374,#10375);
#9416=AXIS2_PLACEMENT_3D('',#12966,#10376,#10377);
#9417=AXIS2_PLACEMENT_3D('',#12970,#10380,#10381);
#9418=AXIS2_PLACEMENT_3D('',#12971,#10382,#10383);
#9419=AXIS2_PLACEMENT_3D('',#12972,#10384,#10385);
#9420=AXIS2_PLACEMENT_3D('',#12976,#10387,#10388);
#9421=AXIS2_PLACEMENT_3D('',#12978,#10390,#10391);
#9422=AXIS2_PLACEMENT_3D('',#12982,#10394,#10395);
#9423=AXIS2_PLACEMENT_3D('',#12985,#10397,#10398);
#9424=AXIS2_PLACEMENT_3D('',#12986,#10399,#10400);
#9425=AXIS2_PLACEMENT_3D('',#12990,#10403,#10404);
#9426=AXIS2_PLACEMENT_3D('',#12996,#10408,#10409);
#9427=AXIS2_PLACEMENT_3D('',#12999,#10411,#10412);
#9428=AXIS2_PLACEMENT_3D('',#13000,#10413,#10414);
#9429=AXIS2_PLACEMENT_3D('',#13003,#10416,#10417);
#9430=AXIS2_PLACEMENT_3D('',#13004,#10418,#10419);
#9431=AXIS2_PLACEMENT_3D('',#13008,#10422,#10423);
#9432=AXIS2_PLACEMENT_3D('',#13011,#10425,#10426);
#9433=AXIS2_PLACEMENT_3D('',#13012,#10427,#10428);
#9434=AXIS2_PLACEMENT_3D('',#13016,#10431,#10432);
#9435=AXIS2_PLACEMENT_3D('',#13019,#10434,#10435);
#9436=AXIS2_PLACEMENT_3D('',#13020,#10436,#10437);
#9437=AXIS2_PLACEMENT_3D('',#13024,#10440,#10441);
#9438=AXIS2_PLACEMENT_3D('',#13027,#10443,#10444);
#9439=AXIS2_PLACEMENT_3D('',#13028,#10445,#10446);
#9440=AXIS2_PLACEMENT_3D('',#13031,#10448,#10449);
#9441=AXIS2_PLACEMENT_3D('',#13032,#10450,#10451);
#9442=AXIS2_PLACEMENT_3D('',#13036,#10454,#10455);
#9443=AXIS2_PLACEMENT_3D('',#13039,#10457,#10458);
#9444=AXIS2_PLACEMENT_3D('',#13040,#10459,#10460);
#9445=AXIS2_PLACEMENT_3D('',#13043,#10462,#10463);
#9446=AXIS2_PLACEMENT_3D('',#13044,#10464,#10465);
#9447=AXIS2_PLACEMENT_3D('',#13048,#10468,#10469);
#9448=AXIS2_PLACEMENT_3D('',#13051,#10471,#10472);
#9449=AXIS2_PLACEMENT_3D('',#13052,#10473,#10474);
#9450=AXIS2_PLACEMENT_3D('',#13056,#10477,#10478);
#9451=AXIS2_PLACEMENT_3D('',#13059,#10480,#10481);
#9452=AXIS2_PLACEMENT_3D('',#13060,#10482,#10483);
#9453=AXIS2_PLACEMENT_3D('',#13064,#10486,#10487);
#9454=AXIS2_PLACEMENT_3D('',#13067,#10489,#10490);
#9455=AXIS2_PLACEMENT_3D('',#13068,#10491,#10492);
#9456=AXIS2_PLACEMENT_3D('',#13069,#10493,#10494);
#9457=AXIS2_PLACEMENT_3D('',#13070,#10495,#10496);
#9458=AXIS2_PLACEMENT_3D('',#13074,#10498,#10499);
#9459=AXIS2_PLACEMENT_3D('',#13076,#10501,#10502);
#9460=AXIS2_PLACEMENT_3D('',#13079,#10504,#10505);
#9461=AXIS2_PLACEMENT_3D('',#13080,#10506,#10507);
#9462=AXIS2_PLACEMENT_3D('',#13084,#10510,#10511);
#9463=AXIS2_PLACEMENT_3D('',#13087,#10513,#10514);
#9464=AXIS2_PLACEMENT_3D('',#13088,#10515,#10516);
#9465=AXIS2_PLACEMENT_3D('',#13092,#10519,#10520);
#9466=AXIS2_PLACEMENT_3D('',#13095,#10522,#10523);
#9467=AXIS2_PLACEMENT_3D('',#13096,#10524,#10525);
#9468=AXIS2_PLACEMENT_3D('',#13100,#10528,#10529);
#9469=AXIS2_PLACEMENT_3D('',#13103,#10531,#10532);
#9470=AXIS2_PLACEMENT_3D('',#13104,#10533,#10534);
#9471=AXIS2_PLACEMENT_3D('',#13107,#10536,#10537);
#9472=AXIS2_PLACEMENT_3D('',#13108,#10538,#10539);
#9473=AXIS2_PLACEMENT_3D('',#13112,#10542,#10543);
#9474=AXIS2_PLACEMENT_3D('',#13120,#10548,#10549);
#9475=AXIS2_PLACEMENT_3D('',#13123,#10551,#10552);
#9476=AXIS2_PLACEMENT_3D('',#13124,#10553,#10554);
#9477=AXIS2_PLACEMENT_3D('',#13128,#10557,#10558);
#9478=AXIS2_PLACEMENT_3D('',#13131,#10560,#10561);
#9479=AXIS2_PLACEMENT_3D('',#13132,#10562,#10563);
#9480=AXIS2_PLACEMENT_3D('',#13136,#10566,#10567);
#9481=AXIS2_PLACEMENT_3D('',#13140,#10569,#10570);
#9482=AXIS2_PLACEMENT_3D('',#13141,#10571,#10572);
#9483=AXIS2_PLACEMENT_3D('',#13142,#10573,#10574);
#9484=AXIS2_PLACEMENT_3D('',#13148,#10578,#10579);
#9485=AXIS2_PLACEMENT_3D('',#13149,#10580,#10581);
#9486=AXIS2_PLACEMENT_3D('',#13150,#10582,#10583);
#9487=AXIS2_PLACEMENT_3D('',#13151,#10584,#10585);
#9488=AXIS2_PLACEMENT_3D('',#13153,#10587,#10588);
#9489=AXIS2_PLACEMENT_3D('',#13158,#10590,#10591);
#9490=AXIS2_PLACEMENT_3D('',#13160,#10592,#10593);
#9491=AXIS2_PLACEMENT_3D('',#13164,#10595,#10596);
#9492=AXIS2_PLACEMENT_3D('',#13168,#10598,#10599);
#9493=AXIS2_PLACEMENT_3D('',#13172,#10601,#10602);
#9494=AXIS2_PLACEMENT_3D('',#13174,#10603,#10604);
#9495=AXIS2_PLACEMENT_3D('',#13178,#10606,#10607);
#9496=AXIS2_PLACEMENT_3D('',#13180,#10608,#10609);
#9497=AXIS2_PLACEMENT_3D('',#13184,#10611,#10612);
#9498=AXIS2_PLACEMENT_3D('',#13188,#10614,#10615);
#9499=AXIS2_PLACEMENT_3D('',#13192,#10617,#10618);
#9500=AXIS2_PLACEMENT_3D('',#13193,#10619,#10620);
#9501=AXIS2_PLACEMENT_3D('',#13198,#10622,#10623);
#9502=AXIS2_PLACEMENT_3D('',#13202,#10625,#10626);
#9503=AXIS2_PLACEMENT_3D('',#13206,#10628,#10629);
#9504=AXIS2_PLACEMENT_3D('',#13209,#10631,#10632);
#9505=AXIS2_PLACEMENT_3D('',#13214,#10634,#10635);
#9506=AXIS2_PLACEMENT_3D('',#13218,#10637,#10638);
#9507=AXIS2_PLACEMENT_3D('',#13222,#10640,#10641);
#9508=AXIS2_PLACEMENT_3D('',#13225,#10643,#10644);
#9509=AXIS2_PLACEMENT_3D('',#13470,#10766,#10767);
#9510=AXIS2_PLACEMENT_3D('',#13474,#10769,#10770);
#9511=AXIS2_PLACEMENT_3D('',#13478,#10772,#10773);
#9512=AXIS2_PLACEMENT_3D('',#13481,#10775,#10776);
#9513=AXIS2_PLACEMENT_3D('',#13482,#10777,#10778);
#9514=AXIS2_PLACEMENT_3D('',#13485,#10781,#10782);
#9515=AXIS2_PLACEMENT_3D('',#13488,#10784,#10785);
#9516=AXIS2_PLACEMENT_3D('',#13489,#10786,#10787);
#9517=AXIS2_PLACEMENT_3D('',#13493,#10790,#10791);
#9518=AXIS2_PLACEMENT_3D('',#13496,#10793,#10794);
#9519=AXIS2_PLACEMENT_3D('',#13497,#10795,#10796);
#9520=AXIS2_PLACEMENT_3D('',#13500,#10799,#10800);
#9521=AXIS2_PLACEMENT_3D('',#13502,#10802,#10803);
#9522=AXIS2_PLACEMENT_3D('',#13504,#10805,#10806);
#9523=AXIS2_PLACEMENT_3D('',#13505,#10807,#10808);
#9524=AXIS2_PLACEMENT_3D('',#13508,#10811,#10812);
#9525=AXIS2_PLACEMENT_3D('',#13510,#10814,#10815);
#9526=AXIS2_PLACEMENT_3D('',#13511,#10816,#10817);
#9527=AXIS2_PLACEMENT_3D('',#13514,#10820,#10821);
#9528=AXIS2_PLACEMENT_3D('',#13517,#10823,#10824);
#9529=AXIS2_PLACEMENT_3D('',#13518,#10825,#10826);
#9530=AXIS2_PLACEMENT_3D('',#13522,#10829,#10830);
#9531=AXIS2_PLACEMENT_3D('',#13525,#10832,#10833);
#9532=AXIS2_PLACEMENT_3D('',#13526,#10834,#10835);
#9533=AXIS2_PLACEMENT_3D('',#13529,#10838,#10839);
#9534=AXIS2_PLACEMENT_3D('',#13531,#10841,#10842);
#9535=AXIS2_PLACEMENT_3D('',#13533,#10844,#10845);
#9536=AXIS2_PLACEMENT_3D('',#13534,#10846,#10847);
#9537=AXIS2_PLACEMENT_3D('',#13537,#10850,#10851);
#9538=AXIS2_PLACEMENT_3D('',#13539,#10853,#10854);
#9539=AXIS2_PLACEMENT_3D('',#13540,#10855,#10856);
#9540=AXIS2_PLACEMENT_3D('',#13543,#10859,#10860);
#9541=AXIS2_PLACEMENT_3D('',#13546,#10862,#10863);
#9542=AXIS2_PLACEMENT_3D('',#13547,#10864,#10865);
#9543=AXIS2_PLACEMENT_3D('',#13551,#10868,#10869);
#9544=AXIS2_PLACEMENT_3D('',#13554,#10871,#10872);
#9545=AXIS2_PLACEMENT_3D('',#13555,#10873,#10874);
#9546=AXIS2_PLACEMENT_3D('',#13558,#10877,#10878);
#9547=AXIS2_PLACEMENT_3D('',#13560,#10880,#10881);
#9548=AXIS2_PLACEMENT_3D('',#13562,#10883,#10884);
#9549=AXIS2_PLACEMENT_3D('',#13563,#10885,#10886);
#9550=AXIS2_PLACEMENT_3D('',#13566,#10889,#10890);
#9551=AXIS2_PLACEMENT_3D('',#13568,#10892,#10893);
#9552=AXIS2_PLACEMENT_3D('',#13569,#10894,#10895);
#9553=AXIS2_PLACEMENT_3D('',#13574,#10899,#10900);
#9554=AXIS2_PLACEMENT_3D('',#13576,#10902,#10903);
#9555=AXIS2_PLACEMENT_3D('',#13578,#10905,#10906);
#9556=AXIS2_PLACEMENT_3D('',#13580,#10908,#10909);
#9557=AXIS2_PLACEMENT_3D('',#13582,#10911,#10912);
#9558=AXIS2_PLACEMENT_3D('',#13584,#10914,#10915);
#9559=AXIS2_PLACEMENT_3D('',#13586,#10917,#10918);
#9560=AXIS2_PLACEMENT_3D('',#13588,#10920,#10921);
#9561=AXIS2_PLACEMENT_3D('',#13590,#10923,#10924);
#9562=AXIS2_PLACEMENT_3D('',#13592,#10926,#10927);
#9563=AXIS2_PLACEMENT_3D('',#13594,#10929,#10930);
#9564=AXIS2_PLACEMENT_3D('',#13597,#10932,#10933);
#9565=AXIS2_PLACEMENT_3D('',#13598,#10934,#10935);
#9566=AXIS2_PLACEMENT_3D('',#13601,#10937,#10938);
#9567=AXIS2_PLACEMENT_3D('',#13602,#10939,#10940);
#9568=AXIS2_PLACEMENT_3D('',#13606,#10943,#10944);
#9569=AXIS2_PLACEMENT_3D('',#13609,#10946,#10947);
#9570=AXIS2_PLACEMENT_3D('',#13610,#10948,#10949);
#9571=AXIS2_PLACEMENT_3D('',#13614,#10952,#10953);
#9572=AXIS2_PLACEMENT_3D('',#13617,#10955,#10956);
#9573=AXIS2_PLACEMENT_3D('',#13618,#10957,#10958);
#9574=AXIS2_PLACEMENT_3D('',#13622,#10961,#10962);
#9575=AXIS2_PLACEMENT_3D('',#13625,#10964,#10965);
#9576=AXIS2_PLACEMENT_3D('',#13626,#10966,#10967);
#9577=AXIS2_PLACEMENT_3D('',#13627,#10968,#10969);
#9578=AXIS2_PLACEMENT_3D('',#13628,#10970,#10971);
#9579=AXIS2_PLACEMENT_3D('',#13630,#10973,#10974);
#9580=AXIS2_PLACEMENT_3D('',#13632,#10976,#10977);
#9581=AXIS2_PLACEMENT_3D('',#13635,#10980,#10981);
#9582=AXIS2_PLACEMENT_3D('',#13641,#10985,#10986);
#9583=AXIS2_PLACEMENT_3D('',#13645,#10989,#10990);
#9584=AXIS2_PLACEMENT_3D('',#13651,#10994,#10995);
#9585=AXIS2_PLACEMENT_3D('',#13655,#10998,#10999);
#9586=AXIS2_PLACEMENT_3D('',#13661,#11003,#11004);
#9587=AXIS2_PLACEMENT_3D('',#13665,#11007,#11008);
#9588=AXIS2_PLACEMENT_3D('',#13671,#11012,#11013);
#9589=AXIS2_PLACEMENT_3D('',#13675,#11016,#11017);
#9590=AXIS2_PLACEMENT_3D('',#13681,#11021,#11022);
#9591=AXIS2_PLACEMENT_3D('',#13685,#11025,#11026);
#9592=AXIS2_PLACEMENT_3D('',#13691,#11030,#11031);
#9593=AXIS2_PLACEMENT_3D('',#13695,#11034,#11035);
#9594=AXIS2_PLACEMENT_3D('',#13701,#11039,#11040);
#9595=AXIS2_PLACEMENT_3D('',#13705,#11043,#11044);
#9596=AXIS2_PLACEMENT_3D('',#13711,#11048,#11049);
#9597=AXIS2_PLACEMENT_3D('',#13715,#11052,#11053);
#9598=AXIS2_PLACEMENT_3D('',#13721,#11057,#11058);
#9599=AXIS2_PLACEMENT_3D('',#13725,#11061,#11062);
#9600=AXIS2_PLACEMENT_3D('',#13731,#11066,#11067);
#9601=AXIS2_PLACEMENT_3D('',#13735,#11070,#11071);
#9602=AXIS2_PLACEMENT_3D('',#13741,#11075,#11076);
#9603=AXIS2_PLACEMENT_3D('',#13745,#11079,#11080);
#9604=AXIS2_PLACEMENT_3D('',#13751,#11084,#11085);
#9605=AXIS2_PLACEMENT_3D('',#13755,#11088,#11089);
#9606=AXIS2_PLACEMENT_3D('',#13761,#11093,#11094);
#9607=AXIS2_PLACEMENT_3D('',#13765,#11097,#11098);
#9608=AXIS2_PLACEMENT_3D('',#13771,#11102,#11103);
#9609=AXIS2_PLACEMENT_3D('',#13775,#11106,#11107);
#9610=AXIS2_PLACEMENT_3D('',#13781,#11111,#11112);
#9611=AXIS2_PLACEMENT_3D('',#13785,#11115,#11116);
#9612=AXIS2_PLACEMENT_3D('',#13791,#11120,#11121);
#9613=AXIS2_PLACEMENT_3D('',#13795,#11124,#11125);
#9614=AXIS2_PLACEMENT_3D('',#13801,#11129,#11130);
#9615=AXIS2_PLACEMENT_3D('',#13805,#11133,#11134);
#9616=AXIS2_PLACEMENT_3D('',#13811,#11138,#11139);
#9617=AXIS2_PLACEMENT_3D('',#13815,#11142,#11143);
#9618=AXIS2_PLACEMENT_3D('',#13821,#11147,#11148);
#9619=AXIS2_PLACEMENT_3D('',#13825,#11151,#11152);
#9620=AXIS2_PLACEMENT_3D('',#13831,#11156,#11157);
#9621=AXIS2_PLACEMENT_3D('',#13835,#11160,#11161);
#9622=AXIS2_PLACEMENT_3D('',#13841,#11165,#11166);
#9623=AXIS2_PLACEMENT_3D('',#13845,#11169,#11170);
#9624=AXIS2_PLACEMENT_3D('',#13851,#11174,#11175);
#9625=AXIS2_PLACEMENT_3D('',#13855,#11178,#11179);
#9626=AXIS2_PLACEMENT_3D('',#13861,#11183,#11184);
#9627=AXIS2_PLACEMENT_3D('',#13865,#11187,#11188);
#9628=AXIS2_PLACEMENT_3D('',#13871,#11192,#11193);
#9629=AXIS2_PLACEMENT_3D('',#13875,#11196,#11197);
#9630=AXIS2_PLACEMENT_3D('',#13881,#11201,#11202);
#9631=AXIS2_PLACEMENT_3D('',#13885,#11205,#11206);
#9632=AXIS2_PLACEMENT_3D('',#13891,#11210,#11211);
#9633=AXIS2_PLACEMENT_3D('',#13895,#11214,#11215);
#9634=AXIS2_PLACEMENT_3D('',#13901,#11219,#11220);
#9635=AXIS2_PLACEMENT_3D('',#13905,#11223,#11224);
#9636=AXIS2_PLACEMENT_3D('',#13911,#11228,#11229);
#9637=AXIS2_PLACEMENT_3D('',#13915,#11232,#11233);
#9638=AXIS2_PLACEMENT_3D('',#13921,#11237,#11238);
#9639=AXIS2_PLACEMENT_3D('',#13925,#11241,#11242);
#9640=AXIS2_PLACEMENT_3D('',#13931,#11246,#11247);
#9641=AXIS2_PLACEMENT_3D('',#13935,#11250,#11251);
#9642=AXIS2_PLACEMENT_3D('',#13937,#11253,#11254);
#9643=AXIS2_PLACEMENT_3D('',#13939,#11256,#11257);
#9644=AXIS2_PLACEMENT_3D('',#13943,#11260,#11261);
#9645=AXIS2_PLACEMENT_3D('',#13946,#11264,#11265);
#9646=AXIS2_PLACEMENT_3D('',#13947,#11266,#11267);
#9647=AXIS2_PLACEMENT_3D('',#13951,#11270,#11271);
#9648=AXIS2_PLACEMENT_3D('',#13955,#11274,#11275);
#9649=AXIS2_PLACEMENT_3D('',#13957,#11277,#11278);
#9650=AXIS2_PLACEMENT_3D('',#13958,#11279,#11280);
#9651=AXIS2_PLACEMENT_3D('',#13962,#11283,#11284);
#9652=AXIS2_PLACEMENT_3D('',#13964,#11286,#11287);
#9653=AXIS2_PLACEMENT_3D('',#13965,#11288,#11289);
#9654=AXIS2_PLACEMENT_3D('',#13969,#11292,#11293);
#9655=AXIS2_PLACEMENT_3D('',#13971,#11295,#11296);
#9656=AXIS2_PLACEMENT_3D('',#13972,#11297,#11298);
#9657=AXIS2_PLACEMENT_3D('',#13976,#11301,#11302);
#9658=AXIS2_PLACEMENT_3D('',#13978,#11304,#11305);
#9659=AXIS2_PLACEMENT_3D('',#13979,#11306,#11307);
#9660=AXIS2_PLACEMENT_3D('',#13983,#11310,#11311);
#9661=AXIS2_PLACEMENT_3D('',#13985,#11313,#11314);
#9662=AXIS2_PLACEMENT_3D('',#13986,#11315,#11316);
#9663=AXIS2_PLACEMENT_3D('',#13990,#11319,#11320);
#9664=AXIS2_PLACEMENT_3D('',#13992,#11322,#11323);
#9665=AXIS2_PLACEMENT_3D('',#13993,#11324,#11325);
#9666=AXIS2_PLACEMENT_3D('',#13997,#11328,#11329);
#9667=AXIS2_PLACEMENT_3D('',#13999,#11331,#11332);
#9668=AXIS2_PLACEMENT_3D('',#14000,#11333,#11334);
#9669=AXIS2_PLACEMENT_3D('',#14004,#11337,#11338);
#9670=AXIS2_PLACEMENT_3D('',#14006,#11340,#11341);
#9671=AXIS2_PLACEMENT_3D('',#14007,#11342,#11343);
#9672=AXIS2_PLACEMENT_3D('',#14011,#11346,#11347);
#9673=AXIS2_PLACEMENT_3D('',#14013,#11349,#11350);
#9674=AXIS2_PLACEMENT_3D('',#14014,#11351,#11352);
#9675=AXIS2_PLACEMENT_3D('',#14018,#11355,#11356);
#9676=AXIS2_PLACEMENT_3D('',#14020,#11358,#11359);
#9677=AXIS2_PLACEMENT_3D('',#14021,#11360,#11361);
#9678=AXIS2_PLACEMENT_3D('',#14025,#11364,#11365);
#9679=AXIS2_PLACEMENT_3D('',#14027,#11367,#11368);
#9680=AXIS2_PLACEMENT_3D('',#14028,#11369,#11370);
#9681=AXIS2_PLACEMENT_3D('',#14032,#11373,#11374);
#9682=AXIS2_PLACEMENT_3D('',#14034,#11376,#11377);
#9683=AXIS2_PLACEMENT_3D('',#14035,#11378,#11379);
#9684=AXIS2_PLACEMENT_3D('',#14039,#11382,#11383);
#9685=AXIS2_PLACEMENT_3D('',#14041,#11385,#11386);
#9686=AXIS2_PLACEMENT_3D('',#14042,#11387,#11388);
#9687=AXIS2_PLACEMENT_3D('',#14044,#11390,#11391);
#9688=AXIS2_PLACEMENT_3D('',#14045,#11392,#11393);
#9689=AXIS2_PLACEMENT_3D('',#14049,#11396,#11397);
#9690=AXIS2_PLACEMENT_3D('',#14051,#11399,#11400);
#9691=AXIS2_PLACEMENT_3D('',#14052,#11401,#11402);
#9692=AXIS2_PLACEMENT_3D('',#14053,#11403,#11404);
#9693=AXIS2_PLACEMENT_3D('',#14058,#11406,#11407);
#9694=AXIS2_PLACEMENT_3D('',#14062,#11409,#11410);
#9695=AXIS2_PLACEMENT_3D('',#14066,#11412,#11413);
#9696=AXIS2_PLACEMENT_3D('',#14069,#11415,#11416);
#9697=AXIS2_PLACEMENT_3D('',#14071,#11417,#11418);
#9698=AXIS2_PLACEMENT_3D('',#14073,#11419,#11420);
#9699=AXIS2_PLACEMENT_3D('',#14075,#11421,#11422);
#9700=AXIS2_PLACEMENT_3D('',#14076,#11423,#11424);
#9701=AXIS2_PLACEMENT_3D('',#14079,#11427,#11428);
#9702=AXIS2_PLACEMENT_3D('',#14082,#11431,#11432);
#9703=AXIS2_PLACEMENT_3D('',#14091,#11437,#11438);
#9704=AXIS2_PLACEMENT_3D('',#14097,#11442,#11443);
#9705=AXIS2_PLACEMENT_3D('',#14099,#11444,#11445);
#9706=AXIS2_PLACEMENT_3D('',#14101,#11446,#11447);
#9707=AXIS2_PLACEMENT_3D('',#14103,#11449,#11450);
#9708=AXIS2_PLACEMENT_3D('',#14109,#11454,#11455);
#9709=AXIS2_PLACEMENT_3D('',#14115,#11459,#11460);
#9710=AXIS2_PLACEMENT_3D('',#14121,#11464,#11465);
#9711=AXIS2_PLACEMENT_3D('',#14123,#11466,#11467);
#9712=AXIS2_PLACEMENT_3D('',#14125,#11468,#11469);
#9713=AXIS2_PLACEMENT_3D('',#14127,#11471,#11472);
#9714=AXIS2_PLACEMENT_3D('',#14133,#11476,#11477);
#9715=AXIS2_PLACEMENT_3D('',#14136,#11478,#11479);
#9716=AXIS2_PLACEMENT_3D('',#14143,#11483,#11484);
#9717=AXIS2_PLACEMENT_3D('',#14149,#11488,#11489);
#9718=AXIS2_PLACEMENT_3D('',#14152,#11490,#11491);
#9719=AXIS2_PLACEMENT_3D('',#14156,#11493,#11494);
#9720=AXIS2_PLACEMENT_3D('',#14158,#11496,#11497);
#9721=AXIS2_PLACEMENT_3D('',#14164,#11501,#11502);
#9722=AXIS2_PLACEMENT_3D('',#14170,#11506,#11507);
#9723=AXIS2_PLACEMENT_3D('',#14176,#11511,#11512);
#9724=AXIS2_PLACEMENT_3D('',#14178,#11513,#11514);
#9725=AXIS2_PLACEMENT_3D('',#14180,#11515,#11516);
#9726=AXIS2_PLACEMENT_3D('',#14182,#11518,#11519);
#9727=AXIS2_PLACEMENT_3D('',#14188,#11523,#11524);
#9728=AXIS2_PLACEMENT_3D('',#14194,#11528,#11529);
#9729=AXIS2_PLACEMENT_3D('',#14200,#11533,#11534);
#9730=AXIS2_PLACEMENT_3D('',#14206,#11537,#11538);
#9731=AXIS2_PLACEMENT_3D('',#14214,#11542,#11543);
#9732=AXIS2_PLACEMENT_3D('',#14216,#11545,#11546);
#9733=AXIS2_PLACEMENT_3D('',#14218,#11548,#11549);
#9734=AXIS2_PLACEMENT_3D('',#14219,#11550,#11551);
#9735=AXIS2_PLACEMENT_3D('',#14228,#11556,#11557);
#9736=AXIS2_PLACEMENT_3D('',#14234,#11561,#11562);
#9737=AXIS2_PLACEMENT_3D('',#14240,#11566,#11567);
#9738=AXIS2_PLACEMENT_3D('',#14242,#11568,#11569);
#9739=AXIS2_PLACEMENT_3D('',#14245,#11571,#11572);
#9740=AXIS2_PLACEMENT_3D('',#14246,#11573,#11574);
#9741=AXIS2_PLACEMENT_3D('',#14252,#11578,#11579);
#9742=AXIS2_PLACEMENT_3D('',#14258,#11583,#11584);
#9743=AXIS2_PLACEMENT_3D('',#14264,#11588,#11589);
#9744=AXIS2_PLACEMENT_3D('',#14266,#11590,#11591);
#9745=AXIS2_PLACEMENT_3D('',#14269,#11593,#11594);
#9746=AXIS2_PLACEMENT_3D('',#14270,#11595,#11596);
#9747=AXIS2_PLACEMENT_3D('',#14276,#11600,#11601);
#9748=AXIS2_PLACEMENT_3D('',#14282,#11605,#11606);
#9749=AXIS2_PLACEMENT_3D('',#14288,#11610,#11611);
#9750=AXIS2_PLACEMENT_3D('',#14290,#11612,#11613);
#9751=AXIS2_PLACEMENT_3D('',#14293,#11615,#11616);
#9752=AXIS2_PLACEMENT_3D('',#14294,#11617,#11618);
#9753=AXIS2_PLACEMENT_3D('',#14300,#11622,#11623);
#9754=AXIS2_PLACEMENT_3D('',#14306,#11627,#11628);
#9755=AXIS2_PLACEMENT_3D('',#14312,#11632,#11633);
#9756=AXIS2_PLACEMENT_3D('',#14314,#11634,#11635);
#9757=AXIS2_PLACEMENT_3D('',#14317,#11637,#11638);
#9758=AXIS2_PLACEMENT_3D('',#14318,#11639,#11640);
#9759=AXIS2_PLACEMENT_3D('',#14319,#11641,#11642);
#9760=AXIS2_PLACEMENT_3D('',#14320,#11643,#11644);
#9761=AXIS2_PLACEMENT_3D('',#14321,#11645,#11646);
#9762=AXIS2_PLACEMENT_3D('',#14322,#11647,#11648);
#9763=AXIS2_PLACEMENT_3D('',#14323,#11649,#11650);
#9764=AXIS2_PLACEMENT_3D('',#14325,#11652,#11653);
#9765=AXIS2_PLACEMENT_3D('',#14328,#11655,#11656);
#9766=AXIS2_PLACEMENT_3D('',#14329,#11657,#11658);
#9767=AXIS2_PLACEMENT_3D('',#14332,#11660,#11661);
#9768=AXIS2_PLACEMENT_3D('',#14333,#11662,#11663);
#9769=AXIS2_PLACEMENT_3D('',#14337,#11666,#11667);
#9770=AXIS2_PLACEMENT_3D('',#14339,#11669,#11670);
#9771=AXIS2_PLACEMENT_3D('',#14340,#11671,#11672);
#9772=AXIS2_PLACEMENT_3D('',#14344,#11675,#11676);
#9773=AXIS2_PLACEMENT_3D('',#14346,#11678,#11679);
#9774=AXIS2_PLACEMENT_3D('',#14347,#11680,#11681);
#9775=AXIS2_PLACEMENT_3D('',#14351,#11684,#11685);
#9776=AXIS2_PLACEMENT_3D('',#14353,#11687,#11688);
#9777=AXIS2_PLACEMENT_3D('',#14354,#11689,#11690);
#9778=AXIS2_PLACEMENT_3D('',#14356,#11692,#11693);
#9779=AXIS2_PLACEMENT_3D('',#14357,#11694,#11695);
#9780=AXIS2_PLACEMENT_3D('',#14361,#11698,#11699);
#9781=AXIS2_PLACEMENT_3D('',#14363,#11701,#11702);
#9782=AXIS2_PLACEMENT_3D('',#14364,#11703,#11704);
#9783=AXIS2_PLACEMENT_3D('',#14368,#11707,#11708);
#9784=AXIS2_PLACEMENT_3D('',#14370,#11710,#11711);
#9785=AXIS2_PLACEMENT_3D('',#14371,#11712,#11713);
#9786=AXIS2_PLACEMENT_3D('',#14375,#11716,#11717);
#9787=AXIS2_PLACEMENT_3D('',#14377,#11719,#11720);
#9788=AXIS2_PLACEMENT_3D('',#14378,#11721,#11722);
#9789=AXIS2_PLACEMENT_3D('',#14382,#11725,#11726);
#9790=AXIS2_PLACEMENT_3D('',#14384,#11728,#11729);
#9791=AXIS2_PLACEMENT_3D('',#14385,#11730,#11731);
#9792=AXIS2_PLACEMENT_3D('',#14389,#11734,#11735);
#9793=AXIS2_PLACEMENT_3D('',#14391,#11737,#11738);
#9794=AXIS2_PLACEMENT_3D('',#14392,#11739,#11740);
#9795=AXIS2_PLACEMENT_3D('',#14396,#11743,#11744);
#9796=AXIS2_PLACEMENT_3D('',#14398,#11746,#11747);
#9797=AXIS2_PLACEMENT_3D('',#14399,#11748,#11749);
#9798=AXIS2_PLACEMENT_3D('',#14403,#11752,#11753);
#9799=AXIS2_PLACEMENT_3D('',#14405,#11755,#11756);
#9800=AXIS2_PLACEMENT_3D('',#14406,#11757,#11758);
#9801=AXIS2_PLACEMENT_3D('',#14410,#11761,#11762);
#9802=AXIS2_PLACEMENT_3D('',#14412,#11764,#11765);
#9803=AXIS2_PLACEMENT_3D('',#14413,#11766,#11767);
#9804=AXIS2_PLACEMENT_3D('',#14417,#11770,#11771);
#9805=AXIS2_PLACEMENT_3D('',#14419,#11773,#11774);
#9806=AXIS2_PLACEMENT_3D('',#14420,#11775,#11776);
#9807=AXIS2_PLACEMENT_3D('',#14424,#11779,#11780);
#9808=AXIS2_PLACEMENT_3D('',#14426,#11782,#11783);
#9809=AXIS2_PLACEMENT_3D('',#14427,#11784,#11785);
#9810=AXIS2_PLACEMENT_3D('',#14431,#11788,#11789);
#9811=AXIS2_PLACEMENT_3D('',#14433,#11791,#11792);
#9812=AXIS2_PLACEMENT_3D('',#14434,#11793,#11794);
#9813=AXIS2_PLACEMENT_3D('',#14439,#11796,#11797);
#9814=AXIS2_PLACEMENT_3D('',#14443,#11799,#11800);
#9815=AXIS2_PLACEMENT_3D('',#14447,#11802,#11803);
#9816=AXIS2_PLACEMENT_3D('',#14450,#11805,#11806);
#9817=AXIS2_PLACEMENT_3D('',#14452,#11807,#11808);
#9818=AXIS2_PLACEMENT_3D('',#14454,#11809,#11810);
#9819=AXIS2_PLACEMENT_3D('',#14456,#11811,#11812);
#9820=AXIS2_PLACEMENT_3D('',#14457,#11813,#11814);
#9821=AXIS2_PLACEMENT_3D('',#14460,#11817,#11818);
#9822=AXIS2_PLACEMENT_3D('',#14463,#11821,#11822);
#9823=AXIS2_PLACEMENT_3D('',#14472,#11827,#11828);
#9824=AXIS2_PLACEMENT_3D('',#14478,#11832,#11833);
#9825=AXIS2_PLACEMENT_3D('',#14480,#11834,#11835);
#9826=AXIS2_PLACEMENT_3D('',#14482,#11836,#11837);
#9827=AXIS2_PLACEMENT_3D('',#14484,#11839,#11840);
#9828=AXIS2_PLACEMENT_3D('',#14490,#11844,#11845);
#9829=AXIS2_PLACEMENT_3D('',#14496,#11849,#11850);
#9830=AXIS2_PLACEMENT_3D('',#14502,#11854,#11855);
#9831=AXIS2_PLACEMENT_3D('',#14504,#11856,#11857);
#9832=AXIS2_PLACEMENT_3D('',#14506,#11858,#11859);
#9833=AXIS2_PLACEMENT_3D('',#14508,#11861,#11862);
#9834=AXIS2_PLACEMENT_3D('',#14514,#11866,#11867);
#9835=AXIS2_PLACEMENT_3D('',#14517,#11868,#11869);
#9836=AXIS2_PLACEMENT_3D('',#14524,#11873,#11874);
#9837=AXIS2_PLACEMENT_3D('',#14530,#11878,#11879);
#9838=AXIS2_PLACEMENT_3D('',#14533,#11880,#11881);
#9839=AXIS2_PLACEMENT_3D('',#14537,#11883,#11884);
#9840=AXIS2_PLACEMENT_3D('',#14539,#11886,#11887);
#9841=AXIS2_PLACEMENT_3D('',#14545,#11891,#11892);
#9842=AXIS2_PLACEMENT_3D('',#14551,#11896,#11897);
#9843=AXIS2_PLACEMENT_3D('',#14557,#11901,#11902);
#9844=AXIS2_PLACEMENT_3D('',#14559,#11903,#11904);
#9845=AXIS2_PLACEMENT_3D('',#14561,#11905,#11906);
#9846=AXIS2_PLACEMENT_3D('',#14563,#11908,#11909);
#9847=AXIS2_PLACEMENT_3D('',#14569,#11913,#11914);
#9848=AXIS2_PLACEMENT_3D('',#14575,#11918,#11919);
#9849=AXIS2_PLACEMENT_3D('',#14581,#11923,#11924);
#9850=AXIS2_PLACEMENT_3D('',#14587,#11927,#11928);
#9851=AXIS2_PLACEMENT_3D('',#14595,#11932,#11933);
#9852=AXIS2_PLACEMENT_3D('',#14597,#11935,#11936);
#9853=AXIS2_PLACEMENT_3D('',#14599,#11938,#11939);
#9854=AXIS2_PLACEMENT_3D('',#14600,#11940,#11941);
#9855=AXIS2_PLACEMENT_3D('',#14609,#11946,#11947);
#9856=AXIS2_PLACEMENT_3D('',#14615,#11951,#11952);
#9857=AXIS2_PLACEMENT_3D('',#14621,#11956,#11957);
#9858=AXIS2_PLACEMENT_3D('',#14623,#11958,#11959);
#9859=AXIS2_PLACEMENT_3D('',#14626,#11961,#11962);
#9860=AXIS2_PLACEMENT_3D('',#14627,#11963,#11964);
#9861=AXIS2_PLACEMENT_3D('',#14633,#11968,#11969);
#9862=AXIS2_PLACEMENT_3D('',#14639,#11973,#11974);
#9863=AXIS2_PLACEMENT_3D('',#14645,#11978,#11979);
#9864=AXIS2_PLACEMENT_3D('',#14647,#11980,#11981);
#9865=AXIS2_PLACEMENT_3D('',#14650,#11983,#11984);
#9866=AXIS2_PLACEMENT_3D('',#14651,#11985,#11986);
#9867=AXIS2_PLACEMENT_3D('',#14657,#11990,#11991);
#9868=AXIS2_PLACEMENT_3D('',#14663,#11995,#11996);
#9869=AXIS2_PLACEMENT_3D('',#14669,#12000,#12001);
#9870=AXIS2_PLACEMENT_3D('',#14671,#12002,#12003);
#9871=AXIS2_PLACEMENT_3D('',#14674,#12005,#12006);
#9872=AXIS2_PLACEMENT_3D('',#14675,#12007,#12008);
#9873=AXIS2_PLACEMENT_3D('',#14681,#12012,#12013);
#9874=AXIS2_PLACEMENT_3D('',#14687,#12017,#12018);
#9875=AXIS2_PLACEMENT_3D('',#14693,#12022,#12023);
#9876=AXIS2_PLACEMENT_3D('',#14695,#12024,#12025);
#9877=AXIS2_PLACEMENT_3D('',#14698,#12027,#12028);
#9878=AXIS2_PLACEMENT_3D('',#14699,#12029,#12030);
#9879=AXIS2_PLACEMENT_3D('',#14700,#12031,#12032);
#9880=AXIS2_PLACEMENT_3D('',#14701,#12033,#12034);
#9881=AXIS2_PLACEMENT_3D('',#14702,#12035,#12036);
#9882=AXIS2_PLACEMENT_3D('',#14703,#12037,#12038);
#9883=AXIS2_PLACEMENT_3D('',#14704,#12039,#12040);
#9884=AXIS2_PLACEMENT_3D('',#14706,#12042,#12043);
#9885=AXIS2_PLACEMENT_3D('',#14709,#12045,#12046);
#9886=AXIS2_PLACEMENT_3D('',#14710,#12047,#12048);
#9887=AXIS2_PLACEMENT_3D('',#14713,#12050,#12051);
#9888=AXIS2_PLACEMENT_3D('',#14714,#12052,#12053);
#9889=AXIS2_PLACEMENT_3D('',#14717,#12055,#12056);
#9890=AXIS2_PLACEMENT_3D('',#14718,#12057,#12058);
#9891=AXIS2_PLACEMENT_3D('',#14721,#12060,#12061);
#9892=AXIS2_PLACEMENT_3D('',#14722,#12062,#12063);
#9893=AXIS2_PLACEMENT_3D('',#14725,#12065,#12066);
#9894=AXIS2_PLACEMENT_3D('',#14726,#12067,#12068);
#9895=AXIS2_PLACEMENT_3D('',#14729,#12070,#12071);
#9896=AXIS2_PLACEMENT_3D('',#14730,#12072,#12073);
#9897=AXIS2_PLACEMENT_3D('',#14732,#12075,#12076);
#9898=AXIS2_PLACEMENT_3D('',#14733,#12077,#12078);
#9899=AXIS2_PLACEMENT_3D('',#14734,#12079,#12080);
#9900=AXIS2_PLACEMENT_3D('',#14735,#12081,#12082);
#9901=AXIS2_PLACEMENT_3D('',#14736,#12083,#12084);
#9902=AXIS2_PLACEMENT_3D('',#14738,#12086,#12087);
#9903=AXIS2_PLACEMENT_3D('',#14740,#12089,#12090);
#9904=AXIS2_PLACEMENT_3D('',#14741,#12091,#12092);
#9905=AXIS2_PLACEMENT_3D('',#14745,#12095,#12096);
#9906=AXIS2_PLACEMENT_3D('',#14749,#12099,#12100);
#9907=AXIS2_PLACEMENT_3D('',#14751,#12101,#12102);
#9908=AXIS2_PLACEMENT_3D('',#14753,#12104,#12105);
#9909=AXIS2_PLACEMENT_3D('',#14757,#12108,#12109);
#9910=AXIS2_PLACEMENT_3D('',#14761,#12112,#12113);
#9911=AXIS2_PLACEMENT_3D('',#14765,#12116,#12117);
#9912=AXIS2_PLACEMENT_3D('',#14767,#12118,#12119);
#9913=AXIS2_PLACEMENT_3D('',#14769,#12121,#12122);
#9914=AXIS2_PLACEMENT_3D('',#14771,#12124,#12125);
#9915=AXIS2_PLACEMENT_3D('',#14773,#12126,#12127);
#9916=AXIS2_PLACEMENT_3D('',#14775,#12129,#12130);
#9917=AXIS2_PLACEMENT_3D('',#14779,#12133,#12134);
#9918=AXIS2_PLACEMENT_3D('',#14783,#12137,#12138);
#9919=AXIS2_PLACEMENT_3D('',#14787,#12141,#12142);
#9920=AXIS2_PLACEMENT_3D('',#14789,#12143,#12144);
#9921=AXIS2_PLACEMENT_3D('',#14791,#12146,#12147);
#9922=AXIS2_PLACEMENT_3D('',#14795,#12150,#12151);
#9923=AXIS2_PLACEMENT_3D('',#14799,#12154,#12155);
#9924=AXIS2_PLACEMENT_3D('',#14801,#12157,#12158);
#9925=AXIS2_PLACEMENT_3D('',#14803,#12160,#12161);
#9926=AXIS2_PLACEMENT_3D('',#14805,#12163,#12164);
#9927=AXIS2_PLACEMENT_3D('',#14807,#12166,#12167);
#9928=AXIS2_PLACEMENT_3D('',#14808,#12168,#12169);
#9929=AXIS2_PLACEMENT_3D('',#14812,#12172,#12173);
#9930=AXIS2_PLACEMENT_3D('',#14816,#12176,#12177);
#9931=AXIS2_PLACEMENT_3D('',#14818,#12178,#12179);
#9932=AXIS2_PLACEMENT_3D('',#14820,#12181,#12182);
#9933=AXIS2_PLACEMENT_3D('',#14824,#12185,#12186);
#9934=AXIS2_PLACEMENT_3D('',#14828,#12189,#12190);
#9935=AXIS2_PLACEMENT_3D('',#14832,#12193,#12194);
#9936=AXIS2_PLACEMENT_3D('',#14834,#12195,#12196);
#9937=AXIS2_PLACEMENT_3D('',#14836,#12198,#12199);
#9938=AXIS2_PLACEMENT_3D('',#14838,#12201,#12202);
#9939=AXIS2_PLACEMENT_3D('',#14840,#12203,#12204);
#9940=AXIS2_PLACEMENT_3D('',#14842,#12206,#12207);
#9941=AXIS2_PLACEMENT_3D('',#14846,#12210,#12211);
#9942=AXIS2_PLACEMENT_3D('',#14850,#12214,#12215);
#9943=AXIS2_PLACEMENT_3D('',#14854,#12218,#12219);
#9944=AXIS2_PLACEMENT_3D('',#14856,#12220,#12221);
#9945=AXIS2_PLACEMENT_3D('',#14858,#12223,#12224);
#9946=AXIS2_PLACEMENT_3D('',#14862,#12227,#12228);
#9947=AXIS2_PLACEMENT_3D('',#14866,#12231,#12232);
#9948=AXIS2_PLACEMENT_3D('',#14868,#12234,#12235);
#9949=AXIS2_PLACEMENT_3D('',#14870,#12237,#12238);
#9950=AXIS2_PLACEMENT_3D('',#14872,#12240,#12241);
#9951=AXIS2_PLACEMENT_3D('',#14874,#12243,#12244);
#9952=AXIS2_PLACEMENT_3D('',#14875,#12245,#12246);
#9953=AXIS2_PLACEMENT_3D('',#14876,#12247,#12248);
#9954=AXIS2_PLACEMENT_3D('',#14877,#12249,#12250);
#9955=AXIS2_PLACEMENT_3D('',#14878,#12251,#12252);
#9956=AXIS2_PLACEMENT_3D('',#14879,#12253,#12254);
#9957=AXIS2_PLACEMENT_3D('',#14881,#12255,#12256);
#9958=AXIS2_PLACEMENT_3D('',#14884,#12257,#12258);
#9959=AXIS2_PLACEMENT_3D('',#14892,#12262,#12263);
#9960=AXIS2_PLACEMENT_3D('',#14900,#12267,#12268);
#9961=AXIS2_PLACEMENT_3D('',#14908,#12272,#12273);
#9962=AXIS2_PLACEMENT_3D('',#14914,#12277,#12278);
#9963=AXIS2_PLACEMENT_3D('',#14918,#12280,#12281);
#9964=AXIS2_PLACEMENT_3D('',#14920,#12283,#12284);
#9965=AXIS2_PLACEMENT_3D('',#14924,#12287,#12288);
#9966=AXIS2_PLACEMENT_3D('',#14928,#12291,#12292);
#9967=AXIS2_PLACEMENT_3D('',#14932,#12295,#12296);
#9968=AXIS2_PLACEMENT_3D('',#14935,#12298,#12299);
#9969=AXIS2_PLACEMENT_3D('',#14936,#12300,#12301);
#9970=AXIS2_PLACEMENT_3D('',#14940,#12304,#12305);
#9971=AXIS2_PLACEMENT_3D('',#14944,#12308,#12309);
#9972=AXIS2_PLACEMENT_3D('',#14948,#12312,#12313);
#9973=AXIS2_PLACEMENT_3D('',#14950,#12314,#12315);
#9974=AXIS2_PLACEMENT_3D('',#14959,#12319,#12320);
#9975=AXIS2_PLACEMENT_3D('',#14965,#12324,#12325);
#9976=AXIS2_PLACEMENT_3D('',#14966,#12326,#12327);
#9977=AXIS2_PLACEMENT_3D('',#14968,#12329,#12330);
#9978=AXIS2_PLACEMENT_3D('',#14970,#12332,#12333);
#9979=AXIS2_PLACEMENT_3D('',#14972,#12335,#12336);
#9980=AXIS2_PLACEMENT_3D('',#14974,#12338,#12339);
#9981=AXIS2_PLACEMENT_3D('',#14976,#12341,#12342);
#9982=AXIS2_PLACEMENT_3D('',#14978,#12344,#12345);
#9983=AXIS2_PLACEMENT_3D('',#14980,#12347,#12348);
#9984=AXIS2_PLACEMENT_3D('',#14982,#12350,#12351);
#9985=AXIS2_PLACEMENT_3D('',#14983,#12352,#12353);
#9986=AXIS2_PLACEMENT_3D('',#14992,#12358,#12359);
#9987=AXIS2_PLACEMENT_3D('',#14994,#12360,#12361);
#9988=AXIS2_PLACEMENT_3D('',#14997,#12363,#12364);
#9989=AXIS2_PLACEMENT_3D('',#14998,#12365,#12366);
#9990=AXIS2_PLACEMENT_3D('',#15004,#12370,#12371);
#9991=AXIS2_PLACEMENT_3D('',#15010,#12375,#12376);
#9992=AXIS2_PLACEMENT_3D('',#15016,#12380,#12381);
#9993=AXIS2_PLACEMENT_3D('',#15018,#12382,#12383);
#9994=AXIS2_PLACEMENT_3D('',#15021,#12385,#12386);
#9995=AXIS2_PLACEMENT_3D('',#15022,#12387,#12388);
#9996=AXIS2_PLACEMENT_3D('',#15028,#12392,#12393);
#9997=AXIS2_PLACEMENT_3D('',#15030,#12394,#12395);
#9998=AXIS2_PLACEMENT_3D('',#15033,#12397,#12398);
#9999=AXIS2_PLACEMENT_3D('',#15034,#12399,#12400);
#10000=AXIS2_PLACEMENT_3D('',#15040,#12404,#12405);
#10001=AXIS2_PLACEMENT_3D('',#15046,#12408,#12409);
#10002=AXIS2_PLACEMENT_3D('',#15054,#12413,#12414);
#10003=AXIS2_PLACEMENT_3D('',#15056,#12416,#12417);
#10004=AXIS2_PLACEMENT_3D('',#15060,#12420,#12421);
#10005=AXIS2_PLACEMENT_3D('',#15062,#12422,#12423);
#10006=AXIS2_PLACEMENT_3D('',#15064,#12425,#12426);
#10007=AXIS2_PLACEMENT_3D('',#15068,#12429,#12430);
#10008=AXIS2_PLACEMENT_3D('',#15072,#12433,#12434);
#10009=AXIS2_PLACEMENT_3D('',#15076,#12437,#12438);
#10010=AXIS2_PLACEMENT_3D('',#15078,#12439,#12440);
#10011=AXIS2_PLACEMENT_3D('',#15080,#12442,#12443);
#10012=AXIS2_PLACEMENT_3D('',#15084,#12446,#12447);
#10013=AXIS2_PLACEMENT_3D('',#15086,#12449,#12450);
#10014=AXIS2_PLACEMENT_3D('',#15087,#12451,#12452);
#10015=AXIS2_PLACEMENT_3D('',#15089,#12453,#12454);
#10016=AXIS2_PLACEMENT_3D('',#15096,#12457,#12458);
#10017=AXIS2_PLACEMENT_3D('',#15104,#12462,#12463);
#10018=AXIS2_PLACEMENT_3D('',#15112,#12467,#12468);
#10019=AXIS2_PLACEMENT_3D('',#15120,#12472,#12473);
#10020=AXIS2_PLACEMENT_3D('',#15122,#12475,#12476);
#10021=AXIS2_PLACEMENT_3D('',#15128,#12480,#12481);
#10022=AXIS2_PLACEMENT_3D('',#15132,#12484,#12485);
#10023=AXIS2_PLACEMENT_3D('',#15135,#12487,#12488);
#10024=AXIS2_PLACEMENT_3D('',#15136,#12489,#12490);
#10025=AXIS2_PLACEMENT_3D('',#15140,#12493,#12494);
#10026=AXIS2_PLACEMENT_3D('',#15144,#12497,#12498);
#10027=AXIS2_PLACEMENT_3D('',#15148,#12501,#12502);
#10028=AXIS2_PLACEMENT_3D('',#15151,#12504,#12505);
#10029=AXIS2_PLACEMENT_3D('',#15152,#12506,#12507);
#10030=AXIS2_PLACEMENT_3D('',#15156,#12510,#12511);
#10031=AXIS2_PLACEMENT_3D('',#15158,#12512,#12513);
#10032=AXIS2_PLACEMENT_3D('',#15163,#12515,#12516);
#10033=AXIS2_PLACEMENT_3D('',#15171,#12520,#12521);
#10034=AXIS2_PLACEMENT_3D('',#15174,#12524,#12525);
#10035=AXIS2_PLACEMENT_3D('',#15176,#12527,#12528);
#10036=AXIS2_PLACEMENT_3D('',#15178,#12530,#12531);
#10037=AXIS2_PLACEMENT_3D('',#15180,#12533,#12534);
#10038=AXIS2_PLACEMENT_3D('',#15182,#12536,#12537);
#10039=AXIS2_PLACEMENT_3D('',#15184,#12539,#12540);
#10040=AXIS2_PLACEMENT_3D('',#15186,#12542,#12543);
#10041=AXIS2_PLACEMENT_3D('',#15188,#12545,#12546);
#10042=AXIS2_PLACEMENT_3D('',#15190,#12548,#12549);
#10043=AXIS2_PLACEMENT_3D('',#15191,#12550,#12551);
#10044=AXIS2_PLACEMENT_3D('',#15200,#12556,#12557);
#10045=AXIS2_PLACEMENT_3D('',#15206,#12561,#12562);
#10046=AXIS2_PLACEMENT_3D('',#15212,#12566,#12567);
#10047=AXIS2_PLACEMENT_3D('',#15214,#12568,#12569);
#10048=AXIS2_PLACEMENT_3D('',#15217,#12571,#12572);
#10049=AXIS2_PLACEMENT_3D('',#15218,#12573,#12574);
#10050=AXIS2_PLACEMENT_3D('',#15224,#12578,#12579);
#10051=AXIS2_PLACEMENT_3D('',#15230,#12583,#12584);
#10052=AXIS2_PLACEMENT_3D('',#15236,#12588,#12589);
#10053=AXIS2_PLACEMENT_3D('',#15238,#12590,#12591);
#10054=AXIS2_PLACEMENT_3D('',#15241,#12593,#12594);
#10055=AXIS2_PLACEMENT_3D('',#15242,#12595,#12596);
#10056=AXIS2_PLACEMENT_3D('',#15244,#12597,#12598);
#10057=AXIS2_PLACEMENT_3D('',#15246,#12599,#12600);
#10058=AXIS2_PLACEMENT_3D('',#15248,#12602,#12603);
#10059=AXIS2_PLACEMENT_3D('',#15250,#12604,#12605);
#10060=AXIS2_PLACEMENT_3D('',#15258,#12609,#12610);
#10061=AXIS2_PLACEMENT_3D('',#15264,#12614,#12615);
#10062=AXIS2_PLACEMENT_3D('',#15268,#12618,#12619);
#10063=AXIS2_PLACEMENT_3D('',#15272,#12622,#12623);
#10064=AXIS2_PLACEMENT_3D('',#15276,#12626,#12627);
#10065=AXIS2_PLACEMENT_3D('',#15278,#12628,#12629);
#10066=AXIS2_PLACEMENT_3D('',#15280,#12631,#12632);
#10067=AXIS2_PLACEMENT_3D('',#15284,#12635,#12636);
#10068=AXIS2_PLACEMENT_3D('',#15288,#12639,#12640);
#10069=AXIS2_PLACEMENT_3D('',#15292,#12643,#12644);
#10070=AXIS2_PLACEMENT_3D('',#15293,#12645,#12646);
#10071=AXIS2_PLACEMENT_3D('',#15294,#12647,#12648);
#10072=AXIS2_PLACEMENT_3D('',#15295,#12649,#12650);
#10073=DIRECTION('axis',(0.,0.,1.));
#10074=DIRECTION('refdir',(1.,0.,0.));
#10075=DIRECTION('axis',(0.,0.,1.));
#10076=DIRECTION('refdir',(1.,0.,0.));
#10077=DIRECTION('center_axis',(-0.707106781186548,5.08452743523542E-30,
0.707106781186547));
#10078=DIRECTION('ref_axis',(0.707106781186547,0.,0.707106781186548));
#10079=DIRECTION('',(0.707106781186547,0.,0.707106781186548));
#10080=DIRECTION('',(7.19060765716801E-30,1.,-5.67214704509062E-60));
#10081=DIRECTION('',(-0.707106781186547,0.,-0.707106781186548));
#10082=DIRECTION('',(-7.19060765716801E-30,-1.,5.67214704509062E-60));
#10083=DIRECTION('center_axis',(0.,0.,1.));
#10084=DIRECTION('ref_axis',(0.707106781186552,-0.707106781186543,9.95529638658196E-17));
#10085=DIRECTION('',(0.,-0.707106781186541,0.707106781186554));
#10086=DIRECTION('center_axis',(7.88860905221012E-31,-2.42220432067513E-64,
1.));
#10087=DIRECTION('ref_axis',(0.707106781186552,-0.707106781186543,-5.68890075880543E-31));
#10088=DIRECTION('center_axis',(-7.88860905221012E-31,2.42220432067513E-64,
-1.));
#10089=DIRECTION('ref_axis',(0.707106781186552,-0.707106781186543,2.28971816891385E-16));
#10090=DIRECTION('center_axis',(5.57808895494746E-31,0.707106781186534,
0.707106781186561));
#10091=DIRECTION('ref_axis',(1.,0.,-7.88860905221012E-31));
#10092=DIRECTION('',(0.,-0.707106781186561,0.707106781186534));
#10093=DIRECTION('',(1.,0.,-7.88860905221012E-31));
#10094=DIRECTION('',(-1.,0.,7.88860905221012E-31));
#10095=DIRECTION('center_axis',(0.,0.,1.));
#10096=DIRECTION('ref_axis',(-0.707106781186551,-0.707106781186544,-9.95529638658198E-17));
#10097=DIRECTION('',(-0.70710678118654,0.,0.707106781186555));
#10098=DIRECTION('center_axis',(7.88860905221012E-31,-2.42220432067513E-64,
1.));
#10099=DIRECTION('ref_axis',(-0.707106781186551,-0.707106781186544,5.68890075880543E-31));
#10100=DIRECTION('center_axis',(-7.88860905221012E-31,2.42220432067513E-64,
-1.));
#10101=DIRECTION('ref_axis',(-0.707106781186551,-0.707106781186544,-2.28971816891385E-16));
#10102=DIRECTION('center_axis',(0.707106781186548,-5.08452743523542E-30,
0.707106781186547));
#10103=DIRECTION('ref_axis',(0.707106781186547,0.,-0.707106781186548));
#10104=DIRECTION('',(-0.707106781186547,0.,0.707106781186548));
#10105=DIRECTION('',(-7.19060765716801E-30,-1.,5.67214704509062E-60));
#10106=DIRECTION('',(7.19060765716801E-30,1.,-5.67214704509062E-60));
#10107=DIRECTION('center_axis',(0.,0.,1.));
#10108=DIRECTION('ref_axis',(-0.707106781186551,0.707106781186544,-9.95529638658198E-17));
#10109=DIRECTION('',(0.,0.70710678118654,0.707106781186555));
#10110=DIRECTION('center_axis',(7.88860905221012E-31,-2.42220432067513E-64,
1.));
#10111=DIRECTION('ref_axis',(-0.707106781186551,0.707106781186544,5.68890075880543E-31));
#10112=DIRECTION('center_axis',(-7.88860905221012E-31,2.42220432067513E-64,
-1.));
#10113=DIRECTION('ref_axis',(-0.707106781186551,0.707106781186544,-2.28971816891385E-16));
#10114=DIRECTION('center_axis',(8.38543597043607E-20,-0.707106781186534,
0.707106781186561));
#10115=DIRECTION('ref_axis',(1.,0.,-1.18587972758017E-19));
#10116=DIRECTION('',(0.,0.707106781186561,0.707106781186534));
#10117=DIRECTION('',(-1.,-1.18587972757232E-19,7.88860905221012E-31));
#10118=DIRECTION('',(1.,1.18587972757232E-19,-7.88860905221012E-31));
#10119=DIRECTION('center_axis',(0.,0.,1.));
#10120=DIRECTION('ref_axis',(0.707106781186552,0.707106781186543,9.95529638658196E-17));
#10121=DIRECTION('center_axis',(7.88860905221012E-31,-2.42220432067513E-64,
1.));
#10122=DIRECTION('ref_axis',(0.707106781186552,0.707106781186543,-5.68890075880543E-31));
#10123=DIRECTION('center_axis',(-7.88860905221012E-31,2.42220432067513E-64,
-1.));
#10124=DIRECTION('ref_axis',(0.707106781186552,0.707106781186543,2.28971816891385E-16));
#10125=DIRECTION('center_axis',(-3.31409858097062E-16,0.,1.));
#10126=DIRECTION('ref_axis',(-0.707106781186551,-0.707106781186544,-2.28971816891385E-16));
#10127=DIRECTION('',(3.31409858097062E-16,0.,-1.));
#10128=DIRECTION('center_axis',(7.88860905221012E-31,-2.42220432067513E-64,
1.));
#10129=DIRECTION('ref_axis',(-0.707106781186551,-0.707106781186544,-2.28971816891385E-16));
#10130=DIRECTION('',(-3.31409858097062E-16,0.,1.));
#10131=DIRECTION('center_axis',(0.,1.,0.));
#10132=DIRECTION('ref_axis',(-1.,0.,0.));
#10133=DIRECTION('',(-3.31409858097062E-16,0.,1.));
#10134=DIRECTION('',(1.,0.,-7.88860905221012E-31));
#10135=DIRECTION('center_axis',(3.31409858097062E-16,0.,-1.));
#10136=DIRECTION('ref_axis',(0.707106781186552,-0.707106781186543,2.28971816891385E-16));
#10137=DIRECTION('',(3.31409858097062E-16,0.,-1.));
#10138=DIRECTION('center_axis',(7.88860905221012E-31,-2.42220432067513E-64,
1.));
#10139=DIRECTION('ref_axis',(0.707106781186552,-0.707106781186543,2.28971816891385E-16));
#10140=DIRECTION('center_axis',(-1.,7.19060765716801E-30,-3.31409858097062E-16));
#10141=DIRECTION('ref_axis',(-7.20268065084924E-30,-1.,3.64291929955117E-17));
#10142=DIRECTION('',(-3.31409858097062E-16,3.38813178901411E-21,1.));
#10143=DIRECTION('',(7.19060765716801E-30,1.,-5.67214704509062E-60));
#10144=DIRECTION('center_axis',(7.88860905221012E-31,-2.42220432067513E-64,
1.));
#10145=DIRECTION('ref_axis',(1.,0.,-7.88860905221012E-31));
#10146=DIRECTION('',(1.89871755560561E-15,1.,-1.49782404967407E-45));
#10147=DIRECTION('center_axis',(7.88860905221012E-31,-2.42220432067513E-64,
1.));
#10148=DIRECTION('ref_axis',(0.88191705938233,-0.471404603679709,-6.95709889794198E-31));
#10149=DIRECTION('center_axis',(-7.88860905221012E-31,2.42220432067513E-64,
-1.));
#10150=DIRECTION('ref_axis',(-1.,-1.91078229303803E-94,7.88860905221012E-31));
#10151=DIRECTION('',(-2.7E-8,1.,2.12992444409673E-38));
#10152=DIRECTION('center_axis',(-7.88860905221012E-31,2.42220432067513E-64,
-1.));
#10153=DIRECTION('ref_axis',(-1.,-1.91078229303803E-94,7.88860905221012E-31));
#10154=DIRECTION('',(-1.,0.,7.88860905221012E-31));
#10155=DIRECTION('center_axis',(-7.88860905221012E-31,2.42220432067513E-64,
-1.));
#10156=DIRECTION('ref_axis',(1.,1.91078229303803E-94,-7.88860905221012E-31));
#10157=DIRECTION('',(-2.7E-8,-1.,2.12992444409673E-38));
#10158=DIRECTION('center_axis',(-7.88860905221012E-31,2.42220432067513E-64,
-1.));
#10159=DIRECTION('ref_axis',(1.,1.91078229303803E-94,-7.88860905221012E-31));
#10160=DIRECTION('center_axis',(7.88860905221012E-31,-2.42220432067513E-64,
1.));
#10161=DIRECTION('ref_axis',(-0.881917059382331,-0.471404603679708,6.95709889794198E-31));
#10162=DIRECTION('',(-7.19065558416855E-30,-1.,5.67218485282766E-60));
#10163=DIRECTION('center_axis',(7.88860905221012E-31,-2.42220432067513E-64,
1.));
#10164=DIRECTION('ref_axis',(-0.881917103688191,0.471404520791042,1.01136013489873E-30));
#10165=DIRECTION('center_axis',(-7.88860905221012E-31,2.42220432067513E-64,
-1.));
#10166=DIRECTION('ref_axis',(1.,1.18587972757232E-19,-1.31476817536832E-30));
#10167=DIRECTION('',(-2.69999999998814E-8,-1.,2.12992444408738E-38));
#10168=DIRECTION('center_axis',(-7.88860905221012E-31,2.42220432067513E-64,
-1.));
#10169=DIRECTION('ref_axis',(1.,1.18587972757232E-19,-1.31476817536838E-30));
#10170=DIRECTION('',(1.,1.18587972757232E-19,-7.88860905221012E-31));
#10171=DIRECTION('center_axis',(-7.88860905221012E-31,2.42220432067513E-64,
-1.));
#10172=DIRECTION('ref_axis',(-1.,-1.18587972757232E-19,1.31476817536837E-30));
#10173=DIRECTION('',(-2.70000000001186E-8,1.,2.12992444410609E-38));
#10174=DIRECTION('center_axis',(-7.88860905221012E-31,2.42220432067513E-64,
-1.));
#10175=DIRECTION('ref_axis',(-1.,-1.18587972757232E-19,1.31476817536836E-30));
#10176=DIRECTION('center_axis',(7.88860905221012E-31,-2.42220432067513E-64,
1.));
#10177=DIRECTION('ref_axis',(0.881917103688144,0.47140452079113,-1.01136013489874E-30));
#10178=DIRECTION('',(7.19060765716801E-30,1.,-5.67214704509062E-60));
#10179=DIRECTION('center_axis',(7.88860905221012E-31,-2.42220432067513E-64,
1.));
#10180=DIRECTION('ref_axis',(0.707106781186551,-0.707106781186544,-5.68890075880543E-31));
#10181=DIRECTION('',(1.,0.,-7.88860905221012E-31));
#10182=DIRECTION('center_axis',(7.88860905221012E-31,-2.42220432067513E-64,
1.));
#10183=DIRECTION('ref_axis',(-0.707106781186551,-0.707106781186544,5.68890075880543E-31));
#10184=DIRECTION('',(-7.19213198709001E-30,-1.,5.67334952937275E-60));
#10185=DIRECTION('center_axis',(7.88860905221012E-31,-2.42220432067513E-64,
1.));
#10186=DIRECTION('ref_axis',(-0.707106781186551,0.707106781186544,5.68890075880543E-31));
#10187=DIRECTION('',(-1.,-1.18587972757232E-19,7.88860905221012E-31));
#10188=DIRECTION('center_axis',(7.88860905221012E-31,-2.42220432067513E-64,
1.));
#10189=DIRECTION('ref_axis',(0.707106781186551,0.707106781186544,-5.68890075880543E-31));
#10190=DIRECTION('',(-1.6877489383161E-15,-1.,1.33139915526584E-45));
#10191=DIRECTION('center_axis',(7.88860905221012E-31,-2.42220432067513E-64,
1.));
#10192=DIRECTION('ref_axis',(-0.707106781186551,0.707106781186544,5.68890075880543E-31));
#10193=DIRECTION('',(-1.,-1.18587972757232E-19,7.88860905221012E-31));
#10194=DIRECTION('center_axis',(7.88860905221012E-31,-2.42220432067513E-64,
1.));
#10195=DIRECTION('ref_axis',(0.707106781186551,0.707106781186544,-5.68890075880543E-31));
#10196=DIRECTION('',(1.89871755560561E-15,1.,-1.49782404967407E-45));
#10197=DIRECTION('center_axis',(7.88860905221012E-31,-2.42220432067513E-64,
1.));
#10198=DIRECTION('ref_axis',(0.707106781186551,-0.707106781186544,-5.68890075880543E-31));
#10199=DIRECTION('',(1.,0.,-7.88860905221012E-31));
#10200=DIRECTION('center_axis',(7.88860905221012E-31,-2.42220432067513E-64,
1.));
#10201=DIRECTION('ref_axis',(-0.707106781186552,-0.707106781186543,5.68890075880543E-31));
#10202=DIRECTION('center_axis',(7.88860905221012E-31,-2.42220432067513E-64,
1.));
#10203=DIRECTION('ref_axis',(-1.,-1.18587972757232E-19,-7.93854049169398E-15));
#10204=DIRECTION('',(1.,1.18587972757232E-19,-7.88860905221012E-31));
#10205=DIRECTION('center_axis',(7.88860905221012E-31,-2.42220432067513E-64,
1.));
#10206=DIRECTION('ref_axis',(1.,1.18587972757232E-19,7.93854049169398E-15));
#10207=DIRECTION('',(1.18587972757232E-19,-1.,-9.35494155375951E-50));
#10208=DIRECTION('center_axis',(7.88860905221012E-31,-2.42220432067513E-64,
1.));
#10209=DIRECTION('ref_axis',(-1.,-1.18587972757232E-19,-7.93854049169398E-15));
#10210=DIRECTION('',(1.,1.18587972757232E-19,-7.88860905221012E-31));
#10211=DIRECTION('center_axis',(7.88860905221012E-31,-2.42220432067513E-64,
1.));
#10212=DIRECTION('ref_axis',(1.,1.18587972757232E-19,7.93854049169398E-15));
#10213=DIRECTION('',(1.18587972757232E-19,-1.,-9.35494155375951E-50));
#10214=DIRECTION('center_axis',(7.88860905221012E-31,-2.42220432067513E-64,
1.));
#10215=DIRECTION('ref_axis',(-1.,0.,0.));
#10216=DIRECTION('',(1.,0.,-7.88860905221012E-31));
#10217=DIRECTION('center_axis',(7.88860905221012E-31,-2.42220432067513E-64,
1.));
#10218=DIRECTION('ref_axis',(1.,0.,0.));
#10219=DIRECTION('',(0.,-1.,-2.42220432067513E-64));
#10220=DIRECTION('center_axis',(7.88860905221012E-31,-2.42220432067513E-64,
1.));
#10221=DIRECTION('ref_axis',(-1.,0.,0.));
#10222=DIRECTION('',(1.,0.,-7.88860905221012E-31));
#10223=DIRECTION('center_axis',(7.88860905221012E-31,-2.42220432067513E-64,
1.));
#10224=DIRECTION('ref_axis',(1.,0.,0.));
#10225=DIRECTION('',(0.,-1.,-2.42220432067513E-64));
#10226=DIRECTION('',(7.19211678137816E-30,1.,-5.67333753418114E-60));
#10227=DIRECTION('center_axis',(7.88860905221012E-31,-2.42220432067513E-64,
1.));
#10228=DIRECTION('ref_axis',(0.707106781186551,-0.707106781186544,-5.68890075880543E-31));
#10229=DIRECTION('',(1.,0.,-7.88860905221012E-31));
#10230=DIRECTION('center_axis',(7.88860905221012E-31,-2.42220432067513E-64,
1.));
#10231=DIRECTION('ref_axis',(-0.707106781186551,-0.707106781186544,5.68890075880543E-31));
#10232=DIRECTION('',(-1.79323324696086E-15,-1.,1.41461160246996E-45));
#10233=DIRECTION('center_axis',(7.88860905221012E-31,-2.42220432067513E-64,
1.));
#10234=DIRECTION('ref_axis',(-0.707106781186551,0.707106781186544,5.68890075880543E-31));
#10235=DIRECTION('',(-1.,-1.18587972757232E-19,7.88860905221012E-31));
#10236=DIRECTION('center_axis',(7.88860905221012E-31,-2.42220432067513E-64,
1.));
#10237=DIRECTION('ref_axis',(0.707106781186551,0.707106781186544,-5.68890075880543E-31));
#10238=DIRECTION('center_axis',(-0.707106781186548,5.08452743523541E-30,
0.707106781186548));
#10239=DIRECTION('ref_axis',(0.707106781186548,0.,0.707106781186548));
#10240=DIRECTION('',(0.707106781186547,0.,0.707106781186547));
#10241=DIRECTION('',(-0.707106781186547,0.,-0.707106781186547));
#10242=DIRECTION('',(-7.19060765716801E-30,-1.,5.67214704509062E-60));
#10243=DIRECTION('center_axis',(0.,0.,1.));
#10244=DIRECTION('ref_axis',(0.707106781186551,-0.707106781186544,9.95529638658197E-17));
#10245=DIRECTION('',(1.74454717631535E-15,-0.707106781186536,0.707106781186559));
#10246=DIRECTION('center_axis',(-7.88860905221012E-31,2.42220432067513E-64,
-1.));
#10247=DIRECTION('ref_axis',(0.707106781186551,-0.707106781186544,2.28971816891385E-16));
#10248=DIRECTION('center_axis',(5.57808895494746E-31,0.707106781186534,
0.707106781186561));
#10249=DIRECTION('ref_axis',(1.,0.,-7.88860905221012E-31));
#10250=DIRECTION('',(0.,-0.707106781186561,0.707106781186534));
#10251=DIRECTION('',(-1.,0.,7.88860905221012E-31));
#10252=DIRECTION('center_axis',(0.,0.,1.));
#10253=DIRECTION('ref_axis',(-0.707106781186551,-0.707106781186544,-8.53311118849883E-17));
#10254=DIRECTION('',(-0.707106781186534,0.,0.707106781186561));
#10255=DIRECTION('center_axis',(-7.88860905221012E-31,2.42220432067513E-64,
-1.));
#10256=DIRECTION('ref_axis',(-0.707106781186551,-0.707106781186544,-1.96261557335473E-16));
#10257=DIRECTION('center_axis',(0.707106781186548,-5.08560529926003E-30,
0.707106781186547));
#10258=DIRECTION('ref_axis',(0.707106781186547,0.,-0.707106781186548));
#10259=DIRECTION('',(-0.707106781186547,0.,0.707106781186548));
#10260=DIRECTION('',(7.19213198709001E-30,1.,-5.67334952937275E-60));
#10261=DIRECTION('center_axis',(0.,0.,1.));
#10262=DIRECTION('ref_axis',(-0.707106781186551,0.707106781186544,-8.53311118849883E-17));
#10263=DIRECTION('',(0.,0.707106781186534,0.707106781186561));
#10264=DIRECTION('center_axis',(-7.88860905221012E-31,2.42220432067513E-64,
-1.));
#10265=DIRECTION('ref_axis',(-0.707106781186551,0.707106781186544,-1.96261557335473E-16));
#10266=DIRECTION('center_axis',(8.38543597043607E-20,-0.707106781186534,
0.707106781186561));
#10267=DIRECTION('ref_axis',(1.,0.,-1.18587972758017E-19));
#10268=DIRECTION('',(0.,0.707106781186561,0.707106781186534));
#10269=DIRECTION('',(1.,1.18587972757232E-19,-7.88860905221012E-31));
#10270=DIRECTION('center_axis',(0.,0.,1.));
#10271=DIRECTION('ref_axis',(0.707106781186551,0.707106781186544,9.95529638658197E-17));
#10272=DIRECTION('center_axis',(-7.88860905221012E-31,2.42220432067513E-64,
-1.));
#10273=DIRECTION('ref_axis',(0.707106781186551,0.707106781186544,2.28971816891385E-16));
#10274=DIRECTION('center_axis',(-2.89983625834929E-16,0.,1.));
#10275=DIRECTION('ref_axis',(-0.707106781186551,-0.707106781186544,-1.96261557335473E-16));
#10276=DIRECTION('',(2.89983625834929E-16,0.,-1.));
#10277=DIRECTION('center_axis',(7.88860905221012E-31,-2.42220432067513E-64,
1.));
#10278=DIRECTION('ref_axis',(-0.707106781186551,-0.707106781186544,-1.96261557335473E-16));
#10279=DIRECTION('',(-2.89983625834929E-16,0.,1.));
#10280=DIRECTION('center_axis',(0.,1.,0.));
#10281=DIRECTION('ref_axis',(-1.,0.,0.));
#10282=DIRECTION('',(-3.31409858097062E-16,0.,1.));
#10283=DIRECTION('',(1.,0.,-7.88860905221012E-31));
#10284=DIRECTION('center_axis',(3.31409858097062E-16,0.,-1.));
#10285=DIRECTION('ref_axis',(0.707106781186551,-0.707106781186544,2.28971816891385E-16));
#10286=DIRECTION('',(3.31409858097062E-16,0.,-1.));
#10287=DIRECTION('center_axis',(7.88860905221012E-31,-2.42220432067513E-64,
1.));
#10288=DIRECTION('ref_axis',(0.707106781186551,-0.707106781186544,2.28971816891385E-16));
#10289=DIRECTION('center_axis',(-1.,7.19060765716801E-30,-3.31409858097062E-16));
#10290=DIRECTION('ref_axis',(-7.20268065084924E-30,-1.,3.64291929955117E-17));
#10291=DIRECTION('',(-3.31409858097062E-16,3.38813178901411E-21,1.));
#10292=DIRECTION('',(7.19060765716801E-30,1.,-5.67214704509062E-60));
#10293=DIRECTION('center_axis',(-0.707106781186548,5.08559454719807E-30,
0.707106781186547));
#10294=DIRECTION('ref_axis',(0.707106781186547,0.,0.707106781186548));
#10295=DIRECTION('',(0.707106781186547,0.,0.707106781186548));
#10296=DIRECTION('',(-0.707106781186547,0.,-0.707106781186548));
#10297=DIRECTION('',(-7.19211678137816E-30,-1.,5.67333753418114E-60));
#10298=DIRECTION('center_axis',(0.,0.,1.));
#10299=DIRECTION('ref_axis',(0.707106781186551,-0.707106781186544,8.53311118849883E-17));
#10300=DIRECTION('',(0.,-0.707106781186531,0.707106781186564));
#10301=DIRECTION('center_axis',(-7.88860905221012E-31,2.42220432067513E-64,
-1.));
#10302=DIRECTION('ref_axis',(0.707106781186551,-0.707106781186544,1.96261557335473E-16));
#10303=DIRECTION('center_axis',(5.57808895494746E-31,0.707106781186534,
0.707106781186561));
#10304=DIRECTION('ref_axis',(1.,0.,-7.88860905221012E-31));
#10305=DIRECTION('',(0.,-0.707106781186561,0.707106781186534));
#10306=DIRECTION('',(-1.,0.,7.88860905221012E-31));
#10307=DIRECTION('center_axis',(0.,0.,1.));
#10308=DIRECTION('ref_axis',(-0.707106781186551,-0.707106781186544,-9.95529638658198E-17));
#10309=DIRECTION('',(-0.707106781186529,0.,0.707106781186566));
#10310=DIRECTION('center_axis',(-7.88860905221012E-31,2.42220432067513E-64,
-1.));
#10311=DIRECTION('ref_axis',(-0.707106781186551,-0.707106781186544,-2.28971816891385E-16));
#10312=DIRECTION('center_axis',(0.707106781186548,-1.26800738917519E-15,
0.707106781186548));
#10313=DIRECTION('ref_axis',(0.707106781186548,0.,-0.707106781186548));
#10314=DIRECTION('',(-0.707106781186547,0.,0.707106781186547));
#10315=DIRECTION('',(1.79323324696086E-15,1.,-1.41461160246996E-45));
#10316=DIRECTION('center_axis',(0.,0.,1.));
#10317=DIRECTION('ref_axis',(-0.707106781186551,0.707106781186544,-9.95529638658198E-17));
#10318=DIRECTION('',(0.,0.707106781186529,0.707106781186566));
#10319=DIRECTION('center_axis',(-7.88860905221012E-31,2.42220432067513E-64,
-1.));
#10320=DIRECTION('ref_axis',(-0.707106781186551,0.707106781186544,-2.28971816891385E-16));
#10321=DIRECTION('center_axis',(8.38543597043607E-20,-0.707106781186534,
0.707106781186561));
#10322=DIRECTION('ref_axis',(1.,0.,-1.18587972758017E-19));
#10323=DIRECTION('',(0.,0.707106781186561,0.707106781186534));
#10324=DIRECTION('',(1.,1.18587972757232E-19,-7.88860905221012E-31));
#10325=DIRECTION('center_axis',(0.,0.,1.));
#10326=DIRECTION('ref_axis',(0.707106781186551,0.707106781186544,8.53311118849883E-17));
#10327=DIRECTION('center_axis',(-7.88860905221012E-31,2.42220432067513E-64,
-1.));
#10328=DIRECTION('ref_axis',(0.707106781186551,0.707106781186544,1.96261557335473E-16));
#10329=DIRECTION('center_axis',(-3.31409858097062E-16,0.,1.));
#10330=DIRECTION('ref_axis',(-0.707106781186551,-0.707106781186544,-2.28971816891385E-16));
#10331=DIRECTION('',(3.31409858097062E-16,0.,-1.));
#10332=DIRECTION('center_axis',(7.88860905221012E-31,-2.42220432067513E-64,
1.));
#10333=DIRECTION('ref_axis',(-0.707106781186551,-0.707106781186544,-2.28971816891385E-16));
#10334=DIRECTION('',(-3.31409858097062E-16,0.,1.));
#10335=DIRECTION('center_axis',(0.,1.,0.));
#10336=DIRECTION('ref_axis',(-1.,0.,0.));
#10337=DIRECTION('',(-2.89983625834929E-16,0.,1.));
#10338=DIRECTION('',(1.,0.,-7.88860905221012E-31));
#10339=DIRECTION('center_axis',(2.89983625834929E-16,0.,-1.));
#10340=DIRECTION('ref_axis',(0.707106781186551,-0.707106781186544,1.96261557335473E-16));
#10341=DIRECTION('',(2.89983625834929E-16,0.,-1.));
#10342=DIRECTION('center_axis',(7.88860905221012E-31,-2.42220432067513E-64,
1.));
#10343=DIRECTION('ref_axis',(0.707106781186551,-0.707106781186544,1.96261557335473E-16));
#10344=DIRECTION('center_axis',(-1.,7.19211678137816E-30,-2.89983625834929E-16));
#10345=DIRECTION('ref_axis',(-7.20268065084924E-30,-1.,3.64291929955117E-17));
#10346=DIRECTION('',(-2.89983625834929E-16,3.38813178901411E-21,1.));
#10347=DIRECTION('',(7.19211678137816E-30,1.,-5.67333753418114E-60));
#10348=DIRECTION('center_axis',(0.707106781186548,-1.19341871922371E-15,
0.707106781186547));
#10349=DIRECTION('ref_axis',(0.707106781186547,0.,-0.707106781186548));
#10350=DIRECTION('',(-0.707106781186548,0.,0.707106781186547));
#10351=DIRECTION('',(0.707106781186545,0.,-0.70710678118655));
#10352=DIRECTION('',(1.6877489383161E-15,1.,-1.33139915526584E-45));
#10353=DIRECTION('center_axis',(0.,0.,1.));
#10354=DIRECTION('ref_axis',(-0.707106781186551,0.707106781186544,-1.06663889856236E-16));
#10355=DIRECTION('',(0.,0.707106781186524,0.707106781186571));
#10356=DIRECTION('center_axis',(-7.88860905221012E-31,2.42220432067513E-64,
-1.));
#10357=DIRECTION('ref_axis',(-0.707106781186551,0.707106781186544,-2.45326946669341E-16));
#10358=DIRECTION('center_axis',(8.38543597043607E-20,-0.707106781186534,
0.707106781186561));
#10359=DIRECTION('ref_axis',(1.,0.,-1.18587972758017E-19));
#10360=DIRECTION('',(0.,0.707106781186561,0.707106781186534));
#10361=DIRECTION('',(1.,1.18587972757232E-19,-7.88860905221012E-31));
#10362=DIRECTION('center_axis',(0.,0.,1.));
#10363=DIRECTION('ref_axis',(0.707106781186551,0.707106781186544,9.95529638658198E-17));
#10364=DIRECTION('',(0.707106781186526,0.,0.707106781186569));
#10365=DIRECTION('center_axis',(-7.88860905221012E-31,2.42220432067513E-64,
-1.));
#10366=DIRECTION('ref_axis',(0.707106781186551,0.707106781186544,2.28971816891385E-16));
#10367=DIRECTION('center_axis',(-0.70710678118655,1.34259605912668E-15,
0.707106781186545));
#10368=DIRECTION('ref_axis',(0.707106781186545,0.,0.70710678118655));
#10369=DIRECTION('',(0.707106781186545,0.,0.70710678118655));
#10370=DIRECTION('',(-1.89871755560561E-15,-1.,1.49782404967407E-45));
#10371=DIRECTION('center_axis',(0.,0.,1.));
#10372=DIRECTION('ref_axis',(0.707106781186551,-0.707106781186544,9.95529638658198E-17));
#10373=DIRECTION('',(0.,-0.707106781186526,0.707106781186569));
#10374=DIRECTION('center_axis',(-7.88860905221012E-31,2.42220432067513E-64,
-1.));
#10375=DIRECTION('ref_axis',(0.707106781186551,-0.707106781186544,2.28971816891385E-16));
#10376=DIRECTION('center_axis',(5.57808895494746E-31,0.707106781186534,
0.707106781186561));
#10377=DIRECTION('ref_axis',(1.,0.,-7.88860905221012E-31));
#10378=DIRECTION('',(0.,-0.707106781186561,0.707106781186534));
#10379=DIRECTION('',(-1.,0.,7.88860905221012E-31));
#10380=DIRECTION('center_axis',(0.,0.,1.));
#10381=DIRECTION('ref_axis',(-0.707106781186552,-0.707106781186543,-1.06663889856235E-16));
#10382=DIRECTION('center_axis',(-7.88860905221012E-31,2.42220432067513E-64,
-1.));
#10383=DIRECTION('ref_axis',(-0.707106781186552,-0.707106781186543,-2.45326946669341E-16));
#10384=DIRECTION('center_axis',(-3.31409858097062E-16,3.38813178901411E-21,
1.));
#10385=DIRECTION('ref_axis',(0.707106781186551,0.707106781186544,2.28971816891385E-16));
#10386=DIRECTION('',(3.31409858097062E-16,-3.38813178901411E-21,-1.));
#10387=DIRECTION('center_axis',(7.88860905221012E-31,-2.42220432067513E-64,
1.));
#10388=DIRECTION('ref_axis',(0.707106781186551,0.707106781186544,2.28971816891385E-16));
#10389=DIRECTION('',(-3.31409858097062E-16,3.38813178901411E-21,1.));
#10390=DIRECTION('center_axis',(-1.18587972757232E-19,1.,-3.38813178901415E-21));
#10391=DIRECTION('ref_axis',(-1.,-1.18587972757232E-19,-7.93854049169398E-15));
#10392=DIRECTION('',(-3.31409858097062E-16,3.38813178901411E-21,1.));
#10393=DIRECTION('',(-1.,-1.18587972757232E-19,7.88860905221012E-31));
#10394=DIRECTION('center_axis',(3.31409858097062E-16,-3.38813178901411E-21,
-1.));
#10395=DIRECTION('ref_axis',(-0.707106781186551,0.707106781186544,-2.45326946669341E-16));
#10396=DIRECTION('',(3.31409858097062E-16,-3.38813178901411E-21,-1.));
#10397=DIRECTION('center_axis',(7.88860905221012E-31,-2.42220432067513E-64,
1.));
#10398=DIRECTION('ref_axis',(-0.707106781186551,0.707106781186544,-2.45326946669341E-16));
#10399=DIRECTION('center_axis',(1.,-1.6877489383161E-15,3.31409858097062E-16));
#10400=DIRECTION('ref_axis',(1.6877489383161E-15,1.,-3.64291929955112E-17));
#10401=DIRECTION('',(-3.31409858097062E-16,0.,1.));
#10402=DIRECTION('',(-1.6877489383161E-15,-1.,1.33139915526584E-45));
#10403=DIRECTION('center_axis',(-0.70710678118655,1.34259605912668E-15,
0.707106781186545));
#10404=DIRECTION('ref_axis',(0.707106781186545,0.,0.70710678118655));
#10405=DIRECTION('',(0.707106781186547,0.,0.707106781186548));
#10406=DIRECTION('',(-0.707106781186545,0.,-0.70710678118655));
#10407=DIRECTION('',(-1.89871755560561E-15,-1.,1.49782404967407E-45));
#10408=DIRECTION('center_axis',(0.,0.,1.));
#10409=DIRECTION('ref_axis',(0.88191705938233,-0.471404603679709,-3.93227329014112E-31));
#10410=DIRECTION('',(0.392836990140946,-0.587944809635202,0.707106781186568));
#10411=DIRECTION('center_axis',(-7.88860905221012E-31,2.42220432067513E-64,
-1.));
#10412=DIRECTION('ref_axis',(0.88191705938233,-0.471404603679709,0.));
#10413=DIRECTION('center_axis',(0.,0.,-1.));
#10414=DIRECTION('ref_axis',(-1.,-7.34916266553094E-95,3.03408040469622E-31));
#10415=DIRECTION('',(0.70710678118654,1.88561823918089E-8,0.707106781186555));
#10416=DIRECTION('center_axis',(7.88860905221012E-31,-2.42220432067513E-64,
1.));
#10417=DIRECTION('ref_axis',(-1.,0.,0.));
#10418=DIRECTION('center_axis',(-0.707106781186548,-1.90918830920368E-8,
0.707106781186547));
#10419=DIRECTION('ref_axis',(0.707106781186547,0.,0.707106781186548));
#10420=DIRECTION('',(0.70710678140249,1.90918776876871E-8,0.707106780970605));
#10421=DIRECTION('',(2.7E-8,-1.,-2.12992444409673E-38));
#10422=DIRECTION('center_axis',(0.,0.,-1.));
#10423=DIRECTION('ref_axis',(-1.,-7.34916266553089E-95,3.03408040469621E-31));
#10424=DIRECTION('',(0.,0.707106781186561,0.707106781186534));
#10425=DIRECTION('center_axis',(7.88860905221012E-31,-2.42220432067513E-64,
1.));
#10426=DIRECTION('ref_axis',(-1.,0.,0.));
#10427=DIRECTION('center_axis',(5.57808895494746E-31,-0.707106781186534,
0.707106781186561));
#10428=DIRECTION('ref_axis',(1.,0.,-7.88860905221012E-31));
#10429=DIRECTION('',(0.,0.707106781186561,0.707106781186534));
#10430=DIRECTION('',(1.,0.,-7.88860905221012E-31));
#10431=DIRECTION('center_axis',(0.,0.,-1.));
#10432=DIRECTION('ref_axis',(1.,7.34916266553089E-95,-3.03408040469621E-31));
#10433=DIRECTION('',(-0.707106781186543,1.88561823918088E-8,0.707106781186552));
#10434=DIRECTION('center_axis',(7.88860905221012E-31,-2.42220432067513E-64,
1.));
#10435=DIRECTION('ref_axis',(1.,0.,0.));
#10436=DIRECTION('center_axis',(0.707106781186552,-1.90918830920369E-8,
0.707106781186543));
#10437=DIRECTION('ref_axis',(0.707106781186543,0.,-0.707106781186552));
#10438=DIRECTION('',(-0.707106780970596,1.90918776993482E-8,0.707106781402499));
#10439=DIRECTION('',(2.7E-8,1.,-2.12992444409673E-38));
#10440=DIRECTION('center_axis',(0.,0.,-1.));
#10441=DIRECTION('ref_axis',(1.,7.34916266553094E-95,-3.03408040469622E-31));
#10442=DIRECTION('',(-0.392836990140952,-0.5879448096352,0.707106781186566));
#10443=DIRECTION('center_axis',(7.88860905221012E-31,-2.42220432067513E-64,
1.));
#10444=DIRECTION('ref_axis',(1.,0.,0.));
#10445=DIRECTION('center_axis',(0.,0.,1.));
#10446=DIRECTION('ref_axis',(-0.881917059382331,-0.471404603679708,3.93227329014112E-31));
#10447=DIRECTION('',(-0.707106781186548,0.,0.707106781186547));
#10448=DIRECTION('center_axis',(-7.88860905221012E-31,2.42220432067513E-64,
-1.));
#10449=DIRECTION('ref_axis',(-0.881917059382331,-0.471404603679708,0.));
#10450=DIRECTION('center_axis',(0.707106781186548,-5.0845613247425E-30,
0.707106781186547));
#10451=DIRECTION('ref_axis',(0.707106781186547,0.,-0.707106781186548));
#10452=DIRECTION('',(-0.707106781186547,0.,0.707106781186548));
#10453=DIRECTION('',(7.19065558416855E-30,1.,-5.67218485282766E-60));
#10454=DIRECTION('center_axis',(0.,0.,1.));
#10455=DIRECTION('ref_axis',(-0.881917103688191,0.471404520791042,-3.04456080797598E-15));
#10456=DIRECTION('',(-0.392837100659345,0.587944735792324,0.707106781186303));
#10457=DIRECTION('center_axis',(-7.88860905221012E-31,2.42220432067513E-64,
-1.));
#10458=DIRECTION('ref_axis',(-0.881917103688191,0.471404520791042,-7.00248985834477E-15));
#10459=DIRECTION('center_axis',(0.,0.,-1.));
#10460=DIRECTION('ref_axis',(1.,1.18587972757232E-19,4.88525568719625E-15));
#10461=DIRECTION('',(-0.707106781186783,1.88561823918157E-8,0.707106781186312));
#10462=DIRECTION('center_axis',(7.88860905221012E-31,-2.42220432067513E-64,
1.));
#10463=DIRECTION('ref_axis',(1.,1.18587972757232E-19,7.93854049169398E-15));
#10464=DIRECTION('center_axis',(0.707106781186545,-1.90918830919528E-8,
0.70710678118655));
#10465=DIRECTION('ref_axis',(0.70710678118655,0.,-0.707106781186545));
#10466=DIRECTION('',(-0.707106780970607,1.9091877699348E-8,0.707106781402488));
#10467=DIRECTION('',(2.69999999998814E-8,1.,-2.12992444408738E-38));
#10468=DIRECTION('center_axis',(0.,0.,-1.));
#10469=DIRECTION('ref_axis',(1.,1.18587972757232E-19,4.88525568719633E-15));
#10470=DIRECTION('',(0.,-0.707106781186782,0.707106781186313));
#10471=DIRECTION('center_axis',(7.88860905221012E-31,-2.42220432067513E-64,
1.));
#10472=DIRECTION('ref_axis',(1.,1.18587972757232E-19,7.93854049169398E-15));
#10473=DIRECTION('center_axis',(-8.38543597032451E-20,0.707106781186534,
0.707106781186561));
#10474=DIRECTION('ref_axis',(1.,0.,1.18587972756439E-19));
#10475=DIRECTION('',(0.,-0.707106781186561,0.707106781186534));
#10476=DIRECTION('',(-1.,-1.18587972757232E-19,7.88860905221012E-31));
#10477=DIRECTION('center_axis',(0.,0.,-1.));
#10478=DIRECTION('ref_axis',(-1.,-1.18587972757232E-19,-4.88525568719632E-15));
#10479=DIRECTION('',(0.707106781186304,1.88561823918018E-8,0.707106781186791));
#10480=DIRECTION('center_axis',(7.88860905221012E-31,-2.42220432067513E-64,
1.));
#10481=DIRECTION('ref_axis',(-1.,-1.18587972757232E-19,-7.93854049169398E-15));
#10482=DIRECTION('center_axis',(-0.707106781186555,-1.90918830921208E-8,
0.70710678118654));
#10483=DIRECTION('ref_axis',(0.70710678118654,0.,0.707106781186555));
#10484=DIRECTION('',(0.707106781402483,1.90918776876873E-8,0.707106780970612));
#10485=DIRECTION('',(2.70000000001186E-8,-1.,-2.12992444410609E-38));
#10486=DIRECTION('center_axis',(0.,0.,-1.));
#10487=DIRECTION('ref_axis',(-1.,-1.18587972757232E-19,-4.88525568719631E-15));
#10488=DIRECTION('',(0.392837100658915,0.58794473579201,0.707106781186802));
#10489=DIRECTION('center_axis',(7.88860905221012E-31,-2.42220432067513E-64,
1.));
#10490=DIRECTION('ref_axis',(-1.,-1.18587972757232E-19,-7.93854049169398E-15));
#10491=DIRECTION('center_axis',(0.,0.,1.));
#10492=DIRECTION('ref_axis',(0.881917103688144,0.47140452079113,3.04456080797622E-15));
#10493=DIRECTION('center_axis',(-7.88860905221012E-31,2.42220432067513E-64,
-1.));
#10494=DIRECTION('ref_axis',(0.881917103688144,0.47140452079113,7.00248985834528E-15));
#10495=DIRECTION('center_axis',(0.,0.,-1.));
#10496=DIRECTION('ref_axis',(-0.881917059382331,-0.471404603679708,0.));
#10497=DIRECTION('',(0.,0.,-1.));
#10498=DIRECTION('center_axis',(7.88860905221012E-31,-2.42220432067513E-64,
1.));
#10499=DIRECTION('ref_axis',(-0.881917059382331,-0.471404603679708,0.));
#10500=DIRECTION('',(-3.31409858097062E-16,2.38305414677414E-45,1.));
#10501=DIRECTION('center_axis',(0.,0.,1.));
#10502=DIRECTION('ref_axis',(1.,0.,0.));
#10503=DIRECTION('',(0.,0.,1.));
#10504=DIRECTION('center_axis',(-7.88860905221012E-31,2.42220432067513E-64,
-1.));
#10505=DIRECTION('ref_axis',(1.,0.,0.));
#10506=DIRECTION('center_axis',(1.,-2.7E-8,0.));
#10507=DIRECTION('ref_axis',(2.7E-8,1.,0.));
#10508=DIRECTION('',(0.,0.,-1.));
#10509=DIRECTION('',(-2.7E-8,-1.,2.12992444409673E-38));
#10510=DIRECTION('center_axis',(0.,0.,1.));
#10511=DIRECTION('ref_axis',(1.,0.,0.));
#10512=DIRECTION('',(0.,0.,1.));
#10513=DIRECTION('center_axis',(-7.88860905221012E-31,2.42220432067513E-64,
-1.));
#10514=DIRECTION('ref_axis',(1.,0.,0.));
#10515=DIRECTION('center_axis',(0.,1.,0.));
#10516=DIRECTION('ref_axis',(-1.,0.,0.));
#10517=DIRECTION('',(0.,0.,-1.));
#10518=DIRECTION('',(-1.,0.,7.88860905221012E-31));
#10519=DIRECTION('center_axis',(0.,0.,-1.));
#10520=DIRECTION('ref_axis',(-1.,0.,0.));
#10521=DIRECTION('',(0.,0.,1.));
#10522=DIRECTION('center_axis',(-7.88860905221012E-31,2.42220432067513E-64,
-1.));
#10523=DIRECTION('ref_axis',(-1.,0.,0.));
#10524=DIRECTION('center_axis',(-1.,-2.7E-8,0.));
#10525=DIRECTION('ref_axis',(2.7E-8,-1.,0.));
#10526=DIRECTION('',(0.,0.,-1.));
#10527=DIRECTION('',(-2.7E-8,1.,2.12992444409673E-38));
#10528=DIRECTION('center_axis',(0.,0.,-1.));
#10529=DIRECTION('ref_axis',(-1.,0.,0.));
#10530=DIRECTION('',(0.,0.,1.));
#10531=DIRECTION('center_axis',(-7.88860905221012E-31,2.42220432067513E-64,
-1.));
#10532=DIRECTION('ref_axis',(-1.,0.,0.));
#10533=DIRECTION('center_axis',(0.,0.,1.));
#10534=DIRECTION('ref_axis',(0.88191705938233,-0.471404603679709,0.));
#10535=DIRECTION('',(3.31409858097062E-16,-6.29253715669656E-31,-1.));
#10536=DIRECTION('center_axis',(7.88860905221012E-31,-2.42220432067513E-64,
1.));
#10537=DIRECTION('ref_axis',(0.88191705938233,-0.471404603679709,0.));
#10538=DIRECTION('center_axis',(-1.,1.89871755560561E-15,-3.31409858097062E-16));
#10539=DIRECTION('ref_axis',(-1.89871755560561E-15,-1.,3.56408291287171E-17));
#10540=DIRECTION('',(-3.31409858097061E-16,3.38813177456941E-21,1.));
#10541=DIRECTION('',(1.89871755560561E-15,1.,-1.49782404967407E-45));
#10542=DIRECTION('center_axis',(-0.707106781186546,1.34259605912667E-15,
-0.707106781186549));
#10543=DIRECTION('ref_axis',(-0.707106781186549,0.,0.707106781186546));
#10544=DIRECTION('',(0.707106781186549,0.,-0.707106781186546));
#10545=DIRECTION('',(-1.89871755560561E-15,-1.,1.49782404967407E-45));
#10546=DIRECTION('',(-0.707106781186547,0.,0.707106781186548));
#10547=DIRECTION('',(1.89871755560561E-15,1.,-1.49782404967407E-45));
#10548=DIRECTION('center_axis',(0.,0.,-1.));
#10549=DIRECTION('ref_axis',(0.707106781186551,0.707106781186544,9.95529638658198E-17));
#10550=DIRECTION('',(0.,0.707106781186539,-0.707106781186556));
#10551=DIRECTION('center_axis',(-7.88860905221012E-31,2.42220432067513E-64,
-1.));
#10552=DIRECTION('ref_axis',(0.707106781186551,0.707106781186544,-5.68890075880543E-31));
#10553=DIRECTION('center_axis',(8.3854359703245E-20,-0.707106781186534,
-0.707106781186561));
#10554=DIRECTION('ref_axis',(-1.,0.,-1.18587972756439E-19));
#10555=DIRECTION('',(0.,0.707106781186561,-0.707106781186534));
#10556=DIRECTION('',(1.,1.18587972757232E-19,-7.88860905221012E-31));
#10557=DIRECTION('center_axis',(0.,0.,-1.));
#10558=DIRECTION('ref_axis',(-0.707106781186551,0.707106781186544,-1.06663889856236E-16));
#10559=DIRECTION('',(-0.707106781186541,0.,-0.707106781186554));
#10560=DIRECTION('center_axis',(-7.88860905221012E-31,2.42220432067513E-64,
-1.));
#10561=DIRECTION('ref_axis',(-0.707106781186551,0.707106781186544,5.68890075880543E-31));
#10562=DIRECTION('center_axis',(0.707106781186548,-1.19341871922371E-15,
-0.707106781186547));
#10563=DIRECTION('ref_axis',(-0.707106781186547,0.,-0.707106781186548));
#10564=DIRECTION('',(-0.707106781186545,0.,-0.70710678118655));
#10565=DIRECTION('',(1.6877489383161E-15,1.,-1.33139915526584E-45));
#10566=DIRECTION('center_axis',(0.,0.,-1.));
#10567=DIRECTION('ref_axis',(-0.707106781186552,-0.707106781186543,-1.06663889856235E-16));
#10568=DIRECTION('',(0.,-0.707106781186541,-0.707106781186554));
#10569=DIRECTION('center_axis',(-7.88860905221012E-31,2.42220432067513E-64,
-1.));
#10570=DIRECTION('ref_axis',(-0.707106781186552,-0.707106781186543,5.68890075880543E-31));
#10571=DIRECTION('center_axis',(7.88860905221012E-31,-2.42220432067513E-64,
1.));
#10572=DIRECTION('ref_axis',(-0.707106781186552,-0.707106781186543,-2.45326946669341E-16));
#10573=DIRECTION('center_axis',(-5.57808895494746E-31,0.707106781186534,
-0.707106781186561));
#10574=DIRECTION('ref_axis',(-1.,0.,7.88860905221012E-31));
#10575=DIRECTION('',(0.,-0.707106781186561,-0.707106781186534));
#10576=DIRECTION('',(-1.,0.,7.88860905221012E-31));
#10577=DIRECTION('',(1.,0.,-7.88860905221012E-31));
#10578=DIRECTION('center_axis',(0.,0.,-1.));
#10579=DIRECTION('ref_axis',(0.707106781186551,-0.707106781186544,9.95529638658198E-17));
#10580=DIRECTION('center_axis',(-7.88860905221012E-31,2.42220432067513E-64,
-1.));
#10581=DIRECTION('ref_axis',(0.707106781186551,-0.707106781186544,-5.68890075880543E-31));
#10582=DIRECTION('center_axis',(7.88860905221012E-31,-2.42220432067513E-64,
1.));
#10583=DIRECTION('ref_axis',(0.707106781186551,-0.707106781186544,2.28971816891385E-16));
#10584=DIRECTION('center_axis',(-1.,1.89871755560561E-15,-3.31409858097062E-16));
#10585=DIRECTION('ref_axis',(-1.89871755560561E-15,-1.,3.64291929955111E-17));
#10586=DIRECTION('',(3.31409858097062E-16,0.,-1.));
#10587=DIRECTION('center_axis',(-7.88860905221012E-31,2.42220432067513E-64,
-1.));
#10588=DIRECTION('ref_axis',(-1.,0.,7.88860905221012E-31));
#10589=DIRECTION('',(7.19065558416855E-30,1.,-5.67218485282766E-60));
#10590=DIRECTION('center_axis',(-7.88860905221012E-31,2.42220432067513E-64,
-1.));
#10591=DIRECTION('ref_axis',(-0.881917059382331,-0.471404603679708,6.95709889794198E-31));
#10592=DIRECTION('center_axis',(7.88860905221012E-31,-2.42220432067513E-64,
1.));
#10593=DIRECTION('ref_axis',(1.,1.91078229303803E-94,-7.88860905221012E-31));
#10594=DIRECTION('',(2.7E-8,1.,-2.12992444409673E-38));
#10595=DIRECTION('center_axis',(7.88860905221012E-31,-2.42220432067513E-64,
1.));
#10596=DIRECTION('ref_axis',(1.,1.91078229303803E-94,-7.88860905221012E-31));
#10597=DIRECTION('',(1.,0.,-7.88860905221012E-31));
#10598=DIRECTION('center_axis',(7.88860905221012E-31,-2.42220432067513E-64,
1.));
#10599=DIRECTION('ref_axis',(-1.,-1.91078229303803E-94,7.88860905221012E-31));
#10600=DIRECTION('',(2.7E-8,-1.,-2.12992444409673E-38));
#10601=DIRECTION('center_axis',(7.88860905221012E-31,-2.42220432067513E-64,
1.));
#10602=DIRECTION('ref_axis',(-1.,-1.91078229303803E-94,7.88860905221012E-31));
#10603=DIRECTION('center_axis',(-7.88860905221012E-31,2.42220432067513E-64,
-1.));
#10604=DIRECTION('ref_axis',(0.88191705938233,-0.471404603679709,-6.95709889794198E-31));
#10605=DIRECTION('',(-1.89871755560561E-15,-1.,1.49782404967407E-45));
#10606=DIRECTION('center_axis',(-7.88860905221012E-31,2.42220432067513E-64,
-1.));
#10607=DIRECTION('ref_axis',(0.881917103688144,0.47140452079113,-1.01136013489874E-30));
#10608=DIRECTION('center_axis',(7.88860905221012E-31,-2.42220432067513E-64,
1.));
#10609=DIRECTION('ref_axis',(-1.,-1.18587972757232E-19,1.31476817536837E-30));
#10610=DIRECTION('',(2.70000000001186E-8,-1.,-2.12992444410609E-38));
#10611=DIRECTION('center_axis',(7.88860905221012E-31,-2.42220432067513E-64,
1.));
#10612=DIRECTION('ref_axis',(-1.,-1.18587972757232E-19,1.31476817536838E-30));
#10613=DIRECTION('',(-1.,-1.18587972757232E-19,7.88860905221012E-31));
#10614=DIRECTION('center_axis',(7.88860905221012E-31,-2.42220432067513E-64,
1.));
#10615=DIRECTION('ref_axis',(1.,1.18587972757232E-19,-1.31476817536837E-30));
#10616=DIRECTION('',(2.69999999998814E-8,1.,-2.12992444408738E-38));
#10617=DIRECTION('center_axis',(7.88860905221012E-31,-2.42220432067513E-64,
1.));
#10618=DIRECTION('ref_axis',(1.,1.18587972757232E-19,-1.3147681753683E-30));
#10619=DIRECTION('center_axis',(-7.88860905221012E-31,2.42220432067513E-64,
-1.));
#10620=DIRECTION('ref_axis',(-0.881917103688191,0.471404520791042,1.01136013489873E-30));
#10621=DIRECTION('',(-7.19211678137816E-30,-1.,5.67333753418114E-60));
#10622=DIRECTION('center_axis',(-7.88860905221012E-31,2.42220432067513E-64,
-1.));
#10623=DIRECTION('ref_axis',(0.707106781186551,0.707106781186544,-5.68890075880543E-31));
#10624=DIRECTION('',(1.,1.18587972757232E-19,-7.88860905221012E-31));
#10625=DIRECTION('center_axis',(-7.88860905221012E-31,2.42220432067513E-64,
-1.));
#10626=DIRECTION('ref_axis',(-0.707106781186551,0.707106781186544,5.68890075880543E-31));
#10627=DIRECTION('',(1.79323324696086E-15,1.,-1.41461160246996E-45));
#10628=DIRECTION('center_axis',(-7.88860905221012E-31,2.42220432067513E-64,
-1.));
#10629=DIRECTION('ref_axis',(-0.707106781186551,-0.707106781186544,5.68890075880543E-31));
#10630=DIRECTION('',(-1.,0.,7.88860905221012E-31));
#10631=DIRECTION('center_axis',(-7.88860905221012E-31,2.42220432067513E-64,
-1.));
#10632=DIRECTION('ref_axis',(0.707106781186551,-0.707106781186544,-5.68890075880543E-31));
#10633=DIRECTION('',(-7.19060765716801E-30,-1.,5.67214704509062E-60));
#10634=DIRECTION('center_axis',(-7.88860905221012E-31,2.42220432067513E-64,
-1.));
#10635=DIRECTION('ref_axis',(0.707106781186552,0.707106781186543,-5.68890075880543E-31));
#10636=DIRECTION('',(1.,1.18587972757232E-19,-7.88860905221012E-31));
#10637=DIRECTION('center_axis',(-7.88860905221012E-31,2.42220432067513E-64,
-1.));
#10638=DIRECTION('ref_axis',(-0.707106781186551,0.707106781186544,5.68890075880543E-31));
#10639=DIRECTION('',(7.19060765716801E-30,1.,-5.67214704509062E-60));
#10640=DIRECTION('center_axis',(-7.88860905221012E-31,2.42220432067513E-64,
-1.));
#10641=DIRECTION('ref_axis',(-0.707106781186551,-0.707106781186544,5.68890075880543E-31));
#10642=DIRECTION('',(-1.,0.,7.88860905221012E-31));
#10643=DIRECTION('center_axis',(-7.88860905221012E-31,2.42220432067513E-64,
-1.));
#10644=DIRECTION('ref_axis',(0.707106781186552,-0.707106781186543,-5.68890075880543E-31));
#10645=DIRECTION('',(-1.,0.,7.88860905221012E-31));
#10646=DIRECTION('',(-2.7E-8,-1.,2.12992444409673E-38));
#10647=DIRECTION('',(1.,0.,-7.88860905221012E-31));
#10648=DIRECTION('',(0.,-1.,-2.42220432067513E-64));
#10649=DIRECTION('',(-1.,0.,7.88860905221012E-31));
#10650=DIRECTION('',(-2.7E-8,-1.,2.12992444409673E-38));
#10651=DIRECTION('',(1.,0.,-7.88860905221012E-31));
#10652=DIRECTION('',(0.,-1.,-2.42220432067513E-64));
#10653=DIRECTION('',(-1.,0.,7.88860905221012E-31));
#10654=DIRECTION('',(-2.7E-8,-1.,2.12992444409673E-38));
#10655=DIRECTION('',(1.,0.,-7.88860905221012E-31));
#10656=DIRECTION('',(0.,-1.,-2.42220432067513E-64));
#10657=DIRECTION('',(-1.,0.,7.88860905221012E-31));
#10658=DIRECTION('',(-2.7E-8,-1.,2.12992444409673E-38));
#10659=DIRECTION('',(1.,0.,-7.88860905221012E-31));
#10660=DIRECTION('',(0.,-1.,-2.42220432067513E-64));
#10661=DIRECTION('',(-1.,0.,7.88860905221012E-31));
#10662=DIRECTION('',(-2.7E-8,-1.,2.12992444409673E-38));
#10663=DIRECTION('',(1.,0.,-7.88860905221012E-31));
#10664=DIRECTION('',(0.,-1.,-2.42220432067513E-64));
#10665=DIRECTION('',(-1.,0.,7.88860905221012E-31));
#10666=DIRECTION('',(-2.7E-8,-1.,2.12992444409673E-38));
#10667=DIRECTION('',(1.,0.,-7.88860905221012E-31));
#10668=DIRECTION('',(0.,-1.,-2.42220432067513E-64));
#10669=DIRECTION('',(-1.,0.,7.88860905221012E-31));
#10670=DIRECTION('',(-2.7E-8,-1.,2.12992444409673E-38));
#10671=DIRECTION('',(1.,0.,-7.88860905221012E-31));
#10672=DIRECTION('',(0.,-1.,-2.42220432067513E-64));
#10673=DIRECTION('',(-1.,0.,7.88860905221012E-31));
#10674=DIRECTION('',(-2.7E-8,-1.,2.12992444409673E-38));
#10675=DIRECTION('',(1.,0.,-7.88860905221012E-31));
#10676=DIRECTION('',(0.,-1.,-2.42220432067513E-64));
#10677=DIRECTION('',(-1.,0.,7.88860905221012E-31));
#10678=DIRECTION('',(-2.7E-8,-1.,2.12992444409673E-38));
#10679=DIRECTION('',(1.,0.,-7.88860905221012E-31));
#10680=DIRECTION('',(0.,-1.,-2.42220432067513E-64));
#10681=DIRECTION('',(-1.,0.,7.88860905221012E-31));
#10682=DIRECTION('',(-2.7E-8,-1.,2.12992444409673E-38));
#10683=DIRECTION('',(1.,0.,-7.88860905221012E-31));
#10684=DIRECTION('',(0.,-1.,-2.42220432067513E-64));
#10685=DIRECTION('',(-1.,0.,7.88860905221012E-31));
#10686=DIRECTION('',(-2.7E-8,-1.,2.12992444409673E-38));
#10687=DIRECTION('',(1.,0.,-7.88860905221012E-31));
#10688=DIRECTION('',(0.,-1.,-2.42220432067513E-64));
#10689=DIRECTION('',(-1.,0.,7.88860905221012E-31));
#10690=DIRECTION('',(-2.7E-8,-1.,2.12992444409673E-38));
#10691=DIRECTION('',(1.,0.,-7.88860905221012E-31));
#10692=DIRECTION('',(0.,-1.,-2.42220432067513E-64));
#10693=DIRECTION('',(-1.,0.,7.88860905221012E-31));
#10694=DIRECTION('',(-2.7E-8,-1.,2.12992444409673E-38));
#10695=DIRECTION('',(1.,0.,-7.88860905221012E-31));
#10696=DIRECTION('',(0.,-1.,-2.42220432067513E-64));
#10697=DIRECTION('',(-1.,0.,7.88860905221012E-31));
#10698=DIRECTION('',(-2.7E-8,-1.,2.12992444409673E-38));
#10699=DIRECTION('',(1.,0.,-7.88860905221012E-31));
#10700=DIRECTION('',(0.,-1.,-2.42220432067513E-64));
#10701=DIRECTION('',(-1.,0.,7.88860905221012E-31));
#10702=DIRECTION('',(-2.7E-8,-1.,2.12992444409673E-38));
#10703=DIRECTION('',(1.,0.,-7.88860905221012E-31));
#10704=DIRECTION('',(0.,-1.,-2.42220432067513E-64));
#10705=DIRECTION('',(-1.,-1.18587972757232E-19,7.88860905221012E-31));
#10706=DIRECTION('',(-2.69999999998814E-8,-1.,2.12992444408738E-38));
#10707=DIRECTION('',(1.,1.18587972757232E-19,-7.88860905221012E-31));
#10708=DIRECTION('',(1.18587972757232E-19,-1.,-9.35494155375951E-50));
#10709=DIRECTION('',(1.,1.18587972757232E-19,-7.88860905221012E-31));
#10710=DIRECTION('',(1.18587972757232E-19,-1.,-9.35494155375951E-50));
#10711=DIRECTION('',(-1.,-1.18587972757232E-19,7.88860905221012E-31));
#10712=DIRECTION('',(-2.69999999998814E-8,-1.,2.12992444408738E-38));
#10713=DIRECTION('',(-1.,-1.18587972757232E-19,7.88860905221012E-31));
#10714=DIRECTION('',(-2.69999999998814E-8,-1.,2.12992444408738E-38));
#10715=DIRECTION('',(1.,1.18587972757232E-19,-7.88860905221012E-31));
#10716=DIRECTION('',(1.18587972757232E-19,-1.,-9.35494155375951E-50));
#10717=DIRECTION('',(-1.,-1.18587972757232E-19,7.88860905221012E-31));
#10718=DIRECTION('',(-2.69999999998814E-8,-1.,2.12992444408738E-38));
#10719=DIRECTION('',(1.,1.18587972757232E-19,-7.88860905221012E-31));
#10720=DIRECTION('',(1.18587972757232E-19,-1.,-9.35494155375951E-50));
#10721=DIRECTION('',(-1.,-1.18587972757232E-19,7.88860905221012E-31));
#10722=DIRECTION('',(-2.69999999998814E-8,-1.,2.12992444408738E-38));
#10723=DIRECTION('',(1.,1.18587972757232E-19,-7.88860905221012E-31));
#10724=DIRECTION('',(1.18587972757232E-19,-1.,-9.35494155375951E-50));
#10725=DIRECTION('',(-1.,-1.18587972757232E-19,7.88860905221012E-31));
#10726=DIRECTION('',(-2.69999999998814E-8,-1.,2.12992444408738E-38));
#10727=DIRECTION('',(1.,1.18587972757232E-19,-7.88860905221012E-31));
#10728=DIRECTION('',(1.18587972757232E-19,-1.,-9.35494155375951E-50));
#10729=DIRECTION('',(-1.,-1.18587972757232E-19,7.88860905221012E-31));
#10730=DIRECTION('',(-2.69999999998814E-8,-1.,2.12992444408738E-38));
#10731=DIRECTION('',(1.,1.18587972757232E-19,-7.88860905221012E-31));
#10732=DIRECTION('',(1.18587972757232E-19,-1.,-9.35494155375951E-50));
#10733=DIRECTION('',(-1.,-1.18587972757232E-19,7.88860905221012E-31));
#10734=DIRECTION('',(-2.69999999998814E-8,-1.,2.12992444408738E-38));
#10735=DIRECTION('',(1.,1.18587972757232E-19,-7.88860905221012E-31));
#10736=DIRECTION('',(1.18587972757232E-19,-1.,-9.35494155375951E-50));
#10737=DIRECTION('',(-1.,-1.18587972757232E-19,7.88860905221012E-31));
#10738=DIRECTION('',(-2.69999999998814E-8,-1.,2.12992444408738E-38));
#10739=DIRECTION('',(1.,1.18587972757232E-19,-7.88860905221012E-31));
#10740=DIRECTION('',(1.18587972757232E-19,-1.,-9.35494155375951E-50));
#10741=DIRECTION('',(-1.,-1.18587972757232E-19,7.88860905221012E-31));
#10742=DIRECTION('',(-2.69999999998814E-8,-1.,2.12992444408738E-38));
#10743=DIRECTION('',(1.,1.18587972757232E-19,-7.88860905221012E-31));
#10744=DIRECTION('',(1.18587972757232E-19,-1.,-9.35494155375951E-50));
#10745=DIRECTION('',(-1.,-1.18587972757232E-19,7.88860905221012E-31));
#10746=DIRECTION('',(-2.69999999998814E-8,-1.,2.12992444408738E-38));
#10747=DIRECTION('',(1.,1.18587972757232E-19,-7.88860905221012E-31));
#10748=DIRECTION('',(1.18587972757232E-19,-1.,-9.35494155375951E-50));
#10749=DIRECTION('',(1.,1.18587972757232E-19,-7.88860905221012E-31));
#10750=DIRECTION('',(1.18587972757232E-19,-1.,-9.35494155375951E-50));
#10751=DIRECTION('',(-1.,-1.18587972757232E-19,7.88860905221012E-31));
#10752=DIRECTION('',(-2.69999999998814E-8,-1.,2.12992444408738E-38));
#10753=DIRECTION('',(-1.,-1.18587972757232E-19,7.88860905221012E-31));
#10754=DIRECTION('',(-2.69999999998814E-8,-1.,2.12992444408738E-38));
#10755=DIRECTION('',(1.,1.18587972757232E-19,-7.88860905221012E-31));
#10756=DIRECTION('',(1.18587972757232E-19,-1.,-9.35494155375951E-50));
#10757=DIRECTION('',(-1.,-1.18587972757232E-19,7.88860905221012E-31));
#10758=DIRECTION('',(-2.69999999998814E-8,-1.,2.12992444408738E-38));
#10759=DIRECTION('',(1.,1.18587972757232E-19,-7.88860905221012E-31));
#10760=DIRECTION('',(1.18587972757232E-19,-1.,-9.35494155375951E-50));
#10761=DIRECTION('',(-1.,-1.18587972757232E-19,7.88860905221012E-31));
#10762=DIRECTION('',(-2.69999999998814E-8,-1.,2.12992444408738E-38));
#10763=DIRECTION('',(1.,1.18587972757232E-19,-7.88860905221012E-31));
#10764=DIRECTION('',(1.18587972757232E-19,-1.,-9.35494155375951E-50));
#10765=DIRECTION('',(-7.19060765716801E-30,-1.,5.67214704509062E-60));
#10766=DIRECTION('center_axis',(-7.88860905221012E-31,2.42220432067513E-64,
-1.));
#10767=DIRECTION('ref_axis',(0.707106781186551,0.707106781186544,-5.68890075880543E-31));
#10768=DIRECTION('',(1.,1.18587972757232E-19,-7.88860905221012E-31));
#10769=DIRECTION('center_axis',(-7.88860905221012E-31,2.42220432067513E-64,
-1.));
#10770=DIRECTION('ref_axis',(-0.707106781186551,0.707106781186544,5.68890075880543E-31));
#10771=DIRECTION('',(7.19213198709001E-30,1.,-5.67334952937275E-60));
#10772=DIRECTION('center_axis',(-7.88860905221012E-31,2.42220432067513E-64,
-1.));
#10773=DIRECTION('ref_axis',(-0.707106781186551,-0.707106781186544,5.68890075880543E-31));
#10774=DIRECTION('',(-1.,0.,7.88860905221012E-31));
#10775=DIRECTION('center_axis',(-7.88860905221012E-31,2.42220432067513E-64,
-1.));
#10776=DIRECTION('ref_axis',(0.707106781186551,-0.707106781186544,-5.68890075880543E-31));
#10777=DIRECTION('center_axis',(-0.707106781186548,5.08559454719806E-30,
-0.707106781186547));
#10778=DIRECTION('ref_axis',(-0.707106781186547,0.,0.707106781186548));
#10779=DIRECTION('',(0.707106781186547,0.,-0.707106781186548));
#10780=DIRECTION('',(-0.707106781186547,0.,0.707106781186548));
#10781=DIRECTION('center_axis',(0.,0.,-1.));
#10782=DIRECTION('ref_axis',(0.707106781186551,0.707106781186544,8.53311118849883E-17));
#10783=DIRECTION('',(0.,0.707106781186534,-0.707106781186561));
#10784=DIRECTION('center_axis',(7.88860905221012E-31,-2.42220432067513E-64,
1.));
#10785=DIRECTION('ref_axis',(0.707106781186551,0.707106781186544,1.96261557335473E-16));
#10786=DIRECTION('center_axis',(8.3854359703245E-20,-0.707106781186534,
-0.707106781186561));
#10787=DIRECTION('ref_axis',(-1.,0.,-1.18587972756439E-19));
#10788=DIRECTION('',(0.,0.707106781186561,-0.707106781186534));
#10789=DIRECTION('',(-1.,-1.18587972757232E-19,7.88860905221012E-31));
#10790=DIRECTION('center_axis',(0.,0.,-1.));
#10791=DIRECTION('ref_axis',(-0.707106781186551,0.707106781186544,-9.95529638658198E-17));
#10792=DIRECTION('',(-0.707106781186536,0.,-0.707106781186559));
#10793=DIRECTION('center_axis',(7.88860905221012E-31,-2.42220432067513E-64,
1.));
#10794=DIRECTION('ref_axis',(-0.707106781186551,0.707106781186544,-2.28971816891385E-16));
#10795=DIRECTION('center_axis',(0.707106781186548,-1.26800738917519E-15,
-0.707106781186547));
#10796=DIRECTION('ref_axis',(-0.707106781186547,0.,-0.707106781186548));
#10797=DIRECTION('',(-0.707106781186547,0.,-0.707106781186548));
#10798=DIRECTION('',(-1.79323324696086E-15,-1.,1.41461160246996E-45));
#10799=DIRECTION('center_axis',(0.,0.,-1.));
#10800=DIRECTION('ref_axis',(-0.707106781186551,-0.707106781186544,-9.95529638658198E-17));
#10801=DIRECTION('',(0.,-0.707106781186536,-0.707106781186559));
#10802=DIRECTION('center_axis',(-5.57808895494746E-31,0.707106781186534,
-0.707106781186561));
#10803=DIRECTION('ref_axis',(-1.,0.,7.88860905221012E-31));
#10804=DIRECTION('',(0.,-0.707106781186561,-0.707106781186534));
#10805=DIRECTION('center_axis',(0.,0.,-1.));
#10806=DIRECTION('ref_axis',(0.707106781186551,-0.707106781186544,8.53311118849883E-17));
#10807=DIRECTION('center_axis',(3.31409858097062E-16,-3.38813178901411E-21,
-1.));
#10808=DIRECTION('ref_axis',(-0.707106781186551,0.707106781186544,-2.28971816891385E-16));
#10809=DIRECTION('',(3.31409858097062E-16,-3.38813178901411E-21,-1.));
#10810=DIRECTION('',(-3.31409858097062E-16,3.38813178901411E-21,1.));
#10811=DIRECTION('center_axis',(-1.18587972757232E-19,1.,-3.38813178901415E-21));
#10812=DIRECTION('ref_axis',(-1.,-1.18587972757232E-19,-7.93854049169398E-15));
#10813=DIRECTION('',(2.89983625834929E-16,-3.38813178901411E-21,-1.));
#10814=DIRECTION('center_axis',(-2.89983625834929E-16,3.38813178901411E-21,
1.));
#10815=DIRECTION('ref_axis',(0.707106781186551,0.707106781186544,1.96261557335473E-16));
#10816=DIRECTION('center_axis',(-0.707106781186547,5.08452743523541E-30,
-0.707106781186548));
#10817=DIRECTION('ref_axis',(-0.707106781186548,0.,0.707106781186547));
#10818=DIRECTION('',(0.707106781186548,0.,-0.707106781186547));
#10819=DIRECTION('',(-0.707106781186548,0.,0.707106781186547));
#10820=DIRECTION('center_axis',(0.,0.,-1.));
#10821=DIRECTION('ref_axis',(0.707106781186551,0.707106781186544,9.95529638658197E-17));
#10822=DIRECTION('',(1.74454717631533E-15,0.707106781186529,-0.707106781186566));
#10823=DIRECTION('center_axis',(7.88860905221012E-31,-2.42220432067513E-64,
1.));
#10824=DIRECTION('ref_axis',(0.707106781186551,0.707106781186544,2.28971816891385E-16));
#10825=DIRECTION('center_axis',(8.3854359703245E-20,-0.707106781186534,
-0.707106781186561));
#10826=DIRECTION('ref_axis',(-1.,0.,-1.18587972756439E-19));
#10827=DIRECTION('',(0.,0.707106781186561,-0.707106781186534));
#10828=DIRECTION('',(-1.,-1.18587972757232E-19,7.88860905221012E-31));
#10829=DIRECTION('center_axis',(0.,0.,-1.));
#10830=DIRECTION('ref_axis',(-0.707106781186551,0.707106781186544,-8.53311118849883E-17));
#10831=DIRECTION('',(-0.707106781186531,0.,-0.707106781186564));
#10832=DIRECTION('center_axis',(7.88860905221012E-31,-2.42220432067513E-64,
1.));
#10833=DIRECTION('ref_axis',(-0.707106781186551,0.707106781186544,-1.96261557335473E-16));
#10834=DIRECTION('center_axis',(0.707106781186547,-5.08560529926002E-30,
-0.707106781186548));
#10835=DIRECTION('ref_axis',(-0.707106781186548,0.,-0.707106781186547));
#10836=DIRECTION('',(-0.707106781186548,0.,-0.707106781186547));
#10837=DIRECTION('',(-7.19213198709001E-30,-1.,5.67334952937275E-60));
#10838=DIRECTION('center_axis',(0.,0.,-1.));
#10839=DIRECTION('ref_axis',(-0.707106781186551,-0.707106781186544,-8.53311118849883E-17));
#10840=DIRECTION('',(0.,-0.707106781186532,-0.707106781186563));
#10841=DIRECTION('center_axis',(-5.57808895494746E-31,0.707106781186534,
-0.707106781186561));
#10842=DIRECTION('ref_axis',(-1.,0.,7.88860905221012E-31));
#10843=DIRECTION('',(0.,-0.707106781186561,-0.707106781186534));
#10844=DIRECTION('center_axis',(0.,0.,-1.));
#10845=DIRECTION('ref_axis',(0.707106781186551,-0.707106781186544,9.95529638658197E-17));
#10846=DIRECTION('center_axis',(2.89983625834929E-16,-3.38813178901411E-21,
-1.));
#10847=DIRECTION('ref_axis',(-0.707106781186551,0.707106781186544,-1.96261557335473E-16));
#10848=DIRECTION('',(2.89983625834929E-16,-3.38813178901411E-21,-1.));
#10849=DIRECTION('',(-2.89983625834929E-16,3.38813178901411E-21,1.));
#10850=DIRECTION('center_axis',(-1.18587972757232E-19,1.,-3.38813178901415E-21));
#10851=DIRECTION('ref_axis',(-1.,-1.18587972757232E-19,-7.93854049169398E-15));
#10852=DIRECTION('',(3.31409858097062E-16,-3.38813178901411E-21,-1.));
#10853=DIRECTION('center_axis',(-3.31409858097062E-16,3.38813178901411E-21,
1.));
#10854=DIRECTION('ref_axis',(0.707106781186551,0.707106781186544,2.28971816891385E-16));
#10855=DIRECTION('center_axis',(-0.707106781186548,5.08452743523542E-30,
-0.707106781186547));
#10856=DIRECTION('ref_axis',(-0.707106781186547,0.,0.707106781186548));
#10857=DIRECTION('',(0.707106781186547,0.,-0.707106781186548));
#10858=DIRECTION('',(-0.707106781186547,0.,0.707106781186548));
#10859=DIRECTION('center_axis',(0.,0.,-1.));
#10860=DIRECTION('ref_axis',(0.707106781186552,0.707106781186543,9.95529638658196E-17));
#10861=DIRECTION('',(0.,0.707106781186525,-0.70710678118657));
#10862=DIRECTION('center_axis',(7.88860905221012E-31,-2.42220432067513E-64,
1.));
#10863=DIRECTION('ref_axis',(0.707106781186552,0.707106781186543,2.28971816891385E-16));
#10864=DIRECTION('center_axis',(8.3854359703245E-20,-0.707106781186534,
-0.707106781186561));
#10865=DIRECTION('ref_axis',(-1.,0.,-1.18587972756439E-19));
#10866=DIRECTION('',(0.,0.707106781186561,-0.707106781186534));
#10867=DIRECTION('',(-1.,-1.18587972757232E-19,7.88860905221012E-31));
#10868=DIRECTION('center_axis',(0.,0.,-1.));
#10869=DIRECTION('ref_axis',(-0.707106781186551,0.707106781186544,-9.95529638658198E-17));
#10870=DIRECTION('',(-0.707106781186527,0.,-0.707106781186568));
#10871=DIRECTION('center_axis',(7.88860905221012E-31,-2.42220432067513E-64,
1.));
#10872=DIRECTION('ref_axis',(-0.707106781186551,0.707106781186544,-2.28971816891385E-16));
#10873=DIRECTION('center_axis',(0.707106781186548,-5.08452743523542E-30,
-0.707106781186547));
#10874=DIRECTION('ref_axis',(-0.707106781186547,0.,-0.707106781186548));
#10875=DIRECTION('',(-0.707106781186547,0.,-0.707106781186548));
#10876=DIRECTION('',(-7.19060765716801E-30,-1.,5.67214704509062E-60));
#10877=DIRECTION('center_axis',(0.,0.,-1.));
#10878=DIRECTION('ref_axis',(-0.707106781186551,-0.707106781186544,-9.95529638658198E-17));
#10879=DIRECTION('',(0.,-0.707106781186527,-0.707106781186568));
#10880=DIRECTION('center_axis',(-5.57808895494746E-31,0.707106781186534,
-0.707106781186561));
#10881=DIRECTION('ref_axis',(-1.,0.,7.88860905221012E-31));
#10882=DIRECTION('',(0.,-0.707106781186561,-0.707106781186534));
#10883=DIRECTION('center_axis',(0.,0.,-1.));
#10884=DIRECTION('ref_axis',(0.707106781186552,-0.707106781186543,9.95529638658196E-17));
#10885=DIRECTION('center_axis',(3.31409858097062E-16,-3.38813178901411E-21,
-1.));
#10886=DIRECTION('ref_axis',(-0.707106781186551,0.707106781186544,-2.28971816891385E-16));
#10887=DIRECTION('',(3.31409858097062E-16,-3.38813178901411E-21,-1.));
#10888=DIRECTION('',(-3.31409858097062E-16,3.38813178901411E-21,1.));
#10889=DIRECTION('center_axis',(-1.18587972757232E-19,1.,-3.38813178901415E-21));
#10890=DIRECTION('ref_axis',(-1.,-1.18587972757232E-19,-7.93854049169398E-15));
#10891=DIRECTION('',(3.31409858097062E-16,-3.38813178901411E-21,-1.));
#10892=DIRECTION('center_axis',(-3.31409858097062E-16,3.38813178901411E-21,
1.));
#10893=DIRECTION('ref_axis',(0.707106781186552,0.707106781186543,2.28971816891385E-16));
#10894=DIRECTION('center_axis',(0.707106781186548,-5.0845613247425E-30,
-0.707106781186547));
#10895=DIRECTION('ref_axis',(-0.707106781186547,0.,-0.707106781186548));
#10896=DIRECTION('',(-0.707106781186547,0.,-0.707106781186548));
#10897=DIRECTION('',(0.707106781186547,0.,0.707106781186548));
#10898=DIRECTION('',(-7.19065558416855E-30,-1.,5.67218485282766E-60));
#10899=DIRECTION('center_axis',(0.,0.,-1.));
#10900=DIRECTION('ref_axis',(-0.881917059382331,-0.471404603679708,3.93227329014112E-31));
#10901=DIRECTION('',(-0.392836990140946,-0.587944809635202,-0.707106781186568));
#10902=DIRECTION('center_axis',(0.,0.,1.));
#10903=DIRECTION('ref_axis',(1.,7.34916266553094E-95,-3.03408040469622E-31));
#10904=DIRECTION('',(-0.70710678118654,1.88561823918089E-8,-0.707106781186555));
#10905=DIRECTION('center_axis',(0.707106781186551,-1.90918830920369E-8,
-0.707106781186544));
#10906=DIRECTION('ref_axis',(-0.707106781186544,0.,-0.707106781186551));
#10907=DIRECTION('',(-0.707106781402483,1.90918776876873E-8,-0.707106780970612));
#10908=DIRECTION('center_axis',(0.,0.,1.));
#10909=DIRECTION('ref_axis',(1.,7.34916266553089E-95,-3.03408040469621E-31));
#10910=DIRECTION('',(0.,0.707106781186561,-0.707106781186534));
#10911=DIRECTION('center_axis',(-5.57808895494746E-31,-0.707106781186534,
-0.707106781186561));
#10912=DIRECTION('ref_axis',(-1.,0.,7.88860905221012E-31));
#10913=DIRECTION('',(0.,0.707106781186561,-0.707106781186534));
#10914=DIRECTION('center_axis',(0.,0.,1.));
#10915=DIRECTION('ref_axis',(-1.,-7.34916266553089E-95,3.03408040469621E-31));
#10916=DIRECTION('',(0.707106781186547,1.88561823918087E-8,-0.707106781186548));
#10917=DIRECTION('center_axis',(-0.707106781186548,-1.90918830920368E-8,
-0.707106781186547));
#10918=DIRECTION('ref_axis',(-0.707106781186547,0.,0.707106781186548));
#10919=DIRECTION('',(0.7071067809706,1.90918776993481E-8,-0.707106781402495));
#10920=DIRECTION('center_axis',(0.,0.,1.));
#10921=DIRECTION('ref_axis',(-1.,-7.34916266553094E-95,3.03408040469622E-31));
#10922=DIRECTION('',(0.392836990140952,-0.5879448096352,-0.707106781186566));
#10923=DIRECTION('center_axis',(0.,0.,-1.));
#10924=DIRECTION('ref_axis',(0.88191705938233,-0.471404603679709,-3.93227329014112E-31));
#10925=DIRECTION('',(0.707106781186552,0.,-0.707106781186543));
#10926=DIRECTION('center_axis',(-0.707106781186546,1.34259605912667E-15,
-0.707106781186549));
#10927=DIRECTION('ref_axis',(-0.707106781186549,0.,0.707106781186546));
#10928=DIRECTION('',(0.707106781186547,0.,-0.707106781186548));
#10929=DIRECTION('center_axis',(0.,0.,-1.));
#10930=DIRECTION('ref_axis',(0.881917103688144,0.47140452079113,3.04456080797622E-15));
#10931=DIRECTION('',(0.392837100659178,0.587944735792435,-0.707106781186303));
#10932=DIRECTION('center_axis',(7.88860905221012E-31,-2.42220432067513E-64,
1.));
#10933=DIRECTION('ref_axis',(0.881917103688144,0.47140452079113,7.00248985834528E-15));
#10934=DIRECTION('center_axis',(0.,0.,1.));
#10935=DIRECTION('ref_axis',(-1.,-1.18587972757232E-19,-4.88525568719632E-15));
#10936=DIRECTION('',(0.707106781186808,1.88561823918151E-8,-0.707106781186287));
#10937=DIRECTION('center_axis',(-7.88860905221012E-31,2.42220432067513E-64,
-1.));
#10938=DIRECTION('ref_axis',(-1.,-1.18587972757232E-19,-7.93854049169398E-15));
#10939=DIRECTION('center_axis',(-0.707106781186544,-1.90918830921205E-8,
-0.707106781186551));
#10940=DIRECTION('ref_axis',(-0.707106781186551,0.,0.707106781186544));
#10941=DIRECTION('',(0.707106780970607,1.9091877699348E-8,-0.707106781402488));
#10942=DIRECTION('',(-2.70000000001186E-8,1.,2.12992444410609E-38));
#10943=DIRECTION('center_axis',(0.,0.,1.));
#10944=DIRECTION('ref_axis',(-1.,-1.18587972757232E-19,-4.88525568719633E-15));
#10945=DIRECTION('',(0.,-0.707106781186782,-0.707106781186313));
#10946=DIRECTION('center_axis',(-7.88860905221012E-31,2.42220432067513E-64,
-1.));
#10947=DIRECTION('ref_axis',(-1.,-1.18587972757232E-19,-7.93854049169398E-15));
#10948=DIRECTION('center_axis',(-8.38543597043607E-20,0.707106781186534,
-0.707106781186561));
#10949=DIRECTION('ref_axis',(-1.,0.,1.18587972758017E-19));
#10950=DIRECTION('',(0.,-0.707106781186561,-0.707106781186534));
#10951=DIRECTION('',(1.,1.18587972757232E-19,-7.88860905221012E-31));
#10952=DIRECTION('center_axis',(0.,0.,1.));
#10953=DIRECTION('ref_axis',(1.,1.18587972757232E-19,4.88525568719632E-15));
#10954=DIRECTION('',(-0.707106781186308,1.88561823918017E-8,-0.707106781186787));
#10955=DIRECTION('center_axis',(-7.88860905221012E-31,2.42220432067513E-64,
-1.));
#10956=DIRECTION('ref_axis',(1.,1.18587972757232E-19,7.93854049169398E-15));
#10957=DIRECTION('center_axis',(0.707106781186551,-1.9091883091953E-8,-0.707106781186544));
#10958=DIRECTION('ref_axis',(-0.707106781186544,0.,-0.707106781186551));
#10959=DIRECTION('',(-0.70710678140248,1.90918776876874E-8,-0.707106780970615));
#10960=DIRECTION('',(-2.69999999998814E-8,-1.,2.12992444408738E-38));
#10961=DIRECTION('center_axis',(0.,0.,1.));
#10962=DIRECTION('ref_axis',(1.,1.18587972757232E-19,4.88525568719623E-15));
#10963=DIRECTION('',(-0.392837100659041,0.58794473579191,-0.707106781186815));
#10964=DIRECTION('center_axis',(-7.88860905221012E-31,2.42220432067513E-64,
-1.));
#10965=DIRECTION('ref_axis',(1.,1.18587972757232E-19,7.93854049169398E-15));
#10966=DIRECTION('center_axis',(0.,0.,-1.));
#10967=DIRECTION('ref_axis',(-0.881917103688191,0.471404520791042,-3.04456080797598E-15));
#10968=DIRECTION('center_axis',(7.88860905221012E-31,-2.42220432067513E-64,
1.));
#10969=DIRECTION('ref_axis',(-0.881917103688191,0.471404520791042,-7.00248985834477E-15));
#10970=DIRECTION('center_axis',(1.,-7.19065558416855E-30,3.31409858097062E-16));
#10971=DIRECTION('ref_axis',(7.20246730629256E-30,1.,-3.56408291287176E-17));
#10972=DIRECTION('',(3.31409858097061E-16,-3.3881317890132E-21,-1.));
#10973=DIRECTION('center_axis',(3.31409858097062E-16,0.,-1.));
#10974=DIRECTION('ref_axis',(0.707106781186551,-0.707106781186544,2.28971816891385E-16));
#10975=DIRECTION('',(-3.31409858097062E-16,0.,1.));
#10976=DIRECTION('center_axis',(-7.93854049169398E-15,3.3881317890132E-21,
1.));
#10977=DIRECTION('ref_axis',(1.,1.18587972757232E-19,7.93854049169398E-15));
#10978=DIRECTION('',(-7.93854049169398E-15,3.3881317890132E-21,1.));
#10979=DIRECTION('',(7.93854049169398E-15,-3.3881317890132E-21,-1.));
#10980=DIRECTION('center_axis',(1.,-2.69999999998814E-8,7.93854049169407E-15));
#10981=DIRECTION('ref_axis',(7.93854049169398E-15,-3.3881317890132E-21,
-1.));
#10982=DIRECTION('',(-7.93854049169398E-15,3.3881317890132E-21,1.));
#10983=DIRECTION('',(2.69999999998814E-8,1.,-3.17379119573841E-21));
#10984=DIRECTION('',(7.93854049169398E-15,-3.3881317890132E-21,-1.));
#10985=DIRECTION('center_axis',(1.18587972757232E-19,-1.,3.38813178901415E-21));
#10986=DIRECTION('ref_axis',(-7.93854049169398E-15,3.3881317890132E-21,
1.));
#10987=DIRECTION('',(-7.93854049169398E-15,3.3881317890132E-21,1.));
#10988=DIRECTION('',(-1.,-1.18587972757232E-19,-7.93854049169398E-15));
#10989=DIRECTION('center_axis',(1.,-2.69999999998814E-8,7.93854049169407E-15));
#10990=DIRECTION('ref_axis',(7.93854049169398E-15,-3.3881317890132E-21,
-1.));
#10991=DIRECTION('',(-7.93854049169398E-15,3.3881317890132E-21,1.));
#10992=DIRECTION('',(2.69999999998814E-8,1.,-3.17379119573841E-21));
#10993=DIRECTION('',(7.93854049169398E-15,-3.3881317890132E-21,-1.));
#10994=DIRECTION('center_axis',(1.18587972757232E-19,-1.,3.38813178901415E-21));
#10995=DIRECTION('ref_axis',(-7.93854049169398E-15,3.3881317890132E-21,
1.));
#10996=DIRECTION('',(-7.93854049169398E-15,3.3881317890132E-21,1.));
#10997=DIRECTION('',(-1.,-1.18587972757232E-19,-7.93854049169398E-15));
#10998=DIRECTION('center_axis',(1.,-2.69999999998814E-8,7.93854049169407E-15));
#10999=DIRECTION('ref_axis',(7.93854049169398E-15,-3.3881317890132E-21,
-1.));
#11000=DIRECTION('',(-7.93854049169398E-15,3.3881317890132E-21,1.));
#11001=DIRECTION('',(2.69999999998814E-8,1.,-3.17379119573841E-21));
#11002=DIRECTION('',(7.93854049169398E-15,-3.3881317890132E-21,-1.));
#11003=DIRECTION('center_axis',(1.18587972757232E-19,-1.,3.38813178901415E-21));
#11004=DIRECTION('ref_axis',(-7.93854049169398E-15,3.3881317890132E-21,
1.));
#11005=DIRECTION('',(-7.93854049169398E-15,3.3881317890132E-21,1.));
#11006=DIRECTION('',(-1.,-1.18587972757232E-19,-7.93854049169398E-15));
#11007=DIRECTION('center_axis',(1.,1.18587972757232E-19,7.93854049169398E-15));
#11008=DIRECTION('ref_axis',(7.93854049169398E-15,-3.3881317890132E-21,
-1.));
#11009=DIRECTION('',(7.93854049169398E-15,-3.3881317890132E-21,-1.));
#11010=DIRECTION('',(-1.18587972757232E-19,1.,-3.38813178901415E-21));
#11011=DIRECTION('',(-7.93854049169398E-15,3.3881317890132E-21,1.));
#11012=DIRECTION('center_axis',(-1.18587972757232E-19,1.,-3.38813178901415E-21));
#11013=DIRECTION('ref_axis',(7.93854049169398E-15,-3.3881317890132E-21,
-1.));
#11014=DIRECTION('',(7.93854049169398E-15,-3.3881317890132E-21,-1.));
#11015=DIRECTION('',(-1.,-1.18587972757232E-19,-7.93854049169398E-15));
#11016=DIRECTION('center_axis',(1.,-2.69999999998814E-8,7.93854049169407E-15));
#11017=DIRECTION('ref_axis',(7.93854049169398E-15,-3.3881317890132E-21,
-1.));
#11018=DIRECTION('',(-7.93854049169398E-15,3.3881317890132E-21,1.));
#11019=DIRECTION('',(2.69999999998814E-8,1.,-3.17379119573841E-21));
#11020=DIRECTION('',(7.93854049169398E-15,-3.3881317890132E-21,-1.));
#11021=DIRECTION('center_axis',(1.18587972757232E-19,-1.,3.38813178901415E-21));
#11022=DIRECTION('ref_axis',(-7.93854049169398E-15,3.3881317890132E-21,
1.));
#11023=DIRECTION('',(-7.93854049169398E-15,3.3881317890132E-21,1.));
#11024=DIRECTION('',(-1.,-1.18587972757232E-19,-7.93854049169398E-15));
#11025=DIRECTION('center_axis',(1.,-2.69999999998814E-8,7.93854049169407E-15));
#11026=DIRECTION('ref_axis',(7.93854049169398E-15,-3.3881317890132E-21,
-1.));
#11027=DIRECTION('',(-7.93854049169398E-15,3.3881317890132E-21,1.));
#11028=DIRECTION('',(2.69999999998814E-8,1.,-3.17379119573841E-21));
#11029=DIRECTION('',(7.93854049169398E-15,-3.3881317890132E-21,-1.));
#11030=DIRECTION('center_axis',(1.18587972757232E-19,-1.,3.38813178901415E-21));
#11031=DIRECTION('ref_axis',(-7.93854049169398E-15,3.3881317890132E-21,
1.));
#11032=DIRECTION('',(-7.93854049169398E-15,3.3881317890132E-21,1.));
#11033=DIRECTION('',(-1.,-1.18587972757232E-19,-7.93854049169398E-15));
#11034=DIRECTION('center_axis',(1.,-2.69999999998814E-8,7.93854049169407E-15));
#11035=DIRECTION('ref_axis',(7.93854049169398E-15,-3.3881317890132E-21,
-1.));
#11036=DIRECTION('',(-7.93854049169398E-15,3.3881317890132E-21,1.));
#11037=DIRECTION('',(2.69999999998814E-8,1.,-3.17379119573841E-21));
#11038=DIRECTION('',(7.93854049169398E-15,-3.3881317890132E-21,-1.));
#11039=DIRECTION('center_axis',(1.18587972757232E-19,-1.,3.38813178901415E-21));
#11040=DIRECTION('ref_axis',(-7.93854049169398E-15,3.3881317890132E-21,
1.));
#11041=DIRECTION('',(-7.93854049169398E-15,3.3881317890132E-21,1.));
#11042=DIRECTION('',(-1.,-1.18587972757232E-19,-7.93854049169398E-15));
#11043=DIRECTION('center_axis',(1.,-2.69999999998814E-8,7.93854049169407E-15));
#11044=DIRECTION('ref_axis',(7.93854049169398E-15,-3.3881317890132E-21,
-1.));
#11045=DIRECTION('',(-7.93854049169398E-15,3.3881317890132E-21,1.));
#11046=DIRECTION('',(2.69999999998814E-8,1.,-3.17379119573841E-21));
#11047=DIRECTION('',(7.93854049169398E-15,-3.3881317890132E-21,-1.));
#11048=DIRECTION('center_axis',(1.18587972757232E-19,-1.,3.38813178901415E-21));
#11049=DIRECTION('ref_axis',(-7.93854049169398E-15,3.3881317890132E-21,
1.));
#11050=DIRECTION('',(-7.93854049169398E-15,3.3881317890132E-21,1.));
#11051=DIRECTION('',(-1.,-1.18587972757232E-19,-7.93854049169398E-15));
#11052=DIRECTION('center_axis',(1.,-2.69999999998814E-8,7.93854049169407E-15));
#11053=DIRECTION('ref_axis',(7.93854049169398E-15,-3.3881317890132E-21,
-1.));
#11054=DIRECTION('',(-7.93854049169398E-15,3.3881317890132E-21,1.));
#11055=DIRECTION('',(2.69999999998814E-8,1.,-3.17379119573841E-21));
#11056=DIRECTION('',(7.93854049169398E-15,-3.3881317890132E-21,-1.));
#11057=DIRECTION('center_axis',(1.18587972757232E-19,-1.,3.38813178901415E-21));
#11058=DIRECTION('ref_axis',(-7.93854049169398E-15,3.3881317890132E-21,
1.));
#11059=DIRECTION('',(-7.93854049169398E-15,3.3881317890132E-21,1.));
#11060=DIRECTION('',(-1.,-1.18587972757232E-19,-7.93854049169398E-15));
#11061=DIRECTION('center_axis',(1.,-2.69999999998814E-8,7.93854049169407E-15));
#11062=DIRECTION('ref_axis',(7.93854049169398E-15,-3.3881317890132E-21,
-1.));
#11063=DIRECTION('',(-7.93854049169398E-15,3.3881317890132E-21,1.));
#11064=DIRECTION('',(2.69999999998814E-8,1.,-3.17379119573841E-21));
#11065=DIRECTION('',(7.93854049169398E-15,-3.3881317890132E-21,-1.));
#11066=DIRECTION('center_axis',(1.18587972757232E-19,-1.,3.38813178901415E-21));
#11067=DIRECTION('ref_axis',(-7.93854049169398E-15,3.3881317890132E-21,
1.));
#11068=DIRECTION('',(-7.93854049169398E-15,3.3881317890132E-21,1.));
#11069=DIRECTION('',(-1.,-1.18587972757232E-19,-7.93854049169398E-15));
#11070=DIRECTION('center_axis',(1.,-2.69999999998814E-8,7.93854049169407E-15));
#11071=DIRECTION('ref_axis',(7.93854049169398E-15,-3.3881317890132E-21,
-1.));
#11072=DIRECTION('',(-7.93854049169398E-15,3.3881317890132E-21,1.));
#11073=DIRECTION('',(2.69999999998814E-8,1.,-3.17379119573841E-21));
#11074=DIRECTION('',(7.93854049169398E-15,-3.3881317890132E-21,-1.));
#11075=DIRECTION('center_axis',(1.18587972757232E-19,-1.,3.38813178901415E-21));
#11076=DIRECTION('ref_axis',(-7.93854049169398E-15,3.3881317890132E-21,
1.));
#11077=DIRECTION('',(-7.93854049169398E-15,3.3881317890132E-21,1.));
#11078=DIRECTION('',(-1.,-1.18587972757232E-19,-7.93854049169398E-15));
#11079=DIRECTION('center_axis',(1.,-2.69999999998814E-8,7.93854049169407E-15));
#11080=DIRECTION('ref_axis',(7.93854049169398E-15,-3.3881317890132E-21,
-1.));
#11081=DIRECTION('',(-7.93854049169398E-15,3.3881317890132E-21,1.));
#11082=DIRECTION('',(2.69999999998814E-8,1.,-3.17379119573841E-21));
#11083=DIRECTION('',(7.93854049169398E-15,-3.3881317890132E-21,-1.));
#11084=DIRECTION('center_axis',(1.18587972757232E-19,-1.,3.38813178901415E-21));
#11085=DIRECTION('ref_axis',(-7.93854049169398E-15,3.3881317890132E-21,
1.));
#11086=DIRECTION('',(-7.93854049169398E-15,3.3881317890132E-21,1.));
#11087=DIRECTION('',(-1.,-1.18587972757232E-19,-7.93854049169398E-15));
#11088=DIRECTION('center_axis',(1.,-2.69999999998814E-8,7.93854049169407E-15));
#11089=DIRECTION('ref_axis',(7.93854049169398E-15,-3.3881317890132E-21,
-1.));
#11090=DIRECTION('',(-7.93854049169398E-15,3.3881317890132E-21,1.));
#11091=DIRECTION('',(2.69999999998814E-8,1.,-3.17379119573841E-21));
#11092=DIRECTION('',(7.93854049169398E-15,-3.3881317890132E-21,-1.));
#11093=DIRECTION('center_axis',(1.18587972757232E-19,-1.,3.38813178901415E-21));
#11094=DIRECTION('ref_axis',(-7.93854049169398E-15,3.3881317890132E-21,
1.));
#11095=DIRECTION('',(-7.93854049169398E-15,3.3881317890132E-21,1.));
#11096=DIRECTION('',(-1.,-1.18587972757232E-19,-7.93854049169398E-15));
#11097=DIRECTION('center_axis',(1.,1.18587972757232E-19,7.93854049169398E-15));
#11098=DIRECTION('ref_axis',(7.93854049169398E-15,-3.3881317890132E-21,
-1.));
#11099=DIRECTION('',(7.93854049169398E-15,-3.3881317890132E-21,-1.));
#11100=DIRECTION('',(-1.18587972757232E-19,1.,-3.38813178901415E-21));
#11101=DIRECTION('',(-7.93854049169398E-15,3.3881317890132E-21,1.));
#11102=DIRECTION('center_axis',(-1.18587972757232E-19,1.,-3.38813178901415E-21));
#11103=DIRECTION('ref_axis',(7.93854049169398E-15,-3.3881317890132E-21,
-1.));
#11104=DIRECTION('',(7.93854049169398E-15,-3.3881317890132E-21,-1.));
#11105=DIRECTION('',(-1.,-1.18587972757232E-19,-7.93854049169398E-15));
#11106=DIRECTION('center_axis',(1.,-2.69999999998814E-8,7.93854049169407E-15));
#11107=DIRECTION('ref_axis',(7.93854049169398E-15,-3.3881317890132E-21,
-1.));
#11108=DIRECTION('',(-7.93854049169398E-15,3.3881317890132E-21,1.));
#11109=DIRECTION('',(2.69999999998814E-8,1.,-3.17379119573841E-21));
#11110=DIRECTION('',(7.93854049169398E-15,-3.3881317890132E-21,-1.));
#11111=DIRECTION('center_axis',(1.18587972757232E-19,-1.,3.38813178901415E-21));
#11112=DIRECTION('ref_axis',(-7.93854049169398E-15,3.3881317890132E-21,
1.));
#11113=DIRECTION('',(-7.93854049169398E-15,3.3881317890132E-21,1.));
#11114=DIRECTION('',(-1.,-1.18587972757232E-19,-7.93854049169398E-15));
#11115=DIRECTION('center_axis',(1.,-2.7E-8,0.));
#11116=DIRECTION('ref_axis',(0.,0.,-1.));
#11117=DIRECTION('',(0.,0.,1.));
#11118=DIRECTION('',(2.7E-8,1.,0.));
#11119=DIRECTION('',(0.,0.,-1.));
#11120=DIRECTION('center_axis',(0.,-1.,0.));
#11121=DIRECTION('ref_axis',(0.,0.,1.));
#11122=DIRECTION('',(0.,0.,1.));
#11123=DIRECTION('',(-1.,0.,0.));
#11124=DIRECTION('center_axis',(1.,-2.7E-8,0.));
#11125=DIRECTION('ref_axis',(0.,0.,-1.));
#11126=DIRECTION('',(0.,0.,1.));
#11127=DIRECTION('',(2.7E-8,1.,0.));
#11128=DIRECTION('',(0.,0.,-1.));
#11129=DIRECTION('center_axis',(0.,-1.,0.));
#11130=DIRECTION('ref_axis',(0.,0.,1.));
#11131=DIRECTION('',(0.,0.,1.));
#11132=DIRECTION('',(-1.,0.,0.));
#11133=DIRECTION('center_axis',(1.,-2.7E-8,0.));
#11134=DIRECTION('ref_axis',(0.,0.,-1.));
#11135=DIRECTION('',(0.,0.,1.));
#11136=DIRECTION('',(2.7E-8,1.,0.));
#11137=DIRECTION('',(0.,0.,-1.));
#11138=DIRECTION('center_axis',(0.,-1.,0.));
#11139=DIRECTION('ref_axis',(0.,0.,1.));
#11140=DIRECTION('',(0.,0.,1.));
#11141=DIRECTION('',(-1.,0.,0.));
#11142=DIRECTION('center_axis',(1.,-2.7E-8,0.));
#11143=DIRECTION('ref_axis',(0.,0.,-1.));
#11144=DIRECTION('',(0.,0.,1.));
#11145=DIRECTION('',(2.7E-8,1.,0.));
#11146=DIRECTION('',(0.,0.,-1.));
#11147=DIRECTION('center_axis',(0.,-1.,0.));
#11148=DIRECTION('ref_axis',(0.,0.,1.));
#11149=DIRECTION('',(0.,0.,1.));
#11150=DIRECTION('',(-1.,0.,0.));
#11151=DIRECTION('center_axis',(1.,-2.7E-8,0.));
#11152=DIRECTION('ref_axis',(0.,0.,-1.));
#11153=DIRECTION('',(0.,0.,1.));
#11154=DIRECTION('',(2.7E-8,1.,0.));
#11155=DIRECTION('',(0.,0.,-1.));
#11156=DIRECTION('center_axis',(0.,-1.,0.));
#11157=DIRECTION('ref_axis',(0.,0.,1.));
#11158=DIRECTION('',(0.,0.,1.));
#11159=DIRECTION('',(-1.,0.,0.));
#11160=DIRECTION('center_axis',(1.,-2.7E-8,0.));
#11161=DIRECTION('ref_axis',(0.,0.,-1.));
#11162=DIRECTION('',(0.,0.,1.));
#11163=DIRECTION('',(2.7E-8,1.,0.));
#11164=DIRECTION('',(0.,0.,-1.));
#11165=DIRECTION('center_axis',(0.,-1.,0.));
#11166=DIRECTION('ref_axis',(0.,0.,1.));
#11167=DIRECTION('',(0.,0.,1.));
#11168=DIRECTION('',(-1.,0.,0.));
#11169=DIRECTION('center_axis',(1.,-2.7E-8,0.));
#11170=DIRECTION('ref_axis',(0.,0.,-1.));
#11171=DIRECTION('',(0.,0.,1.));
#11172=DIRECTION('',(2.7E-8,1.,0.));
#11173=DIRECTION('',(0.,0.,-1.));
#11174=DIRECTION('center_axis',(0.,-1.,0.));
#11175=DIRECTION('ref_axis',(0.,0.,1.));
#11176=DIRECTION('',(0.,0.,1.));
#11177=DIRECTION('',(-1.,0.,0.));
#11178=DIRECTION('center_axis',(1.,-2.7E-8,0.));
#11179=DIRECTION('ref_axis',(0.,0.,-1.));
#11180=DIRECTION('',(0.,0.,1.));
#11181=DIRECTION('',(2.7E-8,1.,0.));
#11182=DIRECTION('',(0.,0.,-1.));
#11183=DIRECTION('center_axis',(0.,-1.,0.));
#11184=DIRECTION('ref_axis',(0.,0.,1.));
#11185=DIRECTION('',(0.,0.,1.));
#11186=DIRECTION('',(-1.,0.,0.));
#11187=DIRECTION('center_axis',(1.,-2.7E-8,0.));
#11188=DIRECTION('ref_axis',(0.,0.,-1.));
#11189=DIRECTION('',(0.,0.,1.));
#11190=DIRECTION('',(2.7E-8,1.,0.));
#11191=DIRECTION('',(0.,0.,-1.));
#11192=DIRECTION('center_axis',(0.,-1.,0.));
#11193=DIRECTION('ref_axis',(0.,0.,1.));
#11194=DIRECTION('',(0.,0.,1.));
#11195=DIRECTION('',(-1.,0.,0.));
#11196=DIRECTION('center_axis',(1.,-2.7E-8,0.));
#11197=DIRECTION('ref_axis',(0.,0.,-1.));
#11198=DIRECTION('',(0.,0.,1.));
#11199=DIRECTION('',(2.7E-8,1.,0.));
#11200=DIRECTION('',(0.,0.,-1.));
#11201=DIRECTION('center_axis',(0.,-1.,0.));
#11202=DIRECTION('ref_axis',(0.,0.,1.));
#11203=DIRECTION('',(0.,0.,1.));
#11204=DIRECTION('',(-1.,0.,0.));
#11205=DIRECTION('center_axis',(1.,-2.7E-8,0.));
#11206=DIRECTION('ref_axis',(0.,0.,-1.));
#11207=DIRECTION('',(0.,0.,1.));
#11208=DIRECTION('',(2.7E-8,1.,0.));
#11209=DIRECTION('',(0.,0.,-1.));
#11210=DIRECTION('center_axis',(0.,-1.,0.));
#11211=DIRECTION('ref_axis',(0.,0.,1.));
#11212=DIRECTION('',(0.,0.,1.));
#11213=DIRECTION('',(-1.,0.,0.));
#11214=DIRECTION('center_axis',(1.,-2.7E-8,0.));
#11215=DIRECTION('ref_axis',(0.,0.,-1.));
#11216=DIRECTION('',(0.,0.,1.));
#11217=DIRECTION('',(2.7E-8,1.,0.));
#11218=DIRECTION('',(0.,0.,-1.));
#11219=DIRECTION('center_axis',(0.,-1.,0.));
#11220=DIRECTION('ref_axis',(0.,0.,1.));
#11221=DIRECTION('',(0.,0.,1.));
#11222=DIRECTION('',(-1.,0.,0.));
#11223=DIRECTION('center_axis',(1.,-2.7E-8,0.));
#11224=DIRECTION('ref_axis',(0.,0.,-1.));
#11225=DIRECTION('',(0.,0.,1.));
#11226=DIRECTION('',(2.7E-8,1.,0.));
#11227=DIRECTION('',(0.,0.,-1.));
#11228=DIRECTION('center_axis',(0.,-1.,0.));
#11229=DIRECTION('ref_axis',(0.,0.,1.));
#11230=DIRECTION('',(0.,0.,1.));
#11231=DIRECTION('',(-1.,0.,0.));
#11232=DIRECTION('center_axis',(1.,-2.7E-8,0.));
#11233=DIRECTION('ref_axis',(0.,0.,-1.));
#11234=DIRECTION('',(0.,0.,1.));
#11235=DIRECTION('',(2.7E-8,1.,0.));
#11236=DIRECTION('',(0.,0.,-1.));
#11237=DIRECTION('center_axis',(0.,-1.,0.));
#11238=DIRECTION('ref_axis',(0.,0.,1.));
#11239=DIRECTION('',(0.,0.,1.));
#11240=DIRECTION('',(-1.,0.,0.));
#11241=DIRECTION('center_axis',(1.,-2.7E-8,0.));
#11242=DIRECTION('ref_axis',(0.,0.,-1.));
#11243=DIRECTION('',(0.,0.,1.));
#11244=DIRECTION('',(2.7E-8,1.,0.));
#11245=DIRECTION('',(0.,0.,-1.));
#11246=DIRECTION('center_axis',(0.,-1.,0.));
#11247=DIRECTION('ref_axis',(0.,0.,1.));
#11248=DIRECTION('',(0.,0.,1.));
#11249=DIRECTION('',(-1.,0.,0.));
#11250=DIRECTION('center_axis',(7.93854049169398E-15,-3.3881317890132E-21,
-1.));
#11251=DIRECTION('ref_axis',(0.881917103688144,0.47140452079113,7.00248985834528E-15));
#11252=DIRECTION('',(7.93854049169398E-15,-3.3881317890132E-21,-1.));
#11253=DIRECTION('center_axis',(7.93854049169398E-15,-3.3881317890132E-21,
-1.));
#11254=DIRECTION('ref_axis',(-1.,-1.18587972757232E-19,-7.93854049169398E-15));
#11255=DIRECTION('',(-7.93854049169398E-15,3.3881317890132E-21,1.));
#11256=DIRECTION('center_axis',(0.,1.,0.));
#11257=DIRECTION('ref_axis',(0.,0.,-1.));
#11258=DIRECTION('',(-1.,0.,0.));
#11259=DIRECTION('',(0.,0.,-1.));
#11260=DIRECTION('center_axis',(7.93854049169398E-15,-3.3881317890132E-21,
-1.));
#11261=DIRECTION('ref_axis',(-1.,-1.18587972757232E-19,-7.93854049169398E-15));
#11262=DIRECTION('',(-7.93854049169398E-15,3.3881317890132E-21,1.));
#11263=DIRECTION('',(7.93854049169398E-15,-3.3881317890132E-21,-1.));
#11264=DIRECTION('center_axis',(-1.,-2.70000000001186E-8,-7.93854049169389E-15));
#11265=DIRECTION('ref_axis',(2.70000000001186E-8,-1.,3.60247238228988E-21));
#11266=DIRECTION('center_axis',(1.18587972757232E-19,-1.,3.38813178901415E-21));
#11267=DIRECTION('ref_axis',(-7.93854049169398E-15,3.3881317890132E-21,
1.));
#11268=DIRECTION('',(-1.,-1.18587972757232E-19,-7.93854049169398E-15));
#11269=DIRECTION('',(-7.93854049169398E-15,3.3881317890132E-21,1.));
#11270=DIRECTION('center_axis',(-1.18587972757232E-19,1.,-3.38813178901415E-21));
#11271=DIRECTION('ref_axis',(7.93854049169398E-15,-3.3881317890132E-21,
-1.));
#11272=DIRECTION('',(-1.,-1.18587972757232E-19,-7.93854049169398E-15));
#11273=DIRECTION('',(7.93854049169398E-15,-3.3881317890132E-21,-1.));
#11274=DIRECTION('center_axis',(-7.93854049169398E-15,3.3881317890132E-21,
1.));
#11275=DIRECTION('ref_axis',(2.69999999998814E-8,1.,-3.17379119573841E-21));
#11276=DIRECTION('',(-1.18587972757232E-19,1.,-3.38813178901415E-21));
#11277=DIRECTION('center_axis',(1.,1.18587972757232E-19,7.93854049169398E-15));
#11278=DIRECTION('ref_axis',(7.93854049169398E-15,-3.3881317890132E-21,
-1.));
#11279=DIRECTION('center_axis',(-1.18587972757232E-19,1.,-3.38813178901415E-21));
#11280=DIRECTION('ref_axis',(7.93854049169398E-15,-3.3881317890132E-21,
-1.));
#11281=DIRECTION('',(-1.,-1.18587972757232E-19,-7.93854049169398E-15));
#11282=DIRECTION('',(7.93854049169398E-15,-3.3881317890132E-21,-1.));
#11283=DIRECTION('center_axis',(-7.93854049169398E-15,3.3881317890132E-21,
1.));
#11284=DIRECTION('ref_axis',(2.69999999998814E-8,1.,-3.17379119573841E-21));
#11285=DIRECTION('',(-1.18587972757232E-19,1.,-3.38813178901415E-21));
#11286=DIRECTION('center_axis',(1.,1.18587972757232E-19,7.93854049169398E-15));
#11287=DIRECTION('ref_axis',(7.93854049169398E-15,-3.3881317890132E-21,
-1.));
#11288=DIRECTION('center_axis',(-1.18587972757232E-19,1.,-3.38813178901415E-21));
#11289=DIRECTION('ref_axis',(7.93854049169398E-15,-3.3881317890132E-21,
-1.));
#11290=DIRECTION('',(-1.,-1.18587972757232E-19,-7.93854049169398E-15));
#11291=DIRECTION('',(7.93854049169398E-15,-3.3881317890132E-21,-1.));
#11292=DIRECTION('center_axis',(-7.93854049169398E-15,3.3881317890132E-21,
1.));
#11293=DIRECTION('ref_axis',(2.69999999998814E-8,1.,-3.17379119573841E-21));
#11294=DIRECTION('',(-1.18587972757232E-19,1.,-3.38813178901415E-21));
#11295=DIRECTION('center_axis',(1.,1.18587972757232E-19,7.93854049169398E-15));
#11296=DIRECTION('ref_axis',(7.93854049169398E-15,-3.3881317890132E-21,
-1.));
#11297=DIRECTION('center_axis',(-7.93854049169398E-15,3.3881317890132E-21,
1.));
#11298=DIRECTION('ref_axis',(2.69999999998814E-8,1.,-3.17379119573841E-21));
#11299=DIRECTION('',(2.69999999998814E-8,1.,-3.17379119573841E-21));
#11300=DIRECTION('',(-1.,-1.18587972757232E-19,-7.93854049169398E-15));
#11301=DIRECTION('center_axis',(1.18587972757232E-19,-1.,3.38813178901415E-21));
#11302=DIRECTION('ref_axis',(-7.93854049169398E-15,3.3881317890132E-21,
1.));
#11303=DIRECTION('',(-7.93854049169398E-15,3.3881317890132E-21,1.));
#11304=DIRECTION('center_axis',(1.,-2.69999999998814E-8,7.93854049169407E-15));
#11305=DIRECTION('ref_axis',(7.93854049169398E-15,-3.3881317890132E-21,
-1.));
#11306=DIRECTION('center_axis',(-1.18587972757232E-19,1.,-3.38813178901415E-21));
#11307=DIRECTION('ref_axis',(7.93854049169398E-15,-3.3881317890132E-21,
-1.));
#11308=DIRECTION('',(-1.,-1.18587972757232E-19,-7.93854049169398E-15));
#11309=DIRECTION('',(7.93854049169398E-15,-3.3881317890132E-21,-1.));
#11310=DIRECTION('center_axis',(-7.93854049169398E-15,3.3881317890132E-21,
1.));
#11311=DIRECTION('ref_axis',(2.69999999998814E-8,1.,-3.17379119573841E-21));
#11312=DIRECTION('',(-1.18587972757232E-19,1.,-3.38813178901415E-21));
#11313=DIRECTION('center_axis',(1.,1.18587972757232E-19,7.93854049169398E-15));
#11314=DIRECTION('ref_axis',(7.93854049169398E-15,-3.3881317890132E-21,
-1.));
#11315=DIRECTION('center_axis',(-1.18587972757232E-19,1.,-3.38813178901415E-21));
#11316=DIRECTION('ref_axis',(7.93854049169398E-15,-3.3881317890132E-21,
-1.));
#11317=DIRECTION('',(-1.,-1.18587972757232E-19,-7.93854049169398E-15));
#11318=DIRECTION('',(7.93854049169398E-15,-3.3881317890132E-21,-1.));
#11319=DIRECTION('center_axis',(-7.93854049169398E-15,3.3881317890132E-21,
1.));
#11320=DIRECTION('ref_axis',(2.69999999998814E-8,1.,-3.17379119573841E-21));
#11321=DIRECTION('',(-1.18587972757232E-19,1.,-3.38813178901415E-21));
#11322=DIRECTION('center_axis',(1.,1.18587972757232E-19,7.93854049169398E-15));
#11323=DIRECTION('ref_axis',(7.93854049169398E-15,-3.3881317890132E-21,
-1.));
#11324=DIRECTION('center_axis',(-1.18587972757232E-19,1.,-3.38813178901415E-21));
#11325=DIRECTION('ref_axis',(7.93854049169398E-15,-3.3881317890132E-21,
-1.));
#11326=DIRECTION('',(-1.,-1.18587972757232E-19,-7.93854049169398E-15));
#11327=DIRECTION('',(7.93854049169398E-15,-3.3881317890132E-21,-1.));
#11328=DIRECTION('center_axis',(-7.93854049169398E-15,3.3881317890132E-21,
1.));
#11329=DIRECTION('ref_axis',(2.69999999998814E-8,1.,-3.17379119573841E-21));
#11330=DIRECTION('',(-1.18587972757232E-19,1.,-3.38813178901415E-21));
#11331=DIRECTION('center_axis',(1.,1.18587972757232E-19,7.93854049169398E-15));
#11332=DIRECTION('ref_axis',(7.93854049169398E-15,-3.3881317890132E-21,
-1.));
#11333=DIRECTION('center_axis',(-1.18587972757232E-19,1.,-3.38813178901415E-21));
#11334=DIRECTION('ref_axis',(7.93854049169398E-15,-3.3881317890132E-21,
-1.));
#11335=DIRECTION('',(-1.,-1.18587972757232E-19,-7.93854049169398E-15));
#11336=DIRECTION('',(7.93854049169398E-15,-3.3881317890132E-21,-1.));
#11337=DIRECTION('center_axis',(-7.93854049169398E-15,3.3881317890132E-21,
1.));
#11338=DIRECTION('ref_axis',(2.69999999998814E-8,1.,-3.17379119573841E-21));
#11339=DIRECTION('',(-1.18587972757232E-19,1.,-3.38813178901415E-21));
#11340=DIRECTION('center_axis',(1.,1.18587972757232E-19,7.93854049169398E-15));
#11341=DIRECTION('ref_axis',(7.93854049169398E-15,-3.3881317890132E-21,
-1.));
#11342=DIRECTION('center_axis',(-1.18587972757232E-19,1.,-3.38813178901415E-21));
#11343=DIRECTION('ref_axis',(7.93854049169398E-15,-3.3881317890132E-21,
-1.));
#11344=DIRECTION('',(-1.,-1.18587972757232E-19,-7.93854049169398E-15));
#11345=DIRECTION('',(7.93854049169398E-15,-3.3881317890132E-21,-1.));
#11346=DIRECTION('center_axis',(-7.93854049169398E-15,3.3881317890132E-21,
1.));
#11347=DIRECTION('ref_axis',(2.69999999998814E-8,1.,-3.17379119573841E-21));
#11348=DIRECTION('',(-1.18587972757232E-19,1.,-3.38813178901415E-21));
#11349=DIRECTION('center_axis',(1.,1.18587972757232E-19,7.93854049169398E-15));
#11350=DIRECTION('ref_axis',(7.93854049169398E-15,-3.3881317890132E-21,
-1.));
#11351=DIRECTION('center_axis',(-1.18587972757232E-19,1.,-3.38813178901415E-21));
#11352=DIRECTION('ref_axis',(7.93854049169398E-15,-3.3881317890132E-21,
-1.));
#11353=DIRECTION('',(-1.,-1.18587972757232E-19,-7.93854049169398E-15));
#11354=DIRECTION('',(7.93854049169398E-15,-3.3881317890132E-21,-1.));
#11355=DIRECTION('center_axis',(-7.93854049169398E-15,3.3881317890132E-21,
1.));
#11356=DIRECTION('ref_axis',(2.69999999998814E-8,1.,-3.17379119573841E-21));
#11357=DIRECTION('',(-1.18587972757232E-19,1.,-3.38813178901415E-21));
#11358=DIRECTION('center_axis',(1.,1.18587972757232E-19,7.93854049169398E-15));
#11359=DIRECTION('ref_axis',(7.93854049169398E-15,-3.3881317890132E-21,
-1.));
#11360=DIRECTION('center_axis',(-1.18587972757232E-19,1.,-3.38813178901415E-21));
#11361=DIRECTION('ref_axis',(7.93854049169398E-15,-3.3881317890132E-21,
-1.));
#11362=DIRECTION('',(-1.,-1.18587972757232E-19,-7.93854049169398E-15));
#11363=DIRECTION('',(7.93854049169398E-15,-3.3881317890132E-21,-1.));
#11364=DIRECTION('center_axis',(-7.93854049169398E-15,3.3881317890132E-21,
1.));
#11365=DIRECTION('ref_axis',(2.69999999998814E-8,1.,-3.17379119573841E-21));
#11366=DIRECTION('',(-1.18587972757232E-19,1.,-3.38813178901415E-21));
#11367=DIRECTION('center_axis',(1.,1.18587972757232E-19,7.93854049169398E-15));
#11368=DIRECTION('ref_axis',(7.93854049169398E-15,-3.3881317890132E-21,
-1.));
#11369=DIRECTION('center_axis',(-1.18587972757232E-19,1.,-3.38813178901415E-21));
#11370=DIRECTION('ref_axis',(7.93854049169398E-15,-3.3881317890132E-21,
-1.));
#11371=DIRECTION('',(-1.,-1.18587972757232E-19,-7.93854049169398E-15));
#11372=DIRECTION('',(7.93854049169398E-15,-3.3881317890132E-21,-1.));
#11373=DIRECTION('center_axis',(-7.93854049169398E-15,3.3881317890132E-21,
1.));
#11374=DIRECTION('ref_axis',(2.69999999998814E-8,1.,-3.17379119573841E-21));
#11375=DIRECTION('',(-1.18587972757232E-19,1.,-3.38813178901415E-21));
#11376=DIRECTION('center_axis',(1.,1.18587972757232E-19,7.93854049169398E-15));
#11377=DIRECTION('ref_axis',(7.93854049169398E-15,-3.3881317890132E-21,
-1.));
#11378=DIRECTION('center_axis',(-1.18587972757232E-19,1.,-3.38813178901415E-21));
#11379=DIRECTION('ref_axis',(7.93854049169398E-15,-3.3881317890132E-21,
-1.));
#11380=DIRECTION('',(-1.,-1.18587972757232E-19,-7.93854049169398E-15));
#11381=DIRECTION('',(7.93854049169398E-15,-3.3881317890132E-21,-1.));
#11382=DIRECTION('center_axis',(-7.93854049169398E-15,3.3881317890132E-21,
1.));
#11383=DIRECTION('ref_axis',(2.69999999998814E-8,1.,-3.17379119573841E-21));
#11384=DIRECTION('',(-1.18587972757232E-19,1.,-3.38813178901415E-21));
#11385=DIRECTION('center_axis',(1.,1.18587972757232E-19,7.93854049169398E-15));
#11386=DIRECTION('ref_axis',(7.93854049169398E-15,-3.3881317890132E-21,
-1.));
#11387=DIRECTION('center_axis',(-7.93854049169398E-15,3.3881317890132E-21,
1.));
#11388=DIRECTION('ref_axis',(2.69999999998814E-8,1.,-3.17379119573841E-21));
#11389=DIRECTION('',(2.69999999998814E-8,1.,-3.17379119573841E-21));
#11390=DIRECTION('center_axis',(1.,-2.69999999998814E-8,7.93854049169407E-15));
#11391=DIRECTION('ref_axis',(7.93854049169398E-15,-3.3881317890132E-21,
-1.));
#11392=DIRECTION('center_axis',(-1.18587972757232E-19,1.,-3.38813178901415E-21));
#11393=DIRECTION('ref_axis',(7.93854049169398E-15,-3.3881317890132E-21,
-1.));
#11394=DIRECTION('',(-1.,-1.18587972757232E-19,-7.93854049169398E-15));
#11395=DIRECTION('',(7.93854049169398E-15,-3.3881317890132E-21,-1.));
#11396=DIRECTION('center_axis',(-7.93854049169398E-15,3.3881317890132E-21,
1.));
#11397=DIRECTION('ref_axis',(2.69999999998814E-8,1.,-3.17379119573841E-21));
#11398=DIRECTION('',(-1.18587972757232E-19,1.,-3.38813178901415E-21));
#11399=DIRECTION('center_axis',(1.,1.18587972757232E-19,7.93854049169398E-15));
#11400=DIRECTION('ref_axis',(7.93854049169398E-15,-3.3881317890132E-21,
-1.));
#11401=DIRECTION('center_axis',(-1.18587972757232E-19,1.,-3.38813178901415E-21));
#11402=DIRECTION('ref_axis',(-1.,-1.18587972757232E-19,-7.93854049169398E-15));
#11403=DIRECTION('center_axis',(-7.93854049169398E-15,3.3881317890132E-21,
1.));
#11404=DIRECTION('ref_axis',(1.18587972757232E-19,-1.,3.38813178901415E-21));
#11405=DIRECTION('',(-1.,-1.18587972757232E-19,-7.93854049169398E-15));
#11406=DIRECTION('center_axis',(-7.93854049169398E-15,3.3881317890132E-21,
1.));
#11407=DIRECTION('ref_axis',(1.,1.18587972757232E-19,7.93854049169398E-15));
#11408=DIRECTION('',(-1.18587972757232E-19,1.,-3.38813178901415E-21));
#11409=DIRECTION('center_axis',(-7.93854049169398E-15,3.3881317890132E-21,
1.));
#11410=DIRECTION('ref_axis',(1.,1.18587972757232E-19,7.93854049169398E-15));
#11411=DIRECTION('',(-1.,-1.18587972757232E-19,-7.93854049169398E-15));
#11412=DIRECTION('center_axis',(-7.93854049169398E-15,3.3881317890132E-21,
1.));
#11413=DIRECTION('ref_axis',(1.,1.18587972757232E-19,7.93854049169398E-15));
#11414=DIRECTION('',(-1.18587972757232E-19,1.,-3.38813178901415E-21));
#11415=DIRECTION('center_axis',(-7.93854049169398E-15,3.3881317890132E-21,
1.));
#11416=DIRECTION('ref_axis',(1.,1.18587972757232E-19,7.93854049169398E-15));
#11417=DIRECTION('center_axis',(7.93854049169398E-15,-3.3881317890132E-21,
-1.));
#11418=DIRECTION('ref_axis',(1.,1.18587972757232E-19,7.93854049169398E-15));
#11419=DIRECTION('center_axis',(7.93854049169398E-15,-3.3881317890132E-21,
-1.));
#11420=DIRECTION('ref_axis',(1.,1.18587972757232E-19,7.93854049169398E-15));
#11421=DIRECTION('center_axis',(7.93854049169398E-15,-3.3881317890132E-21,
-1.));
#11422=DIRECTION('ref_axis',(1.,1.18587972757232E-19,7.93854049169398E-15));
#11423=DIRECTION('center_axis',(1.18587972757232E-19,-1.,3.38813178901415E-21));
#11424=DIRECTION('ref_axis',(7.93854049169398E-15,-3.3881317890132E-21,
-1.));
#11425=DIRECTION('',(7.93854049169398E-15,-3.3881317890132E-21,-1.));
#11426=DIRECTION('',(-7.93854049169398E-15,3.3881317890132E-21,1.));
#11427=DIRECTION('center_axis',(-1.,-1.18587972757232E-19,-7.93854049169398E-15));
#11428=DIRECTION('ref_axis',(-7.93854049169398E-15,3.3881317890132E-21,
1.));
#11429=DIRECTION('',(7.93854049169398E-15,-3.3881317890132E-21,-1.));
#11430=DIRECTION('',(-7.93854049169398E-15,3.3881317890132E-21,1.));
#11431=DIRECTION('center_axis',(-1.18587972757232E-19,1.,-3.38813178901415E-21));
#11432=DIRECTION('ref_axis',(-7.93854049169398E-15,3.3881317890132E-21,
1.));
#11433=DIRECTION('',(1.,1.18587972757232E-19,-7.88860905221012E-31));
#11434=DIRECTION('',(7.93854049169398E-15,-3.3881317890132E-21,-1.));
#11435=DIRECTION('',(1.,1.18587972757232E-19,7.93854049169398E-15));
#11436=DIRECTION('',(7.93854049169398E-15,-3.3881317890132E-21,-1.));
#11437=DIRECTION('center_axis',(1.,1.18587972757232E-19,7.93854049169398E-15));
#11438=DIRECTION('ref_axis',(7.93854049169398E-15,-3.3881317890132E-21,
-1.));
#11439=DIRECTION('',(1.18587972757232E-19,-1.,-9.35494155375951E-50));
#11440=DIRECTION('',(1.18587972757232E-19,-1.,3.38813178901415E-21));
#11441=DIRECTION('',(7.93854049169398E-15,-3.3881317890132E-21,-1.));
#11442=DIRECTION('center_axis',(7.93854049169398E-15,-3.3881317890132E-21,
-1.));
#11443=DIRECTION('ref_axis',(-1.,-1.18587972757232E-19,-7.93854049169398E-15));
#11444=DIRECTION('center_axis',(7.88860905221012E-31,-2.42220432067513E-64,
1.));
#11445=DIRECTION('ref_axis',(-1.,-1.18587972757232E-19,-7.93854049169398E-15));
#11446=DIRECTION('center_axis',(-7.93854049169398E-15,3.3881317890132E-21,
1.));
#11447=DIRECTION('ref_axis',(1.,1.18587972757232E-19,7.93854049169398E-15));
#11448=DIRECTION('',(7.93854049169398E-15,-3.3881317890132E-21,-1.));
#11449=DIRECTION('center_axis',(-1.18587972757232E-19,1.,-3.38813178901415E-21));
#11450=DIRECTION('ref_axis',(-7.93854049169398E-15,3.3881317890132E-21,
1.));
#11451=DIRECTION('',(1.,1.18587972757232E-19,-7.88860905221012E-31));
#11452=DIRECTION('',(1.,1.18587972757232E-19,7.93854049169398E-15));
#11453=DIRECTION('',(7.93854049169398E-15,-3.3881317890132E-21,-1.));
#11454=DIRECTION('center_axis',(1.,1.18587972757232E-19,7.93854049169398E-15));
#11455=DIRECTION('ref_axis',(7.93854049169398E-15,-3.3881317890132E-21,
-1.));
#11456=DIRECTION('',(1.18587972757232E-19,-1.,-9.35494155375951E-50));
#11457=DIRECTION('',(1.18587972757232E-19,-1.,3.38813178901415E-21));
#11458=DIRECTION('',(7.93854049169398E-15,-3.3881317890132E-21,-1.));
#11459=DIRECTION('center_axis',(1.18587972757232E-19,-1.,3.38813178901415E-21));
#11460=DIRECTION('ref_axis',(7.93854049169398E-15,-3.3881317890132E-21,
-1.));
#11461=DIRECTION('',(-1.,-1.18587972757232E-19,7.88860905221012E-31));
#11462=DIRECTION('',(-1.,-1.18587972757232E-19,-7.93854049169398E-15));
#11463=DIRECTION('',(7.93854049169398E-15,-3.3881317890132E-21,-1.));
#11464=DIRECTION('center_axis',(7.93854049169398E-15,-3.3881317890132E-21,
-1.));
#11465=DIRECTION('ref_axis',(-1.,-1.18587972757232E-19,-7.93854049169398E-15));
#11466=DIRECTION('center_axis',(7.88860905221012E-31,-2.42220432067513E-64,
1.));
#11467=DIRECTION('ref_axis',(-1.,-1.18587972757232E-19,-7.93854049169398E-15));
#11468=DIRECTION('center_axis',(-7.93854049169398E-15,3.3881317890132E-21,
1.));
#11469=DIRECTION('ref_axis',(1.,1.18587972757232E-19,7.93854049169398E-15));
#11470=DIRECTION('',(7.93854049169398E-15,-3.3881317890132E-21,-1.));
#11471=DIRECTION('center_axis',(1.,1.18587972757232E-19,7.93854049169398E-15));
#11472=DIRECTION('ref_axis',(7.93854049169398E-15,-3.3881317890132E-21,
-1.));
#11473=DIRECTION('',(1.18587972757232E-19,-1.,-9.35494155375951E-50));
#11474=DIRECTION('',(1.18587972757232E-19,-1.,3.38813178901415E-21));
#11475=DIRECTION('',(7.93854049169398E-15,-3.3881317890132E-21,-1.));
#11476=DIRECTION('center_axis',(-7.93854049169398E-15,3.3881317890132E-21,
1.));
#11477=DIRECTION('ref_axis',(1.18587972757232E-19,-1.,3.38813178901415E-21));
#11478=DIRECTION('center_axis',(-7.93854049169398E-15,3.3881317890132E-21,
1.));
#11479=DIRECTION('ref_axis',(1.,1.18587972757232E-19,7.93854049169398E-15));
#11480=DIRECTION('',(-1.18587972757232E-19,1.,-3.38813178901415E-21));
#11481=DIRECTION('',(-1.,-1.18587972757232E-19,-7.93854049169398E-15));
#11482=DIRECTION('',(-1.18587972757232E-19,1.,-3.38813178901415E-21));
#11483=DIRECTION('center_axis',(-7.93854049169398E-15,3.3881317890132E-21,
1.));
#11484=DIRECTION('ref_axis',(1.,1.18587972757232E-19,7.93854049169398E-15));
#11485=DIRECTION('',(1.,1.18587972757232E-19,7.93854049169398E-15));
#11486=DIRECTION('',(-1.18587972757232E-19,1.,-3.38813178901415E-21));
#11487=DIRECTION('',(-1.,-1.18587972757232E-19,-7.93854049169398E-15));
#11488=DIRECTION('center_axis',(7.93854049169398E-15,-3.3881317890132E-21,
-1.));
#11489=DIRECTION('ref_axis',(-1.,-1.18587972757232E-19,-7.93854049169398E-15));
#11490=DIRECTION('center_axis',(7.88860905221012E-31,-2.42220432067513E-64,
1.));
#11491=DIRECTION('ref_axis',(-1.,-1.18587972757232E-19,-7.93854049169398E-15));
#11492=DIRECTION('',(7.93854049169398E-15,-3.3881317890132E-21,-1.));
#11493=DIRECTION('center_axis',(-7.93854049169398E-15,3.3881317890132E-21,
1.));
#11494=DIRECTION('ref_axis',(1.,1.18587972757232E-19,7.93854049169398E-15));
#11495=DIRECTION('',(7.93854049169398E-15,-3.3881317890132E-21,-1.));
#11496=DIRECTION('center_axis',(1.,1.18587972757232E-19,7.93854049169398E-15));
#11497=DIRECTION('ref_axis',(7.93854049169398E-15,-3.3881317890132E-21,
-1.));
#11498=DIRECTION('',(1.18587972757232E-19,-1.,-9.35494155375951E-50));
#11499=DIRECTION('',(1.18587972757232E-19,-1.,3.38813178901415E-21));
#11500=DIRECTION('',(7.93854049169398E-15,-3.3881317890132E-21,-1.));
#11501=DIRECTION('center_axis',(1.18587972757232E-19,-1.,3.38813178901415E-21));
#11502=DIRECTION('ref_axis',(7.93854049169398E-15,-3.3881317890132E-21,
-1.));
#11503=DIRECTION('',(-1.,-1.18587972757232E-19,7.88860905221012E-31));
#11504=DIRECTION('',(-1.,-1.18587972757232E-19,-7.93854049169398E-15));
#11505=DIRECTION('',(7.93854049169398E-15,-3.3881317890132E-21,-1.));
#11506=DIRECTION('center_axis',(-1.,-1.18587972757232E-19,-7.93854049169398E-15));
#11507=DIRECTION('ref_axis',(-7.93854049169398E-15,3.3881317890132E-21,
1.));
#11508=DIRECTION('',(-1.18587972757232E-19,1.,9.35494155375951E-50));
#11509=DIRECTION('',(-1.18587972757232E-19,1.,-3.38813178901415E-21));
#11510=DIRECTION('',(7.93854049169398E-15,-3.3881317890132E-21,-1.));
#11511=DIRECTION('center_axis',(7.93854049169398E-15,-3.3881317890132E-21,
-1.));
#11512=DIRECTION('ref_axis',(-1.,-1.18587972757232E-19,-7.93854049169398E-15));
#11513=DIRECTION('center_axis',(7.88860905221012E-31,-2.42220432067513E-64,
1.));
#11514=DIRECTION('ref_axis',(-1.,-1.18587972757232E-19,-7.93854049169398E-15));
#11515=DIRECTION('center_axis',(-7.93854049169398E-15,3.3881317890132E-21,
1.));
#11516=DIRECTION('ref_axis',(1.,1.18587972757232E-19,7.93854049169398E-15));
#11517=DIRECTION('',(7.93854049169398E-15,-3.3881317890132E-21,-1.));
#11518=DIRECTION('center_axis',(1.18587972757232E-19,-1.,3.38813178901415E-21));
#11519=DIRECTION('ref_axis',(7.93854049169398E-15,-3.3881317890132E-21,
-1.));
#11520=DIRECTION('',(-1.,-1.18587972757232E-19,7.88860905221012E-31));
#11521=DIRECTION('',(-1.,-1.18587972757232E-19,-7.93854049169398E-15));
#11522=DIRECTION('',(7.93854049169398E-15,-3.3881317890132E-21,-1.));
#11523=DIRECTION('center_axis',(-1.,-1.18587972757232E-19,-7.93854049169398E-15));
#11524=DIRECTION('ref_axis',(-7.93854049169398E-15,3.3881317890132E-21,
1.));
#11525=DIRECTION('',(-1.18587972757232E-19,1.,9.35494155375951E-50));
#11526=DIRECTION('',(-1.18587972757232E-19,1.,-3.38813178901415E-21));
#11527=DIRECTION('',(7.93854049169398E-15,-3.3881317890132E-21,-1.));
#11528=DIRECTION('center_axis',(-1.18587972757232E-19,1.,-3.38813178901415E-21));
#11529=DIRECTION('ref_axis',(-7.93854049169398E-15,3.3881317890132E-21,
1.));
#11530=DIRECTION('',(1.,1.18587972757232E-19,-7.88860905221012E-31));
#11531=DIRECTION('',(1.,1.18587972757232E-19,7.93854049169398E-15));
#11532=DIRECTION('',(7.93854049169398E-15,-3.3881317890132E-21,-1.));
#11533=DIRECTION('center_axis',(-7.93854049169398E-15,3.3881317890132E-21,
1.));
#11534=DIRECTION('ref_axis',(1.18587972757232E-19,-1.,3.38813178901415E-21));
#11535=DIRECTION('',(1.,1.18587972757232E-19,7.93854049169398E-15));
#11536=DIRECTION('',(-1.18587972757232E-19,1.,-3.38813178901415E-21));
#11537=DIRECTION('center_axis',(-7.93854049169398E-15,3.3881317890132E-21,
1.));
#11538=DIRECTION('ref_axis',(1.,1.18587972757232E-19,7.93854049169398E-15));
#11539=DIRECTION('',(-1.,-1.18587972757232E-19,-7.93854049169398E-15));
#11540=DIRECTION('',(1.18587972757232E-19,-1.,3.38813178901415E-21));
#11541=DIRECTION('',(1.,1.18587972757232E-19,7.93854049169398E-15));
#11542=DIRECTION('center_axis',(-7.93854049169398E-15,3.3881317890132E-21,
1.));
#11543=DIRECTION('ref_axis',(1.,1.18587972757232E-19,7.93854049169398E-15));
#11544=DIRECTION('',(1.18587972757232E-19,-1.,3.38813178901415E-21));
#11545=DIRECTION('center_axis',(7.93854049169398E-15,-3.3881317890132E-21,
-1.));
#11546=DIRECTION('ref_axis',(-1.,-1.18587972757232E-19,-7.93854049169398E-15));
#11547=DIRECTION('',(-7.93854049169398E-15,3.3881317890132E-21,1.));
#11548=DIRECTION('center_axis',(-7.93854049169398E-15,3.3881317890132E-21,
1.));
#11549=DIRECTION('ref_axis',(1.,1.18587972757232E-19,7.93854049169398E-15));
#11550=DIRECTION('center_axis',(-1.,-1.18587972757232E-19,-7.93854049169398E-15));
#11551=DIRECTION('ref_axis',(-7.93854049169398E-15,3.3881317890132E-21,
1.));
#11552=DIRECTION('',(-1.18587972757232E-19,1.,-3.38813178901415E-21));
#11553=DIRECTION('',(7.93854049169398E-15,-3.3881317890132E-21,-1.));
#11554=DIRECTION('',(-1.18587972757232E-19,1.,-3.38813178901415E-21));
#11555=DIRECTION('',(7.93854049169398E-15,-3.3881317890132E-21,-1.));
#11556=DIRECTION('center_axis',(-1.18587972757232E-19,1.,-3.38813178901415E-21));
#11557=DIRECTION('ref_axis',(-7.93854049169398E-15,3.3881317890132E-21,
1.));
#11558=DIRECTION('',(1.,1.18587972757232E-19,7.93854049169398E-15));
#11559=DIRECTION('',(7.93854049169398E-15,-3.3881317890132E-21,-1.));
#11560=DIRECTION('',(1.,1.18587972757232E-19,7.93854049169398E-15));
#11561=DIRECTION('center_axis',(1.,1.18587972757232E-19,7.93854049169398E-15));
#11562=DIRECTION('ref_axis',(7.93854049169398E-15,-3.3881317890132E-21,
-1.));
#11563=DIRECTION('',(1.18587972757232E-19,-1.,3.38813178901415E-21));
#11564=DIRECTION('',(7.93854049169398E-15,-3.3881317890132E-21,-1.));
#11565=DIRECTION('',(1.18587972757232E-19,-1.,3.38813178901415E-21));
#11566=DIRECTION('center_axis',(7.93854049169398E-15,-3.3881317890132E-21,
-1.));
#11567=DIRECTION('ref_axis',(-1.,-1.18587972757232E-19,-7.93854049169398E-15));
#11568=DIRECTION('center_axis',(-7.93854049169398E-15,3.3881317890132E-21,
1.));
#11569=DIRECTION('ref_axis',(1.,1.18587972757232E-19,7.93854049169398E-15));
#11570=DIRECTION('',(7.93854049169398E-15,-3.3881317890132E-21,-1.));
#11571=DIRECTION('center_axis',(-7.93854049169398E-15,3.3881317890132E-21,
1.));
#11572=DIRECTION('ref_axis',(1.,1.18587972757232E-19,7.93854049169398E-15));
#11573=DIRECTION('center_axis',(-1.18587972757232E-19,1.,-3.38813178901415E-21));
#11574=DIRECTION('ref_axis',(-7.93854049169398E-15,3.3881317890132E-21,
1.));
#11575=DIRECTION('',(1.,1.18587972757232E-19,7.93854049169398E-15));
#11576=DIRECTION('',(7.93854049169398E-15,-3.3881317890132E-21,-1.));
#11577=DIRECTION('',(1.,1.18587972757232E-19,7.93854049169398E-15));
#11578=DIRECTION('center_axis',(1.,1.18587972757232E-19,7.93854049169398E-15));
#11579=DIRECTION('ref_axis',(7.93854049169398E-15,-3.3881317890132E-21,
-1.));
#11580=DIRECTION('',(1.18587972757232E-19,-1.,3.38813178901415E-21));
#11581=DIRECTION('',(7.93854049169398E-15,-3.3881317890132E-21,-1.));
#11582=DIRECTION('',(1.18587972757232E-19,-1.,3.38813178901415E-21));
#11583=DIRECTION('center_axis',(1.18587972757232E-19,-1.,3.38813178901415E-21));
#11584=DIRECTION('ref_axis',(7.93854049169398E-15,-3.3881317890132E-21,
-1.));
#11585=DIRECTION('',(-1.,-1.18587972757232E-19,-7.93854049169398E-15));
#11586=DIRECTION('',(7.93854049169398E-15,-3.3881317890132E-21,-1.));
#11587=DIRECTION('',(-1.,-1.18587972757232E-19,-7.93854049169398E-15));
#11588=DIRECTION('center_axis',(7.93854049169398E-15,-3.3881317890132E-21,
-1.));
#11589=DIRECTION('ref_axis',(-1.,-1.18587972757232E-19,-7.93854049169398E-15));
#11590=DIRECTION('center_axis',(-7.93854049169398E-15,3.3881317890132E-21,
1.));
#11591=DIRECTION('ref_axis',(1.,1.18587972757232E-19,7.93854049169398E-15));
#11592=DIRECTION('',(7.93854049169398E-15,-3.3881317890132E-21,-1.));
#11593=DIRECTION('center_axis',(-7.93854049169398E-15,3.3881317890132E-21,
1.));
#11594=DIRECTION('ref_axis',(1.,1.18587972757232E-19,7.93854049169398E-15));
#11595=DIRECTION('center_axis',(1.,1.18587972757232E-19,7.93854049169398E-15));
#11596=DIRECTION('ref_axis',(7.93854049169398E-15,-3.3881317890132E-21,
-1.));
#11597=DIRECTION('',(1.18587972757232E-19,-1.,3.38813178901415E-21));
#11598=DIRECTION('',(7.93854049169398E-15,-3.3881317890132E-21,-1.));
#11599=DIRECTION('',(1.18587972757232E-19,-1.,3.38813178901415E-21));
#11600=DIRECTION('center_axis',(1.18587972757232E-19,-1.,3.38813178901415E-21));
#11601=DIRECTION('ref_axis',(7.93854049169398E-15,-3.3881317890132E-21,
-1.));
#11602=DIRECTION('',(-1.,-1.18587972757232E-19,-7.93854049169398E-15));
#11603=DIRECTION('',(7.93854049169398E-15,-3.3881317890132E-21,-1.));
#11604=DIRECTION('',(-1.,-1.18587972757232E-19,-7.93854049169398E-15));
#11605=DIRECTION('center_axis',(-1.,-1.18587972757232E-19,-7.93854049169398E-15));
#11606=DIRECTION('ref_axis',(-7.93854049169398E-15,3.3881317890132E-21,
1.));
#11607=DIRECTION('',(-1.18587972757232E-19,1.,-3.38813178901415E-21));
#11608=DIRECTION('',(7.93854049169398E-15,-3.3881317890132E-21,-1.));
#11609=DIRECTION('',(-1.18587972757232E-19,1.,-3.38813178901415E-21));
#11610=DIRECTION('center_axis',(7.93854049169398E-15,-3.3881317890132E-21,
-1.));
#11611=DIRECTION('ref_axis',(-1.,-1.18587972757232E-19,-7.93854049169398E-15));
#11612=DIRECTION('center_axis',(-7.93854049169398E-15,3.3881317890132E-21,
1.));
#11613=DIRECTION('ref_axis',(1.,1.18587972757232E-19,7.93854049169398E-15));
#11614=DIRECTION('',(7.93854049169398E-15,-3.3881317890132E-21,-1.));
#11615=DIRECTION('center_axis',(-7.93854049169398E-15,3.3881317890132E-21,
1.));
#11616=DIRECTION('ref_axis',(1.,1.18587972757232E-19,7.93854049169398E-15));
#11617=DIRECTION('center_axis',(1.18587972757232E-19,-1.,3.38813178901415E-21));
#11618=DIRECTION('ref_axis',(7.93854049169398E-15,-3.3881317890132E-21,
-1.));
#11619=DIRECTION('',(-1.,-1.18587972757232E-19,-7.93854049169398E-15));
#11620=DIRECTION('',(7.93854049169398E-15,-3.3881317890132E-21,-1.));
#11621=DIRECTION('',(-1.,-1.18587972757232E-19,-7.93854049169398E-15));
#11622=DIRECTION('center_axis',(-1.,-1.18587972757232E-19,-7.93854049169398E-15));
#11623=DIRECTION('ref_axis',(-7.93854049169398E-15,3.3881317890132E-21,
1.));
#11624=DIRECTION('',(-1.18587972757232E-19,1.,-3.38813178901415E-21));
#11625=DIRECTION('',(7.93854049169398E-15,-3.3881317890132E-21,-1.));
#11626=DIRECTION('',(-1.18587972757232E-19,1.,-3.38813178901415E-21));
#11627=DIRECTION('center_axis',(-1.18587972757232E-19,1.,-3.38813178901415E-21));
#11628=DIRECTION('ref_axis',(-7.93854049169398E-15,3.3881317890132E-21,
1.));
#11629=DIRECTION('',(1.,1.18587972757232E-19,7.93854049169398E-15));
#11630=DIRECTION('',(7.93854049169398E-15,-3.3881317890132E-21,-1.));
#11631=DIRECTION('',(1.,1.18587972757232E-19,7.93854049169398E-15));
#11632=DIRECTION('center_axis',(7.93854049169398E-15,-3.3881317890132E-21,
-1.));
#11633=DIRECTION('ref_axis',(-1.,-1.18587972757232E-19,-7.93854049169398E-15));
#11634=DIRECTION('center_axis',(-7.93854049169398E-15,3.3881317890132E-21,
1.));
#11635=DIRECTION('ref_axis',(1.,1.18587972757232E-19,7.93854049169398E-15));
#11636=DIRECTION('',(-7.93854049169398E-15,3.3881317890132E-21,1.));
#11637=DIRECTION('center_axis',(-7.93854049169398E-15,3.3881317890132E-21,
1.));
#11638=DIRECTION('ref_axis',(1.,1.18587972757232E-19,7.93854049169398E-15));
#11639=DIRECTION('center_axis',(7.93854049169398E-15,-3.3881317890132E-21,
-1.));
#11640=DIRECTION('ref_axis',(-1.,-1.18587972757232E-19,-7.93854049169398E-15));
#11641=DIRECTION('center_axis',(-7.93854049169398E-15,3.3881317890132E-21,
1.));
#11642=DIRECTION('ref_axis',(1.,1.18587972757232E-19,7.93854049169398E-15));
#11643=DIRECTION('center_axis',(-7.93854049169398E-15,3.3881317890132E-21,
1.));
#11644=DIRECTION('ref_axis',(1.,1.18587972757232E-19,7.93854049169398E-15));
#11645=DIRECTION('center_axis',(-7.93854049169398E-15,3.3881317890132E-21,
1.));
#11646=DIRECTION('ref_axis',(1.,1.18587972757232E-19,7.93854049169398E-15));
#11647=DIRECTION('center_axis',(-7.93854049169398E-15,3.3881317890132E-21,
1.));
#11648=DIRECTION('ref_axis',(1.18587972757232E-19,-1.,3.38813178901415E-21));
#11649=DIRECTION('center_axis',(7.93854049169398E-15,-3.3881317890132E-21,
-1.));
#11650=DIRECTION('ref_axis',(-1.,-1.18587972757232E-19,-7.93854049169398E-15));
#11651=DIRECTION('',(-0.707106781186553,8.65141470348091E-17,0.707106781186542));
#11652=DIRECTION('center_axis',(7.93854049169398E-15,-3.3881317890132E-21,
-1.));
#11653=DIRECTION('ref_axis',(-1.,-1.18587972757232E-19,-7.93854049169398E-15));
#11654=DIRECTION('',(-0.707106781186553,8.65141470348091E-17,0.707106781186542));
#11655=DIRECTION('center_axis',(-7.93854049169398E-15,3.3881317890132E-21,
1.));
#11656=DIRECTION('ref_axis',(1.,1.18587972757232E-19,7.93854049169398E-15));
#11657=DIRECTION('center_axis',(7.93854049169398E-15,-3.3881317890132E-21,
-1.));
#11658=DIRECTION('ref_axis',(-1.,-1.18587972757232E-19,-7.93854049169398E-15));
#11659=DIRECTION('',(-0.707106781186553,8.65141470348091E-17,0.707106781186542));
#11660=DIRECTION('center_axis',(-7.93854049169398E-15,3.3881317890132E-21,
1.));
#11661=DIRECTION('ref_axis',(1.,1.18587972757232E-19,7.93854049169398E-15));
#11662=DIRECTION('center_axis',(0.,1.,0.));
#11663=DIRECTION('ref_axis',(0.,0.,-1.));
#11664=DIRECTION('',(-1.,0.,0.));
#11665=DIRECTION('',(0.,0.,-1.));
#11666=DIRECTION('center_axis',(0.,0.,1.));
#11667=DIRECTION('ref_axis',(2.7E-8,1.,0.));
#11668=DIRECTION('',(0.,1.,0.));
#11669=DIRECTION('center_axis',(1.,0.,0.));
#11670=DIRECTION('ref_axis',(0.,0.,-1.));
#11671=DIRECTION('center_axis',(0.,1.,0.));
#11672=DIRECTION('ref_axis',(0.,0.,-1.));
#11673=DIRECTION('',(-1.,0.,0.));
#11674=DIRECTION('',(0.,0.,-1.));
#11675=DIRECTION('center_axis',(0.,0.,1.));
#11676=DIRECTION('ref_axis',(2.7E-8,1.,0.));
#11677=DIRECTION('',(0.,1.,0.));
#11678=DIRECTION('center_axis',(1.,0.,0.));
#11679=DIRECTION('ref_axis',(0.,0.,-1.));
#11680=DIRECTION('center_axis',(0.,1.,0.));
#11681=DIRECTION('ref_axis',(0.,0.,-1.));
#11682=DIRECTION('',(-1.,0.,0.));
#11683=DIRECTION('',(0.,0.,-1.));
#11684=DIRECTION('center_axis',(0.,0.,1.));
#11685=DIRECTION('ref_axis',(2.7E-8,1.,0.));
#11686=DIRECTION('',(0.,1.,0.));
#11687=DIRECTION('center_axis',(1.,0.,0.));
#11688=DIRECTION('ref_axis',(0.,0.,-1.));
#11689=DIRECTION('center_axis',(0.,0.,1.));
#11690=DIRECTION('ref_axis',(2.7E-8,1.,0.));
#11691=DIRECTION('',(0.,1.,0.));
#11692=DIRECTION('center_axis',(1.,0.,0.));
#11693=DIRECTION('ref_axis',(0.,0.,-1.));
#11694=DIRECTION('center_axis',(0.,1.,0.));
#11695=DIRECTION('ref_axis',(0.,0.,-1.));
#11696=DIRECTION('',(-1.,0.,0.));
#11697=DIRECTION('',(0.,0.,-1.));
#11698=DIRECTION('center_axis',(0.,0.,1.));
#11699=DIRECTION('ref_axis',(2.7E-8,1.,0.));
#11700=DIRECTION('',(0.,1.,0.));
#11701=DIRECTION('center_axis',(1.,0.,0.));
#11702=DIRECTION('ref_axis',(0.,0.,-1.));
#11703=DIRECTION('center_axis',(0.,1.,0.));
#11704=DIRECTION('ref_axis',(0.,0.,-1.));
#11705=DIRECTION('',(-1.,0.,0.));
#11706=DIRECTION('',(0.,0.,-1.));
#11707=DIRECTION('center_axis',(0.,0.,1.));
#11708=DIRECTION('ref_axis',(2.7E-8,1.,0.));
#11709=DIRECTION('',(0.,1.,0.));
#11710=DIRECTION('center_axis',(1.,0.,0.));
#11711=DIRECTION('ref_axis',(0.,0.,-1.));
#11712=DIRECTION('center_axis',(0.,1.,0.));
#11713=DIRECTION('ref_axis',(0.,0.,-1.));
#11714=DIRECTION('',(-1.,0.,0.));
#11715=DIRECTION('',(0.,0.,-1.));
#11716=DIRECTION('center_axis',(0.,0.,1.));
#11717=DIRECTION('ref_axis',(2.7E-8,1.,0.));
#11718=DIRECTION('',(0.,1.,0.));
#11719=DIRECTION('center_axis',(1.,0.,0.));
#11720=DIRECTION('ref_axis',(0.,0.,-1.));
#11721=DIRECTION('center_axis',(0.,1.,0.));
#11722=DIRECTION('ref_axis',(0.,0.,-1.));
#11723=DIRECTION('',(-1.,0.,0.));
#11724=DIRECTION('',(0.,0.,-1.));
#11725=DIRECTION('center_axis',(0.,0.,1.));
#11726=DIRECTION('ref_axis',(2.7E-8,1.,0.));
#11727=DIRECTION('',(0.,1.,0.));
#11728=DIRECTION('center_axis',(1.,0.,0.));
#11729=DIRECTION('ref_axis',(0.,0.,-1.));
#11730=DIRECTION('center_axis',(0.,1.,0.));
#11731=DIRECTION('ref_axis',(0.,0.,-1.));
#11732=DIRECTION('',(-1.,0.,0.));
#11733=DIRECTION('',(0.,0.,-1.));
#11734=DIRECTION('center_axis',(0.,0.,1.));
#11735=DIRECTION('ref_axis',(2.7E-8,1.,0.));
#11736=DIRECTION('',(0.,1.,0.));
#11737=DIRECTION('center_axis',(1.,0.,0.));
#11738=DIRECTION('ref_axis',(0.,0.,-1.));
#11739=DIRECTION('center_axis',(0.,1.,0.));
#11740=DIRECTION('ref_axis',(0.,0.,-1.));
#11741=DIRECTION('',(-1.,0.,0.));
#11742=DIRECTION('',(0.,0.,-1.));
#11743=DIRECTION('center_axis',(0.,0.,1.));
#11744=DIRECTION('ref_axis',(2.7E-8,1.,0.));
#11745=DIRECTION('',(0.,1.,0.));
#11746=DIRECTION('center_axis',(1.,0.,0.));
#11747=DIRECTION('ref_axis',(0.,0.,-1.));
#11748=DIRECTION('center_axis',(0.,1.,0.));
#11749=DIRECTION('ref_axis',(0.,0.,-1.));
#11750=DIRECTION('',(-1.,0.,0.));
#11751=DIRECTION('',(0.,0.,-1.));
#11752=DIRECTION('center_axis',(0.,0.,1.));
#11753=DIRECTION('ref_axis',(2.7E-8,1.,0.));
#11754=DIRECTION('',(0.,1.,0.));
#11755=DIRECTION('center_axis',(1.,0.,0.));
#11756=DIRECTION('ref_axis',(0.,0.,-1.));
#11757=DIRECTION('center_axis',(0.,1.,0.));
#11758=DIRECTION('ref_axis',(0.,0.,-1.));
#11759=DIRECTION('',(-1.,0.,0.));
#11760=DIRECTION('',(0.,0.,-1.));
#11761=DIRECTION('center_axis',(0.,0.,1.));
#11762=DIRECTION('ref_axis',(2.7E-8,1.,0.));
#11763=DIRECTION('',(0.,1.,0.));
#11764=DIRECTION('center_axis',(1.,0.,0.));
#11765=DIRECTION('ref_axis',(0.,0.,-1.));
#11766=DIRECTION('center_axis',(0.,1.,0.));
#11767=DIRECTION('ref_axis',(0.,0.,-1.));
#11768=DIRECTION('',(-1.,0.,0.));
#11769=DIRECTION('',(0.,0.,-1.));
#11770=DIRECTION('center_axis',(0.,0.,1.));
#11771=DIRECTION('ref_axis',(2.7E-8,1.,0.));
#11772=DIRECTION('',(0.,1.,0.));
#11773=DIRECTION('center_axis',(1.,0.,0.));
#11774=DIRECTION('ref_axis',(0.,0.,-1.));
#11775=DIRECTION('center_axis',(0.,1.,0.));
#11776=DIRECTION('ref_axis',(0.,0.,-1.));
#11777=DIRECTION('',(-1.,0.,0.));
#11778=DIRECTION('',(0.,0.,-1.));
#11779=DIRECTION('center_axis',(0.,0.,1.));
#11780=DIRECTION('ref_axis',(2.7E-8,1.,0.));
#11781=DIRECTION('',(0.,1.,0.));
#11782=DIRECTION('center_axis',(1.,0.,0.));
#11783=DIRECTION('ref_axis',(0.,0.,-1.));
#11784=DIRECTION('center_axis',(0.,1.,0.));
#11785=DIRECTION('ref_axis',(0.,0.,-1.));
#11786=DIRECTION('',(-1.,0.,0.));
#11787=DIRECTION('',(0.,0.,-1.));
#11788=DIRECTION('center_axis',(0.,0.,1.));
#11789=DIRECTION('ref_axis',(2.7E-8,1.,0.));
#11790=DIRECTION('',(0.,1.,0.));
#11791=DIRECTION('center_axis',(1.,0.,0.));
#11792=DIRECTION('ref_axis',(0.,0.,-1.));
#11793=DIRECTION('center_axis',(0.,0.,1.));
#11794=DIRECTION('ref_axis',(0.,-1.,0.));
#11795=DIRECTION('',(-1.,0.,0.));
#11796=DIRECTION('center_axis',(0.,0.,1.));
#11797=DIRECTION('ref_axis',(1.,0.,0.));
#11798=DIRECTION('',(0.,1.,0.));
#11799=DIRECTION('center_axis',(0.,0.,1.));
#11800=DIRECTION('ref_axis',(1.,0.,0.));
#11801=DIRECTION('',(-1.,0.,0.));
#11802=DIRECTION('center_axis',(0.,0.,1.));
#11803=DIRECTION('ref_axis',(1.,0.,0.));
#11804=DIRECTION('',(0.,1.,0.));
#11805=DIRECTION('center_axis',(0.,0.,1.));
#11806=DIRECTION('ref_axis',(1.,0.,0.));
#11807=DIRECTION('center_axis',(0.,0.,-1.));
#11808=DIRECTION('ref_axis',(1.,0.,0.));
#11809=DIRECTION('center_axis',(0.,0.,-1.));
#11810=DIRECTION('ref_axis',(1.,0.,0.));
#11811=DIRECTION('center_axis',(0.,0.,-1.));
#11812=DIRECTION('ref_axis',(1.,0.,0.));
#11813=DIRECTION('center_axis',(0.,-1.,0.));
#11814=DIRECTION('ref_axis',(0.,0.,-1.));
#11815=DIRECTION('',(0.,0.,-1.));
#11816=DIRECTION('',(0.,0.,1.));
#11817=DIRECTION('center_axis',(-1.,0.,0.));
#11818=DIRECTION('ref_axis',(0.,0.,1.));
#11819=DIRECTION('',(0.,0.,-1.));
#11820=DIRECTION('',(0.,0.,1.));
#11821=DIRECTION('center_axis',(0.,1.,0.));
#11822=DIRECTION('ref_axis',(0.,0.,1.));
#11823=DIRECTION('',(1.,0.,-7.88860905221012E-31));
#11824=DIRECTION('',(0.,0.,-1.));
#11825=DIRECTION('',(1.,0.,0.));
#11826=DIRECTION('',(0.,0.,-1.));
#11827=DIRECTION('center_axis',(1.,0.,0.));
#11828=DIRECTION('ref_axis',(0.,0.,-1.));
#11829=DIRECTION('',(0.,-1.,-2.42220432067513E-64));
#11830=DIRECTION('',(0.,-1.,0.));
#11831=DIRECTION('',(0.,0.,-1.));
#11832=DIRECTION('center_axis',(0.,0.,-1.));
#11833=DIRECTION('ref_axis',(-1.,0.,0.));
#11834=DIRECTION('center_axis',(7.88860905221012E-31,-2.42220432067513E-64,
1.));
#11835=DIRECTION('ref_axis',(-1.,0.,0.));
#11836=DIRECTION('center_axis',(0.,0.,1.));
#11837=DIRECTION('ref_axis',(1.,0.,0.));
#11838=DIRECTION('',(0.,0.,-1.));
#11839=DIRECTION('center_axis',(0.,1.,0.));
#11840=DIRECTION('ref_axis',(0.,0.,1.));
#11841=DIRECTION('',(1.,0.,-7.88860905221012E-31));
#11842=DIRECTION('',(1.,0.,0.));
#11843=DIRECTION('',(0.,0.,-1.));
#11844=DIRECTION('center_axis',(1.,0.,0.));
#11845=DIRECTION('ref_axis',(0.,0.,-1.));
#11846=DIRECTION('',(0.,-1.,-2.42220432067513E-64));
#11847=DIRECTION('',(0.,-1.,0.));
#11848=DIRECTION('',(0.,0.,-1.));
#11849=DIRECTION('center_axis',(0.,-1.,0.));
#11850=DIRECTION('ref_axis',(0.,0.,-1.));
#11851=DIRECTION('',(-1.,0.,7.88860905221012E-31));
#11852=DIRECTION('',(-1.,0.,0.));
#11853=DIRECTION('',(0.,0.,-1.));
#11854=DIRECTION('center_axis',(0.,0.,-1.));
#11855=DIRECTION('ref_axis',(-1.,0.,0.));
#11856=DIRECTION('center_axis',(7.88860905221012E-31,-2.42220432067513E-64,
1.));
#11857=DIRECTION('ref_axis',(-1.,0.,0.));
#11858=DIRECTION('center_axis',(0.,0.,1.));
#11859=DIRECTION('ref_axis',(1.,0.,0.));
#11860=DIRECTION('',(0.,0.,-1.));
#11861=DIRECTION('center_axis',(1.,0.,0.));
#11862=DIRECTION('ref_axis',(0.,0.,-1.));
#11863=DIRECTION('',(0.,-1.,-2.42220432067513E-64));
#11864=DIRECTION('',(0.,-1.,0.));
#11865=DIRECTION('',(0.,0.,-1.));
#11866=DIRECTION('center_axis',(0.,0.,1.));
#11867=DIRECTION('ref_axis',(0.,-1.,0.));
#11868=DIRECTION('center_axis',(0.,0.,1.));
#11869=DIRECTION('ref_axis',(1.,0.,0.));
#11870=DIRECTION('',(0.,1.,0.));
#11871=DIRECTION('',(-1.,0.,0.));
#11872=DIRECTION('',(0.,1.,0.));
#11873=DIRECTION('center_axis',(0.,0.,1.));
#11874=DIRECTION('ref_axis',(1.,0.,0.));
#11875=DIRECTION('',(1.,0.,0.));
#11876=DIRECTION('',(0.,1.,0.));
#11877=DIRECTION('',(-1.,0.,0.));
#11878=DIRECTION('center_axis',(0.,0.,-1.));
#11879=DIRECTION('ref_axis',(-1.,0.,0.));
#11880=DIRECTION('center_axis',(7.88860905221012E-31,-2.42220432067513E-64,
1.));
#11881=DIRECTION('ref_axis',(-1.,0.,0.));
#11882=DIRECTION('',(0.,0.,-1.));
#11883=DIRECTION('center_axis',(0.,0.,1.));
#11884=DIRECTION('ref_axis',(1.,0.,0.));
#11885=DIRECTION('',(0.,0.,-1.));
#11886=DIRECTION('center_axis',(1.,0.,0.));
#11887=DIRECTION('ref_axis',(0.,0.,-1.));
#11888=DIRECTION('',(0.,-1.,-2.42220432067513E-64));
#11889=DIRECTION('',(0.,-1.,0.));
#11890=DIRECTION('',(0.,0.,-1.));
#11891=DIRECTION('center_axis',(0.,-1.,0.));
#11892=DIRECTION('ref_axis',(0.,0.,-1.));
#11893=DIRECTION('',(-1.,0.,7.88860905221012E-31));
#11894=DIRECTION('',(-1.,0.,0.));
#11895=DIRECTION('',(0.,0.,-1.));
#11896=DIRECTION('center_axis',(-1.,0.,0.));
#11897=DIRECTION('ref_axis',(0.,0.,1.));
#11898=DIRECTION('',(0.,1.,2.42220432067513E-64));
#11899=DIRECTION('',(0.,1.,0.));
#11900=DIRECTION('',(0.,0.,-1.));
#11901=DIRECTION('center_axis',(0.,0.,-1.));
#11902=DIRECTION('ref_axis',(-1.,0.,0.));
#11903=DIRECTION('center_axis',(7.88860905221012E-31,-2.42220432067513E-64,
1.));
#11904=DIRECTION('ref_axis',(-1.,0.,0.));
#11905=DIRECTION('center_axis',(0.,0.,1.));
#11906=DIRECTION('ref_axis',(1.,0.,0.));
#11907=DIRECTION('',(0.,0.,-1.));
#11908=DIRECTION('center_axis',(0.,-1.,0.));
#11909=DIRECTION('ref_axis',(0.,0.,-1.));
#11910=DIRECTION('',(-1.,0.,7.88860905221012E-31));
#11911=DIRECTION('',(-1.,0.,0.));
#11912=DIRECTION('',(0.,0.,-1.));
#11913=DIRECTION('center_axis',(-1.,0.,0.));
#11914=DIRECTION('ref_axis',(0.,0.,1.));
#11915=DIRECTION('',(0.,1.,2.42220432067513E-64));
#11916=DIRECTION('',(0.,1.,0.));
#11917=DIRECTION('',(0.,0.,-1.));
#11918=DIRECTION('center_axis',(0.,1.,0.));
#11919=DIRECTION('ref_axis',(0.,0.,1.));
#11920=DIRECTION('',(1.,0.,-7.88860905221012E-31));
#11921=DIRECTION('',(1.,0.,0.));
#11922=DIRECTION('',(0.,0.,-1.));
#11923=DIRECTION('center_axis',(0.,0.,1.));
#11924=DIRECTION('ref_axis',(0.,-1.,0.));
#11925=DIRECTION('',(1.,0.,0.));
#11926=DIRECTION('',(0.,1.,0.));
#11927=DIRECTION('center_axis',(0.,0.,1.));
#11928=DIRECTION('ref_axis',(1.,0.,0.));
#11929=DIRECTION('',(-1.,0.,0.));
#11930=DIRECTION('',(0.,-1.,0.));
#11931=DIRECTION('',(1.,0.,0.));
#11932=DIRECTION('center_axis',(0.,0.,1.));
#11933=DIRECTION('ref_axis',(1.,0.,0.));
#11934=DIRECTION('',(0.,-1.,0.));
#11935=DIRECTION('center_axis',(0.,0.,-1.));
#11936=DIRECTION('ref_axis',(-1.,0.,0.));
#11937=DIRECTION('',(0.,0.,1.));
#11938=DIRECTION('center_axis',(0.,0.,1.));
#11939=DIRECTION('ref_axis',(1.,0.,0.));
#11940=DIRECTION('center_axis',(-1.,0.,0.));
#11941=DIRECTION('ref_axis',(0.,0.,1.));
#11942=DIRECTION('',(0.,1.,0.));
#11943=DIRECTION('',(0.,0.,-1.));
#11944=DIRECTION('',(0.,1.,0.));
#11945=DIRECTION('',(0.,0.,-1.));
#11946=DIRECTION('center_axis',(0.,1.,0.));
#11947=DIRECTION('ref_axis',(0.,0.,1.));
#11948=DIRECTION('',(1.,0.,0.));
#11949=DIRECTION('',(0.,0.,-1.));
#11950=DIRECTION('',(1.,0.,0.));
#11951=DIRECTION('center_axis',(1.,0.,0.));
#11952=DIRECTION('ref_axis',(0.,0.,-1.));
#11953=DIRECTION('',(0.,-1.,0.));
#11954=DIRECTION('',(0.,0.,-1.));
#11955=DIRECTION('',(0.,-1.,0.));
#11956=DIRECTION('center_axis',(0.,0.,-1.));
#11957=DIRECTION('ref_axis',(-1.,0.,0.));
#11958=DIRECTION('center_axis',(0.,0.,1.));
#11959=DIRECTION('ref_axis',(1.,0.,0.));
#11960=DIRECTION('',(0.,0.,-1.));
#11961=DIRECTION('center_axis',(0.,0.,1.));
#11962=DIRECTION('ref_axis',(1.,0.,0.));
#11963=DIRECTION('center_axis',(0.,1.,0.));
#11964=DIRECTION('ref_axis',(0.,0.,1.));
#11965=DIRECTION('',(1.,0.,0.));
#11966=DIRECTION('',(0.,0.,-1.));
#11967=DIRECTION('',(1.,0.,0.));
#11968=DIRECTION('center_axis',(1.,0.,0.));
#11969=DIRECTION('ref_axis',(0.,0.,-1.));
#11970=DIRECTION('',(0.,-1.,0.));
#11971=DIRECTION('',(0.,0.,-1.));
#11972=DIRECTION('',(0.,-1.,0.));
#11973=DIRECTION('center_axis',(0.,-1.,0.));
#11974=DIRECTION('ref_axis',(0.,0.,-1.));
#11975=DIRECTION('',(-1.,0.,0.));
#11976=DIRECTION('',(0.,0.,-1.));
#11977=DIRECTION('',(-1.,0.,0.));
#11978=DIRECTION('center_axis',(0.,0.,-1.));
#11979=DIRECTION('ref_axis',(-1.,0.,0.));
#11980=DIRECTION('center_axis',(0.,0.,1.));
#11981=DIRECTION('ref_axis',(1.,0.,0.));
#11982=DIRECTION('',(0.,0.,-1.));
#11983=DIRECTION('center_axis',(0.,0.,1.));
#11984=DIRECTION('ref_axis',(1.,0.,0.));
#11985=DIRECTION('center_axis',(1.,0.,0.));
#11986=DIRECTION('ref_axis',(0.,0.,-1.));
#11987=DIRECTION('',(0.,-1.,0.));
#11988=DIRECTION('',(0.,0.,-1.));
#11989=DIRECTION('',(0.,-1.,0.));
#11990=DIRECTION('center_axis',(0.,-1.,0.));
#11991=DIRECTION('ref_axis',(0.,0.,-1.));
#11992=DIRECTION('',(-1.,0.,0.));
#11993=DIRECTION('',(0.,0.,-1.));
#11994=DIRECTION('',(-1.,0.,0.));
#11995=DIRECTION('center_axis',(-1.,0.,0.));
#11996=DIRECTION('ref_axis',(0.,0.,1.));
#11997=DIRECTION('',(0.,1.,0.));
#11998=DIRECTION('',(0.,0.,-1.));
#11999=DIRECTION('',(0.,1.,0.));
#12000=DIRECTION('center_axis',(0.,0.,-1.));
#12001=DIRECTION('ref_axis',(-1.,0.,0.));
#12002=DIRECTION('center_axis',(0.,0.,1.));
#12003=DIRECTION('ref_axis',(1.,0.,0.));
#12004=DIRECTION('',(0.,0.,-1.));
#12005=DIRECTION('center_axis',(0.,0.,1.));
#12006=DIRECTION('ref_axis',(1.,0.,0.));
#12007=DIRECTION('center_axis',(0.,-1.,0.));
#12008=DIRECTION('ref_axis',(0.,0.,-1.));
#12009=DIRECTION('',(-1.,0.,0.));
#12010=DIRECTION('',(0.,0.,-1.));
#12011=DIRECTION('',(-1.,0.,0.));
#12012=DIRECTION('center_axis',(-1.,0.,0.));
#12013=DIRECTION('ref_axis',(0.,0.,1.));
#12014=DIRECTION('',(0.,1.,0.));
#12015=DIRECTION('',(0.,0.,-1.));
#12016=DIRECTION('',(0.,1.,0.));
#12017=DIRECTION('center_axis',(0.,1.,0.));
#12018=DIRECTION('ref_axis',(0.,0.,1.));
#12019=DIRECTION('',(1.,0.,0.));
#12020=DIRECTION('',(0.,0.,-1.));
#12021=DIRECTION('',(1.,0.,0.));
#12022=DIRECTION('center_axis',(0.,0.,-1.));
#12023=DIRECTION('ref_axis',(-1.,0.,0.));
#12024=DIRECTION('center_axis',(0.,0.,1.));
#12025=DIRECTION('ref_axis',(1.,0.,0.));
#12026=DIRECTION('',(0.,0.,1.));
#12027=DIRECTION('center_axis',(0.,0.,1.));
#12028=DIRECTION('ref_axis',(1.,0.,0.));
#12029=DIRECTION('center_axis',(0.,0.,-1.));
#12030=DIRECTION('ref_axis',(-1.,0.,0.));
#12031=DIRECTION('center_axis',(0.,0.,1.));
#12032=DIRECTION('ref_axis',(1.,0.,0.));
#12033=DIRECTION('center_axis',(0.,0.,1.));
#12034=DIRECTION('ref_axis',(1.,0.,0.));
#12035=DIRECTION('center_axis',(0.,0.,1.));
#12036=DIRECTION('ref_axis',(1.,0.,0.));
#12037=DIRECTION('center_axis',(0.,0.,1.));
#12038=DIRECTION('ref_axis',(0.,-1.,0.));
#12039=DIRECTION('center_axis',(0.,0.,-1.));
#12040=DIRECTION('ref_axis',(-1.,0.,0.));
#12041=DIRECTION('',(-0.707106781186547,8.65956056235493E-17,0.707106781186547));
#12042=DIRECTION('center_axis',(0.,0.,-1.));
#12043=DIRECTION('ref_axis',(-1.,0.,0.));
#12044=DIRECTION('',(-0.707106781186548,8.65956056235493E-17,0.707106781186548));
#12045=DIRECTION('center_axis',(0.,0.,1.));
#12046=DIRECTION('ref_axis',(1.,0.,0.));
#12047=DIRECTION('center_axis',(0.,0.,-1.));
#12048=DIRECTION('ref_axis',(-1.,0.,0.));
#12049=DIRECTION('',(-0.707106781186548,8.65956056235493E-17,0.707106781186548));
#12050=DIRECTION('center_axis',(0.,0.,1.));
#12051=DIRECTION('ref_axis',(1.,0.,0.));
#12052=DIRECTION('center_axis',(7.93854049169398E-15,-3.3881317890132E-21,
-1.));
#12053=DIRECTION('ref_axis',(-1.,-1.18587972757232E-19,-7.93854049169398E-15));
#12054=DIRECTION('',(-7.93854049169398E-15,3.3881317890132E-21,1.));
#12055=DIRECTION('center_axis',(7.88860905221012E-31,-2.42220432067513E-64,
1.));
#12056=DIRECTION('ref_axis',(-1.,-1.18587972757232E-19,-7.93854049169398E-15));
#12057=DIRECTION('center_axis',(7.93854049169398E-15,-3.3881317890132E-21,
-1.));
#12058=DIRECTION('ref_axis',(-1.,-1.18587972757232E-19,-7.93854049169398E-15));
#12059=DIRECTION('',(-7.93854049169398E-15,3.3881317890132E-21,1.));
#12060=DIRECTION('center_axis',(7.88860905221012E-31,-2.42220432067513E-64,
1.));
#12061=DIRECTION('ref_axis',(-1.,-1.18587972757232E-19,-7.93854049169398E-15));
#12062=DIRECTION('center_axis',(0.,0.,-1.));
#12063=DIRECTION('ref_axis',(-1.,0.,0.));
#12064=DIRECTION('',(0.,0.,1.));
#12065=DIRECTION('center_axis',(7.88860905221012E-31,-2.42220432067513E-64,
1.));
#12066=DIRECTION('ref_axis',(-1.,0.,0.));
#12067=DIRECTION('center_axis',(0.,0.,-1.));
#12068=DIRECTION('ref_axis',(-1.,0.,0.));
#12069=DIRECTION('',(0.,0.,1.));
#12070=DIRECTION('center_axis',(7.88860905221012E-31,-2.42220432067513E-64,
1.));
#12071=DIRECTION('ref_axis',(-1.,0.,0.));
#12072=DIRECTION('center_axis',(0.,1.,0.));
#12073=DIRECTION('ref_axis',(-1.,0.,0.));
#12074=DIRECTION('',(3.31409858097062E-16,0.,-1.));
#12075=DIRECTION('center_axis',(-3.31409858097062E-16,0.,1.));
#12076=DIRECTION('ref_axis',(-0.707106781186552,-0.707106781186543,-2.45326946669341E-16));
#12077=DIRECTION('center_axis',(1.,-1.79323324696086E-15,3.31409858097062E-16));
#12078=DIRECTION('ref_axis',(1.79323324696086E-15,1.,-3.64291929955112E-17));
#12079=DIRECTION('center_axis',(1.,-7.19213198709001E-30,2.89983625834929E-16));
#12080=DIRECTION('ref_axis',(7.20246817744224E-30,1.,-3.56440482543478E-17));
#12081=DIRECTION('center_axis',(1.,-7.19060765716801E-30,3.31409858097062E-16));
#12082=DIRECTION('ref_axis',(7.20268065084924E-30,1.,-3.64291929955116E-17));
#12083=DIRECTION('center_axis',(-7.93854049169398E-15,3.3881317890132E-21,
1.));
#12084=DIRECTION('ref_axis',(-0.881917103688191,0.471404520791042,-7.00248985834477E-15));
#12085=DIRECTION('',(-7.93854049169398E-15,3.3881317890132E-21,1.));
#12086=DIRECTION('center_axis',(-7.93854049169398E-15,3.3881317890132E-21,
1.));
#12087=DIRECTION('ref_axis',(1.,1.18587972757232E-19,7.93854049169398E-15));
#12088=DIRECTION('',(7.93854049169398E-15,-3.3881317890132E-21,-1.));
#12089=DIRECTION('center_axis',(1.,-2.69999999998814E-8,7.93854049169407E-15));
#12090=DIRECTION('ref_axis',(2.69999999998814E-8,1.,-3.17379119573841E-21));
#12091=DIRECTION('center_axis',(1.18587972757232E-19,-1.,3.38813178901415E-21));
#12092=DIRECTION('ref_axis',(7.93854049169398E-15,-3.3881317890132E-21,
-1.));
#12093=DIRECTION('',(-1.,-1.18587972757232E-19,7.88860905221012E-31));
#12094=DIRECTION('',(7.93854049169398E-15,-3.3881317890132E-21,-1.));
#12095=DIRECTION('center_axis',(-1.,-1.18587972757232E-19,-7.93854049169398E-15));
#12096=DIRECTION('ref_axis',(-7.93854049169398E-15,3.3881317890132E-21,
1.));
#12097=DIRECTION('',(-1.18587972757232E-19,1.,9.35494155375951E-50));
#12098=DIRECTION('',(7.93854049169398E-15,-3.3881317890132E-21,-1.));
#12099=DIRECTION('center_axis',(7.93854049169398E-15,-3.3881317890132E-21,
-1.));
#12100=DIRECTION('ref_axis',(-1.,-1.18587972757232E-19,-7.93854049169398E-15));
#12101=DIRECTION('center_axis',(7.88860905221012E-31,-2.42220432067513E-64,
1.));
#12102=DIRECTION('ref_axis',(-1.,-1.18587972757232E-19,-7.93854049169398E-15));
#12103=DIRECTION('',(7.93854049169398E-15,-3.3881317890132E-21,-1.));
#12104=DIRECTION('center_axis',(1.18587972757232E-19,-1.,3.38813178901415E-21));
#12105=DIRECTION('ref_axis',(7.93854049169398E-15,-3.3881317890132E-21,
-1.));
#12106=DIRECTION('',(-1.,-1.18587972757232E-19,7.88860905221012E-31));
#12107=DIRECTION('',(7.93854049169398E-15,-3.3881317890132E-21,-1.));
#12108=DIRECTION('center_axis',(-1.,-1.18587972757232E-19,-7.93854049169398E-15));
#12109=DIRECTION('ref_axis',(-7.93854049169398E-15,3.3881317890132E-21,
1.));
#12110=DIRECTION('',(-1.18587972757232E-19,1.,9.35494155375951E-50));
#12111=DIRECTION('',(7.93854049169398E-15,-3.3881317890132E-21,-1.));
#12112=DIRECTION('center_axis',(-1.18587972757232E-19,1.,-3.38813178901415E-21));
#12113=DIRECTION('ref_axis',(-7.93854049169398E-15,3.3881317890132E-21,
1.));
#12114=DIRECTION('',(1.,1.18587972757232E-19,-7.88860905221012E-31));
#12115=DIRECTION('',(7.93854049169398E-15,-3.3881317890132E-21,-1.));
#12116=DIRECTION('center_axis',(7.93854049169398E-15,-3.3881317890132E-21,
-1.));
#12117=DIRECTION('ref_axis',(-1.,-1.18587972757232E-19,-7.93854049169398E-15));
#12118=DIRECTION('center_axis',(7.88860905221012E-31,-2.42220432067513E-64,
1.));
#12119=DIRECTION('ref_axis',(-1.,-1.18587972757232E-19,-7.93854049169398E-15));
#12120=DIRECTION('',(7.93854049169398E-15,-3.3881317890132E-21,-1.));
#12121=DIRECTION('center_axis',(-1.,-1.18587972757232E-19,-7.93854049169398E-15));
#12122=DIRECTION('ref_axis',(-7.93854049169398E-15,3.3881317890132E-21,
1.));
#12123=DIRECTION('',(-1.18587972757232E-19,1.,9.35494155375951E-50));
#12124=DIRECTION('center_axis',(7.93854049169398E-15,-3.3881317890132E-21,
-1.));
#12125=DIRECTION('ref_axis',(-1.,-1.18587972757232E-19,-7.93854049169398E-15));
#12126=DIRECTION('center_axis',(7.88860905221012E-31,-2.42220432067513E-64,
1.));
#12127=DIRECTION('ref_axis',(-1.,-1.18587972757232E-19,-7.93854049169398E-15));
#12128=DIRECTION('',(7.93854049169398E-15,-3.3881317890132E-21,-1.));
#12129=DIRECTION('center_axis',(-1.,-1.18587972757232E-19,-7.93854049169398E-15));
#12130=DIRECTION('ref_axis',(-7.93854049169398E-15,3.3881317890132E-21,
1.));
#12131=DIRECTION('',(-1.18587972757232E-19,1.,9.35494155375951E-50));
#12132=DIRECTION('',(7.93854049169398E-15,-3.3881317890132E-21,-1.));
#12133=DIRECTION('center_axis',(-1.18587972757232E-19,1.,-3.38813178901415E-21));
#12134=DIRECTION('ref_axis',(-7.93854049169398E-15,3.3881317890132E-21,
1.));
#12135=DIRECTION('',(1.,1.18587972757232E-19,-7.88860905221012E-31));
#12136=DIRECTION('',(7.93854049169398E-15,-3.3881317890132E-21,-1.));
#12137=DIRECTION('center_axis',(1.,1.18587972757232E-19,7.93854049169398E-15));
#12138=DIRECTION('ref_axis',(7.93854049169398E-15,-3.3881317890132E-21,
-1.));
#12139=DIRECTION('',(1.18587972757232E-19,-1.,-9.35494155375951E-50));
#12140=DIRECTION('',(7.93854049169398E-15,-3.3881317890132E-21,-1.));
#12141=DIRECTION('center_axis',(7.93854049169398E-15,-3.3881317890132E-21,
-1.));
#12142=DIRECTION('ref_axis',(-1.,-1.18587972757232E-19,-7.93854049169398E-15));
#12143=DIRECTION('center_axis',(7.88860905221012E-31,-2.42220432067513E-64,
1.));
#12144=DIRECTION('ref_axis',(-1.,-1.18587972757232E-19,-7.93854049169398E-15));
#12145=DIRECTION('',(7.93854049169398E-15,-3.3881317890132E-21,-1.));
#12146=DIRECTION('center_axis',(-1.18587972757232E-19,1.,-3.38813178901415E-21));
#12147=DIRECTION('ref_axis',(-7.93854049169398E-15,3.3881317890132E-21,
1.));
#12148=DIRECTION('',(1.,1.18587972757232E-19,-7.88860905221012E-31));
#12149=DIRECTION('',(7.93854049169398E-15,-3.3881317890132E-21,-1.));
#12150=DIRECTION('center_axis',(1.,1.18587972757232E-19,7.93854049169398E-15));
#12151=DIRECTION('ref_axis',(7.93854049169398E-15,-3.3881317890132E-21,
-1.));
#12152=DIRECTION('',(1.18587972757232E-19,-1.,-9.35494155375951E-50));
#12153=DIRECTION('',(7.93854049169398E-15,-3.3881317890132E-21,-1.));
#12154=DIRECTION('center_axis',(1.18587972757232E-19,-1.,3.38813178901415E-21));
#12155=DIRECTION('ref_axis',(7.93854049169398E-15,-3.3881317890132E-21,
-1.));
#12156=DIRECTION('',(-1.,-1.18587972757232E-19,7.88860905221012E-31));
#12157=DIRECTION('center_axis',(7.93854049169398E-15,-3.3881317890132E-21,
-1.));
#12158=DIRECTION('ref_axis',(-1.,-1.18587972757232E-19,-7.93854049169398E-15));
#12159=DIRECTION('',(7.93854049169398E-15,-3.3881317890132E-21,-1.));
#12160=DIRECTION('center_axis',(1.18587972757232E-19,-1.,3.38813178901415E-21));
#12161=DIRECTION('ref_axis',(7.93854049169398E-15,-3.3881317890132E-21,
-1.));
#12162=DIRECTION('',(-7.93854049169398E-15,3.3881317890132E-21,1.));
#12163=DIRECTION('center_axis',(-7.93854049169398E-15,3.3881317890132E-21,
1.));
#12164=DIRECTION('ref_axis',(1.,1.18587972757232E-19,7.93854049169398E-15));
#12165=DIRECTION('',(7.93854049169398E-15,-3.3881317890132E-21,-1.));
#12166=DIRECTION('center_axis',(-1.,-1.18587972757232E-19,-7.93854049169398E-15));
#12167=DIRECTION('ref_axis',(-7.93854049169398E-15,3.3881317890132E-21,
1.));
#12168=DIRECTION('center_axis',(0.,-1.,0.));
#12169=DIRECTION('ref_axis',(0.,0.,-1.));
#12170=DIRECTION('',(-1.,0.,7.88860905221012E-31));
#12171=DIRECTION('',(0.,0.,-1.));
#12172=DIRECTION('center_axis',(-1.,0.,0.));
#12173=DIRECTION('ref_axis',(0.,0.,1.));
#12174=DIRECTION('',(0.,1.,2.42220432067513E-64));
#12175=DIRECTION('',(0.,0.,-1.));
#12176=DIRECTION('center_axis',(0.,0.,-1.));
#12177=DIRECTION('ref_axis',(-1.,0.,0.));
#12178=DIRECTION('center_axis',(7.88860905221012E-31,-2.42220432067513E-64,
1.));
#12179=DIRECTION('ref_axis',(-1.,0.,0.));
#12180=DIRECTION('',(0.,0.,-1.));
#12181=DIRECTION('center_axis',(0.,-1.,0.));
#12182=DIRECTION('ref_axis',(0.,0.,-1.));
#12183=DIRECTION('',(-1.,0.,7.88860905221012E-31));
#12184=DIRECTION('',(0.,0.,-1.));
#12185=DIRECTION('center_axis',(-1.,0.,0.));
#12186=DIRECTION('ref_axis',(0.,0.,1.));
#12187=DIRECTION('',(0.,1.,2.42220432067513E-64));
#12188=DIRECTION('',(0.,0.,-1.));
#12189=DIRECTION('center_axis',(0.,1.,0.));
#12190=DIRECTION('ref_axis',(0.,0.,1.));
#12191=DIRECTION('',(1.,0.,-7.88860905221012E-31));
#12192=DIRECTION('',(0.,0.,-1.));
#12193=DIRECTION('center_axis',(0.,0.,-1.));
#12194=DIRECTION('ref_axis',(-1.,0.,0.));
#12195=DIRECTION('center_axis',(7.88860905221012E-31,-2.42220432067513E-64,
1.));
#12196=DIRECTION('ref_axis',(-1.,0.,0.));
#12197=DIRECTION('',(0.,0.,-1.));
#12198=DIRECTION('center_axis',(-1.,0.,0.));
#12199=DIRECTION('ref_axis',(0.,0.,1.));
#12200=DIRECTION('',(0.,1.,2.42220432067513E-64));
#12201=DIRECTION('center_axis',(0.,0.,-1.));
#12202=DIRECTION('ref_axis',(-1.,0.,0.));
#12203=DIRECTION('center_axis',(7.88860905221012E-31,-2.42220432067513E-64,
1.));
#12204=DIRECTION('ref_axis',(-1.,0.,0.));
#12205=DIRECTION('',(0.,0.,-1.));
#12206=DIRECTION('center_axis',(-1.,0.,0.));
#12207=DIRECTION('ref_axis',(0.,0.,1.));
#12208=DIRECTION('',(0.,1.,2.42220432067513E-64));
#12209=DIRECTION('',(0.,0.,-1.));
#12210=DIRECTION('center_axis',(0.,1.,0.));
#12211=DIRECTION('ref_axis',(0.,0.,1.));
#12212=DIRECTION('',(1.,0.,-7.88860905221012E-31));
#12213=DIRECTION('',(0.,0.,-1.));
#12214=DIRECTION('center_axis',(1.,0.,0.));
#12215=DIRECTION('ref_axis',(0.,0.,-1.));
#12216=DIRECTION('',(0.,-1.,-2.42220432067513E-64));
#12217=DIRECTION('',(0.,0.,-1.));
#12218=DIRECTION('center_axis',(0.,0.,-1.));
#12219=DIRECTION('ref_axis',(-1.,0.,0.));
#12220=DIRECTION('center_axis',(7.88860905221012E-31,-2.42220432067513E-64,
1.));
#12221=DIRECTION('ref_axis',(-1.,0.,0.));
#12222=DIRECTION('',(0.,0.,-1.));
#12223=DIRECTION('center_axis',(0.,1.,0.));
#12224=DIRECTION('ref_axis',(0.,0.,1.));
#12225=DIRECTION('',(1.,0.,-7.88860905221012E-31));
#12226=DIRECTION('',(0.,0.,-1.));
#12227=DIRECTION('center_axis',(1.,0.,0.));
#12228=DIRECTION('ref_axis',(0.,0.,-1.));
#12229=DIRECTION('',(0.,-1.,-2.42220432067513E-64));
#12230=DIRECTION('',(0.,0.,-1.));
#12231=DIRECTION('center_axis',(0.,-1.,0.));
#12232=DIRECTION('ref_axis',(0.,0.,-1.));
#12233=DIRECTION('',(-1.,0.,7.88860905221012E-31));
#12234=DIRECTION('center_axis',(0.,0.,-1.));
#12235=DIRECTION('ref_axis',(-1.,0.,0.));
#12236=DIRECTION('',(0.,0.,-1.));
#12237=DIRECTION('center_axis',(0.,-1.,0.));
#12238=DIRECTION('ref_axis',(0.,0.,-1.));
#12239=DIRECTION('',(0.,0.,1.));
#12240=DIRECTION('center_axis',(0.,0.,1.));
#12241=DIRECTION('ref_axis',(1.,0.,0.));
#12242=DIRECTION('',(0.,0.,-1.));
#12243=DIRECTION('center_axis',(-1.,0.,0.));
#12244=DIRECTION('ref_axis',(0.,0.,1.));
#12245=DIRECTION('center_axis',(7.88860905221012E-31,-2.42220432067513E-64,
1.));
#12246=DIRECTION('ref_axis',(1.,0.,-7.88860905221012E-31));
#12247=DIRECTION('center_axis',(7.88860905221012E-31,-2.42220432067513E-64,
1.));
#12248=DIRECTION('ref_axis',(1.,0.,-7.88860905221012E-31));
#12249=DIRECTION('center_axis',(7.88860905221012E-31,-2.42220432067513E-64,
1.));
#12250=DIRECTION('ref_axis',(1.,0.,-7.88860905221012E-31));
#12251=DIRECTION('center_axis',(7.88860905221012E-31,-2.42220432067513E-64,
1.));
#12252=DIRECTION('ref_axis',(1.,0.,-7.88860905221012E-31));
#12253=DIRECTION('center_axis',(7.88860905221012E-31,-2.42220432067513E-64,
1.));
#12254=DIRECTION('ref_axis',(1.,0.,-7.88860905221012E-31));
#12255=DIRECTION('center_axis',(7.88860905221012E-31,-2.42220432067513E-64,
1.));
#12256=DIRECTION('ref_axis',(-1.,0.,0.));
#12257=DIRECTION('center_axis',(7.88860905221012E-31,-2.42220432067513E-64,
1.));
#12258=DIRECTION('ref_axis',(-1.,0.,0.));
#12259=DIRECTION('',(1.,0.,-7.88860905221012E-31));
#12260=DIRECTION('',(0.,1.,2.42220432067513E-64));
#12261=DIRECTION('',(-1.,0.,7.88860905221012E-31));
#12262=DIRECTION('center_axis',(7.88860905221012E-31,-2.42220432067513E-64,
1.));
#12263=DIRECTION('ref_axis',(-1.,0.,0.));
#12264=DIRECTION('',(0.,1.,2.42220432067513E-64));
#12265=DIRECTION('',(-1.,0.,7.88860905221012E-31));
#12266=DIRECTION('',(0.,-1.,-2.42220432067513E-64));
#12267=DIRECTION('center_axis',(7.88860905221012E-31,-2.42220432067513E-64,
1.));
#12268=DIRECTION('ref_axis',(-1.,0.,0.));
#12269=DIRECTION('',(-1.,0.,7.88860905221012E-31));
#12270=DIRECTION('',(0.,-1.,-2.42220432067513E-64));
#12271=DIRECTION('',(1.,0.,-7.88860905221012E-31));
#12272=DIRECTION('center_axis',(7.88860905221012E-31,-2.42220432067513E-64,
1.));
#12273=DIRECTION('ref_axis',(-1.,0.,0.));
#12274=DIRECTION('',(0.,-1.,-2.42220432067513E-64));
#12275=DIRECTION('',(1.,0.,-7.88860905221012E-31));
#12276=DIRECTION('',(0.,1.,2.42220432067513E-64));
#12277=DIRECTION('center_axis',(0.,0.,-1.));
#12278=DIRECTION('ref_axis',(-1.,0.,0.));
#12279=DIRECTION('',(0.,0.,-1.));
#12280=DIRECTION('center_axis',(0.,0.,1.));
#12281=DIRECTION('ref_axis',(1.,0.,0.));
#12282=DIRECTION('',(0.,0.,-1.));
#12283=DIRECTION('center_axis',(1.,0.,0.));
#12284=DIRECTION('ref_axis',(0.,0.,-1.));
#12285=DIRECTION('',(0.,0.,-1.));
#12286=DIRECTION('',(0.,-1.,0.));
#12287=DIRECTION('center_axis',(0.,-1.,0.));
#12288=DIRECTION('ref_axis',(0.,0.,-1.));
#12289=DIRECTION('',(0.,0.,-1.));
#12290=DIRECTION('',(-1.,0.,0.));
#12291=DIRECTION('center_axis',(-1.,0.,0.));
#12292=DIRECTION('ref_axis',(0.,0.,1.));
#12293=DIRECTION('',(0.,0.,-1.));
#12294=DIRECTION('',(0.,1.,0.));
#12295=DIRECTION('center_axis',(0.,0.,-1.));
#12296=DIRECTION('ref_axis',(-1.,0.,0.));
#12297=DIRECTION('',(0.,0.,-1.));
#12298=DIRECTION('center_axis',(0.,0.,1.));
#12299=DIRECTION('ref_axis',(1.,0.,0.));
#12300=DIRECTION('center_axis',(0.,-1.,0.));
#12301=DIRECTION('ref_axis',(0.,0.,-1.));
#12302=DIRECTION('',(0.,0.,-1.));
#12303=DIRECTION('',(-1.,0.,0.));
#12304=DIRECTION('center_axis',(-1.,0.,0.));
#12305=DIRECTION('ref_axis',(0.,0.,1.));
#12306=DIRECTION('',(0.,0.,-1.));
#12307=DIRECTION('',(0.,1.,0.));
#12308=DIRECTION('center_axis',(0.,1.,0.));
#12309=DIRECTION('ref_axis',(0.,0.,1.));
#12310=DIRECTION('',(0.,0.,-1.));
#12311=DIRECTION('',(1.,0.,0.));
#12312=DIRECTION('center_axis',(0.,0.,1.));
#12313=DIRECTION('ref_axis',(1.,0.,0.));
#12314=DIRECTION('center_axis',(0.,0.,1.));
#12315=DIRECTION('ref_axis',(1.,0.,0.));
#12316=DIRECTION('',(0.,1.,0.));
#12317=DIRECTION('',(1.,0.,0.));
#12318=DIRECTION('',(0.,-1.,0.));
#12319=DIRECTION('center_axis',(0.,0.,1.));
#12320=DIRECTION('ref_axis',(1.,0.,0.));
#12321=DIRECTION('',(1.,0.,0.));
#12322=DIRECTION('',(0.,-1.,0.));
#12323=DIRECTION('',(-1.,0.,0.));
#12324=DIRECTION('center_axis',(0.,0.,1.));
#12325=DIRECTION('ref_axis',(1.,0.,0.));
#12326=DIRECTION('center_axis',(0.,0.,-1.));
#12327=DIRECTION('ref_axis',(-1.,0.,0.));
#12328=DIRECTION('',(0.,0.,-1.));
#12329=DIRECTION('center_axis',(0.,0.,-1.));
#12330=DIRECTION('ref_axis',(-1.,0.,0.));
#12331=DIRECTION('',(0.,0.,1.));
#12332=DIRECTION('center_axis',(0.,-1.,0.));
#12333=DIRECTION('ref_axis',(0.,0.,-1.));
#12334=DIRECTION('',(0.,0.,-1.));
#12335=DIRECTION('center_axis',(1.,0.,0.));
#12336=DIRECTION('ref_axis',(0.,0.,-1.));
#12337=DIRECTION('',(0.,0.,-1.));
#12338=DIRECTION('center_axis',(0.,1.,0.));
#12339=DIRECTION('ref_axis',(0.,0.,1.));
#12340=DIRECTION('',(0.,0.,-1.));
#12341=DIRECTION('center_axis',(0.,0.,-1.));
#12342=DIRECTION('ref_axis',(-1.,0.,0.));
#12343=DIRECTION('',(0.,0.,-1.));
#12344=DIRECTION('center_axis',(1.,0.,0.));
#12345=DIRECTION('ref_axis',(0.,0.,-1.));
#12346=DIRECTION('',(0.,0.,-1.));
#12347=DIRECTION('center_axis',(0.,1.,0.));
#12348=DIRECTION('ref_axis',(0.,0.,1.));
#12349=DIRECTION('',(0.,0.,-1.));
#12350=DIRECTION('center_axis',(-1.,0.,0.));
#12351=DIRECTION('ref_axis',(0.,0.,1.));
#12352=DIRECTION('center_axis',(-1.,-1.18587972757232E-19,-7.93854049169398E-15));
#12353=DIRECTION('ref_axis',(-7.93854049169398E-15,3.3881317890132E-21,
1.));
#12354=DIRECTION('',(-1.18587972757232E-19,1.,9.35494155375951E-50));
#12355=DIRECTION('',(7.93854049169398E-15,-3.3881317890132E-21,-1.));
#12356=DIRECTION('',(-1.18587972757232E-19,1.,-3.38813178901415E-21));
#12357=DIRECTION('',(7.93854049169398E-15,-3.3881317890132E-21,-1.));
#12358=DIRECTION('center_axis',(7.93854049169398E-15,-3.3881317890132E-21,
-1.));
#12359=DIRECTION('ref_axis',(-1.,-1.18587972757232E-19,-7.93854049169398E-15));
#12360=DIRECTION('center_axis',(7.88860905221012E-31,-2.42220432067513E-64,
1.));
#12361=DIRECTION('ref_axis',(-1.,-1.18587972757232E-19,-7.93854049169398E-15));
#12362=DIRECTION('',(7.93854049169398E-15,-3.3881317890132E-21,-1.));
#12363=DIRECTION('center_axis',(-7.93854049169398E-15,3.3881317890132E-21,
1.));
#12364=DIRECTION('ref_axis',(1.,1.18587972757232E-19,7.93854049169398E-15));
#12365=DIRECTION('center_axis',(1.18587972757232E-19,-1.,3.38813178901415E-21));
#12366=DIRECTION('ref_axis',(7.93854049169398E-15,-3.3881317890132E-21,
-1.));
#12367=DIRECTION('',(-1.,-1.18587972757232E-19,7.88860905221012E-31));
#12368=DIRECTION('',(7.93854049169398E-15,-3.3881317890132E-21,-1.));
#12369=DIRECTION('',(-1.,-1.18587972757232E-19,-7.93854049169398E-15));
#12370=DIRECTION('center_axis',(-1.,-1.18587972757232E-19,-7.93854049169398E-15));
#12371=DIRECTION('ref_axis',(-7.93854049169398E-15,3.3881317890132E-21,
1.));
#12372=DIRECTION('',(-1.18587972757232E-19,1.,9.35494155375951E-50));
#12373=DIRECTION('',(7.93854049169398E-15,-3.3881317890132E-21,-1.));
#12374=DIRECTION('',(-1.18587972757232E-19,1.,-3.38813178901415E-21));
#12375=DIRECTION('center_axis',(-1.18587972757232E-19,1.,-3.38813178901415E-21));
#12376=DIRECTION('ref_axis',(-7.93854049169398E-15,3.3881317890132E-21,
1.));
#12377=DIRECTION('',(1.,1.18587972757232E-19,-7.88860905221012E-31));
#12378=DIRECTION('',(7.93854049169398E-15,-3.3881317890132E-21,-1.));
#12379=DIRECTION('',(1.,1.18587972757232E-19,7.93854049169398E-15));
#12380=DIRECTION('center_axis',(7.93854049169398E-15,-3.3881317890132E-21,
-1.));
#12381=DIRECTION('ref_axis',(-1.,-1.18587972757232E-19,-7.93854049169398E-15));
#12382=DIRECTION('center_axis',(7.88860905221012E-31,-2.42220432067513E-64,
1.));
#12383=DIRECTION('ref_axis',(-1.,-1.18587972757232E-19,-7.93854049169398E-15));
#12384=DIRECTION('',(7.93854049169398E-15,-3.3881317890132E-21,-1.));
#12385=DIRECTION('center_axis',(-7.93854049169398E-15,3.3881317890132E-21,
1.));
#12386=DIRECTION('ref_axis',(1.,1.18587972757232E-19,7.93854049169398E-15));
#12387=DIRECTION('center_axis',(-1.,-1.18587972757232E-19,-7.93854049169398E-15));
#12388=DIRECTION('ref_axis',(-7.93854049169398E-15,3.3881317890132E-21,
1.));
#12389=DIRECTION('',(-1.18587972757232E-19,1.,9.35494155375951E-50));
#12390=DIRECTION('',(7.93854049169398E-15,-3.3881317890132E-21,-1.));
#12391=DIRECTION('',(-1.18587972757232E-19,1.,-3.38813178901415E-21));
#12392=DIRECTION('center_axis',(7.93854049169398E-15,-3.3881317890132E-21,
-1.));
#12393=DIRECTION('ref_axis',(-1.,-1.18587972757232E-19,-7.93854049169398E-15));
#12394=DIRECTION('center_axis',(7.88860905221012E-31,-2.42220432067513E-64,
1.));
#12395=DIRECTION('ref_axis',(-1.,-1.18587972757232E-19,-7.93854049169398E-15));
#12396=DIRECTION('',(-7.93854049169398E-15,3.3881317890132E-21,1.));
#12397=DIRECTION('center_axis',(-7.93854049169398E-15,3.3881317890132E-21,
1.));
#12398=DIRECTION('ref_axis',(1.,1.18587972757232E-19,7.93854049169398E-15));
#12399=DIRECTION('center_axis',(1.18587972757232E-19,-1.,3.38813178901415E-21));
#12400=DIRECTION('ref_axis',(7.93854049169398E-15,-3.3881317890132E-21,
-1.));
#12401=DIRECTION('',(-1.,-1.18587972757232E-19,7.88860905221012E-31));
#12402=DIRECTION('',(-1.,-1.18587972757232E-19,-7.93854049169398E-15));
#12403=DIRECTION('',(7.93854049169398E-15,-3.3881317890132E-21,-1.));
#12404=DIRECTION('center_axis',(-7.93854049169398E-15,3.3881317890132E-21,
1.));
#12405=DIRECTION('ref_axis',(1.,1.18587972757232E-19,7.93854049169398E-15));
#12406=DIRECTION('',(1.,1.18587972757232E-19,7.93854049169398E-15));
#12407=DIRECTION('',(1.18587972757232E-19,-1.,3.38813178901415E-21));
#12408=DIRECTION('center_axis',(-7.93854049169398E-15,3.3881317890132E-21,
1.));
#12409=DIRECTION('ref_axis',(1.,1.18587972757232E-19,7.93854049169398E-15));
#12410=DIRECTION('',(1.,1.18587972757232E-19,7.93854049169398E-15));
#12411=DIRECTION('',(1.18587972757232E-19,-1.,3.38813178901415E-21));
#12412=DIRECTION('',(-1.,-1.18587972757232E-19,-7.93854049169398E-15));
#12413=DIRECTION('center_axis',(-7.93854049169398E-15,3.3881317890132E-21,
1.));
#12414=DIRECTION('ref_axis',(1.,1.18587972757232E-19,7.93854049169398E-15));
#12415=DIRECTION('',(1.18587972757232E-19,-1.,3.38813178901415E-21));
#12416=DIRECTION('center_axis',(1.,1.18587972757232E-19,7.93854049169398E-15));
#12417=DIRECTION('ref_axis',(7.93854049169398E-15,-3.3881317890132E-21,
-1.));
#12418=DIRECTION('',(1.18587972757232E-19,-1.,-9.35494155375951E-50));
#12419=DIRECTION('',(7.93854049169398E-15,-3.3881317890132E-21,-1.));
#12420=DIRECTION('center_axis',(7.93854049169398E-15,-3.3881317890132E-21,
-1.));
#12421=DIRECTION('ref_axis',(-1.,-1.18587972757232E-19,-7.93854049169398E-15));
#12422=DIRECTION('center_axis',(7.88860905221012E-31,-2.42220432067513E-64,
1.));
#12423=DIRECTION('ref_axis',(-1.,-1.18587972757232E-19,-7.93854049169398E-15));
#12424=DIRECTION('',(7.93854049169398E-15,-3.3881317890132E-21,-1.));
#12425=DIRECTION('center_axis',(1.18587972757232E-19,-1.,3.38813178901415E-21));
#12426=DIRECTION('ref_axis',(7.93854049169398E-15,-3.3881317890132E-21,
-1.));
#12427=DIRECTION('',(-1.,-1.18587972757232E-19,7.88860905221012E-31));
#12428=DIRECTION('',(7.93854049169398E-15,-3.3881317890132E-21,-1.));
#12429=DIRECTION('center_axis',(1.,1.18587972757232E-19,7.93854049169398E-15));
#12430=DIRECTION('ref_axis',(7.93854049169398E-15,-3.3881317890132E-21,
-1.));
#12431=DIRECTION('',(1.18587972757232E-19,-1.,-9.35494155375951E-50));
#12432=DIRECTION('',(7.93854049169398E-15,-3.3881317890132E-21,-1.));
#12433=DIRECTION('center_axis',(-1.18587972757232E-19,1.,-3.38813178901415E-21));
#12434=DIRECTION('ref_axis',(-7.93854049169398E-15,3.3881317890132E-21,
1.));
#12435=DIRECTION('',(1.,1.18587972757232E-19,-7.88860905221012E-31));
#12436=DIRECTION('',(7.93854049169398E-15,-3.3881317890132E-21,-1.));
#12437=DIRECTION('center_axis',(7.93854049169398E-15,-3.3881317890132E-21,
-1.));
#12438=DIRECTION('ref_axis',(-1.,-1.18587972757232E-19,-7.93854049169398E-15));
#12439=DIRECTION('center_axis',(7.88860905221012E-31,-2.42220432067513E-64,
1.));
#12440=DIRECTION('ref_axis',(-1.,-1.18587972757232E-19,-7.93854049169398E-15));
#12441=DIRECTION('',(7.93854049169398E-15,-3.3881317890132E-21,-1.));
#12442=DIRECTION('center_axis',(1.,1.18587972757232E-19,7.93854049169398E-15));
#12443=DIRECTION('ref_axis',(7.93854049169398E-15,-3.3881317890132E-21,
-1.));
#12444=DIRECTION('',(1.18587972757232E-19,-1.,-9.35494155375951E-50));
#12445=DIRECTION('',(7.93854049169398E-15,-3.3881317890132E-21,-1.));
#12446=DIRECTION('center_axis',(-1.18587972757232E-19,1.,-3.38813178901415E-21));
#12447=DIRECTION('ref_axis',(-7.93854049169398E-15,3.3881317890132E-21,
1.));
#12448=DIRECTION('',(1.,1.18587972757232E-19,-7.88860905221012E-31));
#12449=DIRECTION('center_axis',(7.88860905221012E-31,-2.42220432067513E-64,
1.));
#12450=DIRECTION('ref_axis',(1.,0.,-7.88860905221012E-31));
#12451=DIRECTION('center_axis',(7.88860905221012E-31,-2.42220432067513E-64,
1.));
#12452=DIRECTION('ref_axis',(1.,0.,-7.88860905221012E-31));
#12453=DIRECTION('center_axis',(7.88860905221012E-31,-2.42220432067513E-64,
1.));
#12454=DIRECTION('ref_axis',(-1.,0.,0.));
#12455=DIRECTION('',(-1.,0.,7.88860905221012E-31));
#12456=DIRECTION('',(0.,-1.,-2.42220432067513E-64));
#12457=DIRECTION('center_axis',(7.88860905221012E-31,-2.42220432067513E-64,
1.));
#12458=DIRECTION('ref_axis',(-1.,0.,0.));
#12459=DIRECTION('',(-1.,0.,7.88860905221012E-31));
#12460=DIRECTION('',(0.,-1.,-2.42220432067513E-64));
#12461=DIRECTION('',(1.,0.,-7.88860905221012E-31));
#12462=DIRECTION('center_axis',(7.88860905221012E-31,-2.42220432067513E-64,
1.));
#12463=DIRECTION('ref_axis',(-1.,0.,0.));
#12464=DIRECTION('',(0.,-1.,-2.42220432067513E-64));
#12465=DIRECTION('',(1.,0.,-7.88860905221012E-31));
#12466=DIRECTION('',(0.,1.,2.42220432067513E-64));
#12467=DIRECTION('center_axis',(7.88860905221012E-31,-2.42220432067513E-64,
1.));
#12468=DIRECTION('ref_axis',(-1.,0.,0.));
#12469=DIRECTION('',(1.,0.,-7.88860905221012E-31));
#12470=DIRECTION('',(0.,1.,2.42220432067513E-64));
#12471=DIRECTION('',(-1.,0.,7.88860905221012E-31));
#12472=DIRECTION('center_axis',(7.88860905221012E-31,-2.42220432067513E-64,
1.));
#12473=DIRECTION('ref_axis',(-1.,0.,0.));
#12474=DIRECTION('',(0.,1.,2.42220432067513E-64));
#12475=DIRECTION('center_axis',(0.,1.,0.));
#12476=DIRECTION('ref_axis',(0.,0.,1.));
#12477=DIRECTION('',(0.,0.,-1.));
#12478=DIRECTION('',(1.,0.,0.));
#12479=DIRECTION('',(0.,0.,-1.));
#12480=DIRECTION('center_axis',(1.,0.,0.));
#12481=DIRECTION('ref_axis',(0.,0.,-1.));
#12482=DIRECTION('',(0.,0.,-1.));
#12483=DIRECTION('',(0.,-1.,0.));
#12484=DIRECTION('center_axis',(0.,0.,-1.));
#12485=DIRECTION('ref_axis',(-1.,0.,0.));
#12486=DIRECTION('',(0.,0.,-1.));
#12487=DIRECTION('center_axis',(0.,0.,1.));
#12488=DIRECTION('ref_axis',(1.,0.,0.));
#12489=DIRECTION('center_axis',(0.,1.,0.));
#12490=DIRECTION('ref_axis',(0.,0.,1.));
#12491=DIRECTION('',(0.,0.,-1.));
#12492=DIRECTION('',(1.,0.,0.));
#12493=DIRECTION('center_axis',(1.,0.,0.));
#12494=DIRECTION('ref_axis',(0.,0.,-1.));
#12495=DIRECTION('',(0.,0.,-1.));
#12496=DIRECTION('',(0.,-1.,0.));
#12497=DIRECTION('center_axis',(0.,-1.,0.));
#12498=DIRECTION('ref_axis',(0.,0.,-1.));
#12499=DIRECTION('',(0.,0.,-1.));
#12500=DIRECTION('',(-1.,0.,0.));
#12501=DIRECTION('center_axis',(0.,0.,-1.));
#12502=DIRECTION('ref_axis',(-1.,0.,0.));
#12503=DIRECTION('',(0.,0.,-1.));
#12504=DIRECTION('center_axis',(0.,0.,1.));
#12505=DIRECTION('ref_axis',(1.,0.,0.));
#12506=DIRECTION('center_axis',(1.,0.,0.));
#12507=DIRECTION('ref_axis',(0.,0.,-1.));
#12508=DIRECTION('',(0.,0.,-1.));
#12509=DIRECTION('',(0.,-1.,0.));
#12510=DIRECTION('center_axis',(0.,0.,1.));
#12511=DIRECTION('ref_axis',(1.,0.,0.));
#12512=DIRECTION('center_axis',(0.,0.,1.));
#12513=DIRECTION('ref_axis',(1.,0.,0.));
#12514=DIRECTION('',(0.,1.,0.));
#12515=DIRECTION('center_axis',(0.,0.,1.));
#12516=DIRECTION('ref_axis',(1.,0.,0.));
#12517=DIRECTION('',(-1.,0.,0.));
#12518=DIRECTION('',(0.,1.,0.));
#12519=DIRECTION('',(1.,0.,0.));
#12520=DIRECTION('center_axis',(0.,0.,1.));
#12521=DIRECTION('ref_axis',(1.,0.,0.));
#12522=DIRECTION('',(0.,1.,0.));
#12523=DIRECTION('',(-1.,0.,0.));
#12524=DIRECTION('center_axis',(0.,-1.,0.));
#12525=DIRECTION('ref_axis',(0.,0.,-1.));
#12526=DIRECTION('',(0.,0.,-1.));
#12527=DIRECTION('center_axis',(0.,0.,-1.));
#12528=DIRECTION('ref_axis',(-1.,0.,0.));
#12529=DIRECTION('',(0.,0.,1.));
#12530=DIRECTION('center_axis',(-1.,0.,0.));
#12531=DIRECTION('ref_axis',(0.,0.,1.));
#12532=DIRECTION('',(0.,0.,-1.));
#12533=DIRECTION('center_axis',(0.,0.,-1.));
#12534=DIRECTION('ref_axis',(-1.,0.,0.));
#12535=DIRECTION('',(0.,0.,-1.));
#12536=DIRECTION('center_axis',(0.,1.,0.));
#12537=DIRECTION('ref_axis',(0.,0.,1.));
#12538=DIRECTION('',(0.,0.,-1.));
#12539=DIRECTION('center_axis',(-1.,0.,0.));
#12540=DIRECTION('ref_axis',(0.,0.,1.));
#12541=DIRECTION('',(0.,0.,-1.));
#12542=DIRECTION('center_axis',(0.,-1.,0.));
#12543=DIRECTION('ref_axis',(0.,0.,-1.));
#12544=DIRECTION('',(0.,0.,-1.));
#12545=DIRECTION('center_axis',(0.,0.,-1.));
#12546=DIRECTION('ref_axis',(-1.,0.,0.));
#12547=DIRECTION('',(0.,0.,-1.));
#12548=DIRECTION('center_axis',(-1.,0.,0.));
#12549=DIRECTION('ref_axis',(0.,0.,1.));
#12550=DIRECTION('center_axis',(-1.,-1.18587972757232E-19,-7.93854049169398E-15));
#12551=DIRECTION('ref_axis',(-7.93854049169398E-15,3.3881317890132E-21,
1.));
#12552=DIRECTION('',(-1.18587972757232E-19,1.,9.35494155375951E-50));
#12553=DIRECTION('',(7.93854049169398E-15,-3.3881317890132E-21,-1.));
#12554=DIRECTION('',(-1.18587972757232E-19,1.,-3.38813178901415E-21));
#12555=DIRECTION('',(7.93854049169398E-15,-3.3881317890132E-21,-1.));
#12556=DIRECTION('center_axis',(-1.18587972757232E-19,1.,-3.38813178901415E-21));
#12557=DIRECTION('ref_axis',(-7.93854049169398E-15,3.3881317890132E-21,
1.));
#12558=DIRECTION('',(1.,1.18587972757232E-19,-7.88860905221012E-31));
#12559=DIRECTION('',(7.93854049169398E-15,-3.3881317890132E-21,-1.));
#12560=DIRECTION('',(1.,1.18587972757232E-19,7.93854049169398E-15));
#12561=DIRECTION('center_axis',(1.,1.18587972757232E-19,7.93854049169398E-15));
#12562=DIRECTION('ref_axis',(7.93854049169398E-15,-3.3881317890132E-21,
-1.));
#12563=DIRECTION('',(1.18587972757232E-19,-1.,-9.35494155375951E-50));
#12564=DIRECTION('',(7.93854049169398E-15,-3.3881317890132E-21,-1.));
#12565=DIRECTION('',(1.18587972757232E-19,-1.,3.38813178901415E-21));
#12566=DIRECTION('center_axis',(7.93854049169398E-15,-3.3881317890132E-21,
-1.));
#12567=DIRECTION('ref_axis',(-1.,-1.18587972757232E-19,-7.93854049169398E-15));
#12568=DIRECTION('center_axis',(7.88860905221012E-31,-2.42220432067513E-64,
1.));
#12569=DIRECTION('ref_axis',(-1.,-1.18587972757232E-19,-7.93854049169398E-15));
#12570=DIRECTION('',(7.93854049169398E-15,-3.3881317890132E-21,-1.));
#12571=DIRECTION('center_axis',(-7.93854049169398E-15,3.3881317890132E-21,
1.));
#12572=DIRECTION('ref_axis',(1.,1.18587972757232E-19,7.93854049169398E-15));
#12573=DIRECTION('center_axis',(-1.18587972757232E-19,1.,-3.38813178901415E-21));
#12574=DIRECTION('ref_axis',(-7.93854049169398E-15,3.3881317890132E-21,
1.));
#12575=DIRECTION('',(1.,1.18587972757232E-19,-7.88860905221012E-31));
#12576=DIRECTION('',(7.93854049169398E-15,-3.3881317890132E-21,-1.));
#12577=DIRECTION('',(1.,1.18587972757232E-19,7.93854049169398E-15));
#12578=DIRECTION('center_axis',(1.,1.18587972757232E-19,7.93854049169398E-15));
#12579=DIRECTION('ref_axis',(7.93854049169398E-15,-3.3881317890132E-21,
-1.));
#12580=DIRECTION('',(1.18587972757232E-19,-1.,-9.35494155375951E-50));
#12581=DIRECTION('',(7.93854049169398E-15,-3.3881317890132E-21,-1.));
#12582=DIRECTION('',(1.18587972757232E-19,-1.,3.38813178901415E-21));
#12583=DIRECTION('center_axis',(1.18587972757232E-19,-1.,3.38813178901415E-21));
#12584=DIRECTION('ref_axis',(7.93854049169398E-15,-3.3881317890132E-21,
-1.));
#12585=DIRECTION('',(-1.,-1.18587972757232E-19,7.88860905221012E-31));
#12586=DIRECTION('',(7.93854049169398E-15,-3.3881317890132E-21,-1.));
#12587=DIRECTION('',(-1.,-1.18587972757232E-19,-7.93854049169398E-15));
#12588=DIRECTION('center_axis',(7.93854049169398E-15,-3.3881317890132E-21,
-1.));
#12589=DIRECTION('ref_axis',(-1.,-1.18587972757232E-19,-7.93854049169398E-15));
#12590=DIRECTION('center_axis',(7.88860905221012E-31,-2.42220432067513E-64,
1.));
#12591=DIRECTION('ref_axis',(-1.,-1.18587972757232E-19,-7.93854049169398E-15));
#12592=DIRECTION('',(-7.93854049169398E-15,3.3881317890132E-21,1.));
#12593=DIRECTION('center_axis',(-7.93854049169398E-15,3.3881317890132E-21,
1.));
#12594=DIRECTION('ref_axis',(1.,1.18587972757232E-19,7.93854049169398E-15));
#12595=DIRECTION('center_axis',(7.93854049169398E-15,-3.3881317890132E-21,
-1.));
#12596=DIRECTION('ref_axis',(-1.,-1.18587972757232E-19,-7.93854049169398E-15));
#12597=DIRECTION('center_axis',(7.88860905221012E-31,-2.42220432067513E-64,
1.));
#12598=DIRECTION('ref_axis',(-1.,-1.18587972757232E-19,-7.93854049169398E-15));
#12599=DIRECTION('center_axis',(-7.93854049169398E-15,3.3881317890132E-21,
1.));
#12600=DIRECTION('ref_axis',(1.,1.18587972757232E-19,7.93854049169398E-15));
#12601=DIRECTION('',(7.93854049169398E-15,-3.3881317890132E-21,-1.));
#12602=DIRECTION('center_axis',(-7.93854049169398E-15,3.3881317890132E-21,
1.));
#12603=DIRECTION('ref_axis',(1.,1.18587972757232E-19,7.93854049169398E-15));
#12604=DIRECTION('center_axis',(-7.93854049169398E-15,3.3881317890132E-21,
1.));
#12605=DIRECTION('ref_axis',(1.,1.18587972757232E-19,7.93854049169398E-15));
#12606=DIRECTION('',(1.18587972757232E-19,-1.,3.38813178901415E-21));
#12607=DIRECTION('',(-1.,-1.18587972757232E-19,-7.93854049169398E-15));
#12608=DIRECTION('',(-1.18587972757232E-19,1.,-3.38813178901415E-21));
#12609=DIRECTION('center_axis',(-7.93854049169398E-15,3.3881317890132E-21,
1.));
#12610=DIRECTION('ref_axis',(1.,1.18587972757232E-19,7.93854049169398E-15));
#12611=DIRECTION('',(-1.,-1.18587972757232E-19,-7.93854049169398E-15));
#12612=DIRECTION('',(-1.18587972757232E-19,1.,-3.38813178901415E-21));
#12613=DIRECTION('',(1.,1.18587972757232E-19,7.93854049169398E-15));
#12614=DIRECTION('center_axis',(-1.18587972757232E-19,1.,-3.38813178901415E-21));
#12615=DIRECTION('ref_axis',(-7.93854049169398E-15,3.3881317890132E-21,
1.));
#12616=DIRECTION('',(1.,1.18587972757232E-19,-7.88860905221012E-31));
#12617=DIRECTION('',(7.93854049169398E-15,-3.3881317890132E-21,-1.));
#12618=DIRECTION('center_axis',(-1.,-1.18587972757232E-19,-7.93854049169398E-15));
#12619=DIRECTION('ref_axis',(-7.93854049169398E-15,3.3881317890132E-21,
1.));
#12620=DIRECTION('',(-1.18587972757232E-19,1.,9.35494155375951E-50));
#12621=DIRECTION('',(7.93854049169398E-15,-3.3881317890132E-21,-1.));
#12622=DIRECTION('center_axis',(1.18587972757232E-19,-1.,3.38813178901415E-21));
#12623=DIRECTION('ref_axis',(7.93854049169398E-15,-3.3881317890132E-21,
-1.));
#12624=DIRECTION('',(-1.,-1.18587972757232E-19,7.88860905221012E-31));
#12625=DIRECTION('',(7.93854049169398E-15,-3.3881317890132E-21,-1.));
#12626=DIRECTION('center_axis',(7.93854049169398E-15,-3.3881317890132E-21,
-1.));
#12627=DIRECTION('ref_axis',(-1.,-1.18587972757232E-19,-7.93854049169398E-15));
#12628=DIRECTION('center_axis',(7.88860905221012E-31,-2.42220432067513E-64,
1.));
#12629=DIRECTION('ref_axis',(-1.,-1.18587972757232E-19,-7.93854049169398E-15));
#12630=DIRECTION('',(7.93854049169398E-15,-3.3881317890132E-21,-1.));
#12631=DIRECTION('center_axis',(-1.,-1.18587972757232E-19,-7.93854049169398E-15));
#12632=DIRECTION('ref_axis',(-7.93854049169398E-15,3.3881317890132E-21,
1.));
#12633=DIRECTION('',(-1.18587972757232E-19,1.,9.35494155375951E-50));
#12634=DIRECTION('',(7.93854049169398E-15,-3.3881317890132E-21,-1.));
#12635=DIRECTION('center_axis',(1.18587972757232E-19,-1.,3.38813178901415E-21));
#12636=DIRECTION('ref_axis',(7.93854049169398E-15,-3.3881317890132E-21,
-1.));
#12637=DIRECTION('',(-1.,-1.18587972757232E-19,7.88860905221012E-31));
#12638=DIRECTION('',(7.93854049169398E-15,-3.3881317890132E-21,-1.));
#12639=DIRECTION('center_axis',(1.,1.18587972757232E-19,7.93854049169398E-15));
#12640=DIRECTION('ref_axis',(7.93854049169398E-15,-3.3881317890132E-21,
-1.));
#12641=DIRECTION('',(1.18587972757232E-19,-1.,-9.35494155375951E-50));
#12642=DIRECTION('',(7.93854049169398E-15,-3.3881317890132E-21,-1.));
#12643=DIRECTION('center_axis',(7.93854049169398E-15,-3.3881317890132E-21,
-1.));
#12644=DIRECTION('ref_axis',(-1.,-1.18587972757232E-19,-7.93854049169398E-15));
#12645=DIRECTION('center_axis',(7.88860905221012E-31,-2.42220432067513E-64,
1.));
#12646=DIRECTION('ref_axis',(-1.,-1.18587972757232E-19,-7.93854049169398E-15));
#12647=DIRECTION('center_axis',(7.88860905221012E-31,-2.42220432067513E-64,
1.));
#12648=DIRECTION('ref_axis',(1.,0.,-7.88860905221012E-31));
#12649=DIRECTION('',(7.01692596807068E-15,3.98986399474643E-17,-0.999999999999994));
#12650=DIRECTION('',(-0.999999999999996,1.11022189965945E-16,-6.74630910571481E-15));
#12651=CARTESIAN_POINT('',(0.,0.,0.));
#12652=CARTESIAN_POINT('',(0.,0.,0.));
#12653=CARTESIAN_POINT('Origin',(16.9562484519997,224.312398585782,6.47500000000001));
#12654=CARTESIAN_POINT('',(16.7312484519998,210.524888971,6.25000000000001));
#12655=CARTESIAN_POINT('',(17.1812484519997,210.524888971,6.70000000000001));
#12656=CARTESIAN_POINT('',(16.7312484519998,210.524888971,6.25000000000001));
#12657=CARTESIAN_POINT('',(17.1812484519997,227.57490179071,6.70000000000001));
#12658=CARTESIAN_POINT('',(17.1812484519997,224.312398585782,6.70000000000001));
#12659=CARTESIAN_POINT('',(16.7312484519998,227.57490179071,6.25000000000001));
#12660=CARTESIAN_POINT('',(17.1812484519997,227.57490179071,6.70000000000001));
#12661=CARTESIAN_POINT('',(16.7312484519998,224.312398585782,6.25000000000001));
#12662=CARTESIAN_POINT('Origin',(15.2312484519997,210.524888971,6.47500000000002));
#12663=CARTESIAN_POINT('',(15.2312484519997,209.024888971,6.25000000000002));
#12664=CARTESIAN_POINT('',(15.2312484519997,208.574888971,6.70000000000001));
#12665=CARTESIAN_POINT('',(15.2312484519997,209.024888971,6.25000000000002));
#12666=CARTESIAN_POINT('Origin',(15.2312484519997,210.524888971,6.70000000000001));
#12667=CARTESIAN_POINT('Origin',(15.2312484519997,210.524888971,6.25000000000002));
#12668=CARTESIAN_POINT('Origin',(-6.4824313603214E-6,208.799888971,6.47500000000001));
#12669=CARTESIAN_POINT('',(12.1156209887499,209.024888971,6.25000000000001));
#12670=CARTESIAN_POINT('',(12.1156209887499,208.574888971,6.70000000000001));
#12671=CARTESIAN_POINT('',(12.1156209887499,209.024888971,6.25000000000001));
#12672=CARTESIAN_POINT('',(-6.4824313603214E-6,208.574888971,6.70000000000001));
#12673=CARTESIAN_POINT('',(-6.4824313603214E-6,209.024888971,6.25000000000001));
#12674=CARTESIAN_POINT('Origin',(12.1156209887499,210.524888971,6.47500000000001));
#12675=CARTESIAN_POINT('',(10.6156209887499,210.524888971,6.25000000000002));
#12676=CARTESIAN_POINT('',(10.1656209887499,210.524888971,6.70000000000001));
#12677=CARTESIAN_POINT('',(10.6156209887499,210.524888971,6.25000000000002));
#12678=CARTESIAN_POINT('Origin',(12.1156209887499,210.524888971,6.70000000000001));
#12679=CARTESIAN_POINT('Origin',(12.1156209887499,210.524888971,6.25000000000002));
#12680=CARTESIAN_POINT('Origin',(10.3906209887499,213.787392175927,6.47500000000001));
#12681=CARTESIAN_POINT('',(10.6156209887499,227.57490179071,6.25000000000001));
#12682=CARTESIAN_POINT('',(10.1656209887499,227.57490179071,6.70000000000001));
#12683=CARTESIAN_POINT('',(10.6156209887499,227.57490179071,6.25000000000001));
#12684=CARTESIAN_POINT('',(10.1656209887499,213.787392175927,6.70000000000001));
#12685=CARTESIAN_POINT('',(10.6156209887499,213.787392175927,6.25000000000001));
#12686=CARTESIAN_POINT('Origin',(12.1156209887499,227.57490179071,6.47500000000001));
#12687=CARTESIAN_POINT('',(12.1156209887499,229.07490179071,6.25000000000002));
#12688=CARTESIAN_POINT('',(12.1156209887499,229.52490179071,6.70000000000001));
#12689=CARTESIAN_POINT('',(12.1156209887499,229.07490179071,6.25000000000002));
#12690=CARTESIAN_POINT('Origin',(12.1156209887499,227.57490179071,6.70000000000001));
#12691=CARTESIAN_POINT('Origin',(12.1156209887499,227.57490179071,6.25000000000002));
#12692=CARTESIAN_POINT('Origin',(-6.48343148547218E-6,229.29990179071,6.47500000000001));
#12693=CARTESIAN_POINT('',(15.2312484519997,229.07490179071,6.25000000000001));
#12694=CARTESIAN_POINT('',(15.2312484519997,229.52490179071,6.70000000000001));
#12695=CARTESIAN_POINT('',(15.2312484519997,229.07490179071,6.25000000000001));
#12696=CARTESIAN_POINT('',(-6.48343148547221E-6,229.52490179071,6.70000000000001));
#12697=CARTESIAN_POINT('',(-6.48343148547216E-6,229.07490179071,6.25000000000001));
#12698=CARTESIAN_POINT('Origin',(15.2312484519997,227.57490179071,6.47500000000002));
#12699=CARTESIAN_POINT('Origin',(15.2312484519997,227.57490179071,6.70000000000001));
#12700=CARTESIAN_POINT('Origin',(15.2312484519997,227.57490179071,6.25000000000002));
#12701=CARTESIAN_POINT('Origin',(12.1156209887499,210.524888971,0.0997128710827531));
#12702=CARTESIAN_POINT('',(12.1156209887499,209.024888971,0.450000000000051));
#12703=CARTESIAN_POINT('',(12.1156209887499,209.024888971,0.0997128710827531));
#12704=CARTESIAN_POINT('',(10.6156209887499,210.524888971,0.450000000000043));
#12705=CARTESIAN_POINT('Origin',(12.1156209887499,210.524888971,0.450000000000051));
#12706=CARTESIAN_POINT('',(10.6156209887499,210.524888971,0.0997128710827526));
#12707=CARTESIAN_POINT('Origin',(-6.474E-6,209.024888971,0.2));
#12708=CARTESIAN_POINT('',(15.2312484519998,209.024888971,0.450000000000043));
#12709=CARTESIAN_POINT('',(15.2312484519998,209.024888971,0.0997128710827536));
#12710=CARTESIAN_POINT('',(-6.48243136143163E-6,209.024888971,0.450000000000043));
#12711=CARTESIAN_POINT('Origin',(15.2312484519998,210.524888971,0.0997128710827536));
#12712=CARTESIAN_POINT('',(16.7312484519998,210.524888971,0.450000000000043));
#12713=CARTESIAN_POINT('',(16.7312484519998,210.524888971,0.0997128710827541));
#12714=CARTESIAN_POINT('Origin',(15.2312484519998,210.524888971,0.450000000000054));
#12715=CARTESIAN_POINT('Origin',(16.7312484519998,229.57490179071,-0.00057425783449746));
#12716=CARTESIAN_POINT('',(16.7312484519998,227.57490179071,0.450000000000043));
#12717=CARTESIAN_POINT('',(16.7312484519998,227.57490179071,0.0994257421655073));
#12718=CARTESIAN_POINT('',(16.7312484519998,224.312398585782,0.450000000000043));
#12719=CARTESIAN_POINT('Origin',(-6.49086272064281E-6,219.049895380855,
6.70000000000001));
#12720=CARTESIAN_POINT('',(-19.2812614009998,210.069883685025,6.70000000000001));
#12721=CARTESIAN_POINT('',(-19.2812614009997,228.029907358645,6.70000000000001));
#12722=CARTESIAN_POINT('',(-19.2812614009997,224.312398585782,6.70000000000001));
#12723=CARTESIAN_POINT('',(-20.1479283724444,208.448498613785,6.70000000000001));
#12724=CARTESIAN_POINT('Origin',(-21.2312614009997,210.069883685025,6.70000000000001));
#12725=CARTESIAN_POINT('',(-20.481261823,207.824888951,6.70000000000001));
#12726=CARTESIAN_POINT('Origin',(-19.731261823,207.824888971,6.70000000000001));
#12727=CARTESIAN_POINT('',(-20.4812614007252,192.17489998015,6.70000000000001));
#12728=CARTESIAN_POINT('',(-20.481261869175,209.524894596505,6.70000000000001));
#12729=CARTESIAN_POINT('',(-19.731261401,191.4249,6.70000000000001));
#12730=CARTESIAN_POINT('Origin',(-19.731261401,192.1749,6.70000000000001));
#12731=CARTESIAN_POINT('',(19.731248452,191.4249,6.70000000000001));
#12732=CARTESIAN_POINT('',(-6.4834313603214E-6,191.4249,6.70000000000001));
#12733=CARTESIAN_POINT('',(20.481248452,192.17489998,6.70000000000001));
#12734=CARTESIAN_POINT('Origin',(19.731248452,192.1749,6.70000000000001));
#12735=CARTESIAN_POINT('',(20.4812488742749,207.82488895115,6.70000000000001));
#12736=CARTESIAN_POINT('',(20.481248920175,209.524894596005,6.70000000000001));
#12737=CARTESIAN_POINT('',(20.1479154234444,208.448498613785,6.70000000000001));
#12738=CARTESIAN_POINT('Origin',(19.731248874,207.824888971,6.70000000000001));
#12739=CARTESIAN_POINT('',(19.2812484519997,210.069883685025,6.70000000000001));
#12740=CARTESIAN_POINT('Origin',(21.2312484519998,210.069883685025,6.70000000000001));
#12741=CARTESIAN_POINT('',(19.2812484519998,228.029907358645,6.70000000000001));
#12742=CARTESIAN_POINT('',(19.2812484519998,213.787392175927,6.70000000000001));
#12743=CARTESIAN_POINT('',(20.1479151186664,229.651292226247,6.70000000000001));
#12744=CARTESIAN_POINT('Origin',(21.2312484519997,228.029907358645,6.70000000000001));
#12745=CARTESIAN_POINT('',(20.4812484519997,230.27490177071,6.70000000000001));
#12746=CARTESIAN_POINT('Origin',(19.7312484519997,230.27490179071,6.70000000000001));
#12747=CARTESIAN_POINT('',(20.4812488742746,245.92489074186,6.70000000000001));
#12748=CARTESIAN_POINT('',(20.4812484058247,228.57489549136,6.70000000000001));
#12749=CARTESIAN_POINT('',(19.7312488739997,246.67489076171,6.70000000000001));
#12750=CARTESIAN_POINT('Origin',(19.7312488739997,245.92489076171,6.70000000000001));
#12751=CARTESIAN_POINT('',(-19.7312618230003,246.67489076171,6.70000000000001));
#12752=CARTESIAN_POINT('',(-6.48243148547424E-6,246.67489076171,6.70000000000001));
#12753=CARTESIAN_POINT('',(-20.4812618230003,245.92489074171,6.70000000000001));
#12754=CARTESIAN_POINT('Origin',(-19.7312618230003,245.92489076171,6.70000000000001));
#12755=CARTESIAN_POINT('',(-20.4812614007255,230.27490177086,6.70000000000001));
#12756=CARTESIAN_POINT('',(-20.4812613548253,228.57489549186,6.70000000000001));
#12757=CARTESIAN_POINT('',(-20.1479280676668,229.651292226247,6.70000000000001));
#12758=CARTESIAN_POINT('Origin',(-19.7312614010003,230.27490179071,6.70000000000001));
#12759=CARTESIAN_POINT('Origin',(-21.2312614009998,228.029907358645,6.70000000000001));
#12760=CARTESIAN_POINT('',(8.06562098874988,210.524888971,6.70000000000001));
#12761=CARTESIAN_POINT('',(8.06562098874988,227.57490179071,6.70000000000001));
#12762=CARTESIAN_POINT('',(8.06562098874988,224.312398585782,6.70000000000001));
#12763=CARTESIAN_POINT('',(6.11562098874988,208.574888971,6.70000000000001));
#12764=CARTESIAN_POINT('Origin',(6.11562098874988,210.524888971,6.70000000000001));
#12765=CARTESIAN_POINT('',(2.99999352550002,208.574888971,6.70000000000001));
#12766=CARTESIAN_POINT('',(-6.4824313603214E-6,208.574888971,6.70000000000001));
#12767=CARTESIAN_POINT('',(1.04999352550004,210.524888971,6.70000000000001));
#12768=CARTESIAN_POINT('Origin',(2.99999352550002,210.524888971,6.70000000000001));
#12769=CARTESIAN_POINT('',(1.04999352550002,227.57490179071,6.70000000000001));
#12770=CARTESIAN_POINT('',(1.04999352550002,213.787392175927,6.70000000000001));
#12771=CARTESIAN_POINT('',(2.99999352550002,229.52490179071,6.70000000000001));
#12772=CARTESIAN_POINT('Origin',(2.99999352550002,227.57490179071,6.70000000000001));
#12773=CARTESIAN_POINT('',(6.11562098874988,229.52490179071,6.70000000000001));
#12774=CARTESIAN_POINT('',(-6.48343148547221E-6,229.52490179071,6.70000000000001));
#12775=CARTESIAN_POINT('Origin',(6.11562098874988,227.57490179071,6.70000000000001));
#12776=CARTESIAN_POINT('',(-17.1812614009997,227.57490179071,6.70000000000001));
#12777=CARTESIAN_POINT('',(-17.1812614009998,210.524888971,6.70000000000001));
#12778=CARTESIAN_POINT('',(-17.1812614009997,213.787392175927,6.70000000000001));
#12779=CARTESIAN_POINT('',(-15.2312614009997,229.52490179071,6.70000000000001));
#12780=CARTESIAN_POINT('Origin',(-15.2312614009997,227.57490179071,6.70000000000001));
#12781=CARTESIAN_POINT('',(-12.1156339377499,229.52490179071,6.70000000000001));
#12782=CARTESIAN_POINT('',(-6.48343148547221E-6,229.52490179071,6.70000000000001));
#12783=CARTESIAN_POINT('',(-10.1656339377499,227.57490179071,6.70000000000001));
#12784=CARTESIAN_POINT('Origin',(-12.1156339377499,227.57490179071,6.70000000000001));
#12785=CARTESIAN_POINT('',(-10.1656339377499,210.524888971,6.70000000000001));
#12786=CARTESIAN_POINT('',(-10.1656339377499,224.312398585782,6.70000000000001));
#12787=CARTESIAN_POINT('',(-12.1156339377499,208.574888971,6.70000000000001));
#12788=CARTESIAN_POINT('Origin',(-12.1156339377499,210.524888971,6.70000000000001));
#12789=CARTESIAN_POINT('',(-15.2312614009997,208.574888971,6.70000000000001));
#12790=CARTESIAN_POINT('',(-6.4824313603214E-6,208.574888971,6.70000000000001));
#12791=CARTESIAN_POINT('Origin',(-15.2312614009997,210.524888971,6.70000000000001));
#12792=CARTESIAN_POINT('',(-19.7312616120003,245.32489076171,6.70000000000001));
#12793=CARTESIAN_POINT('',(-19.1312616120003,245.92489076171,6.70000000000001));
#12794=CARTESIAN_POINT('Origin',(-19.1312616120003,245.32489076171,6.69999999999986));
#12795=CARTESIAN_POINT('',(19.1312486629997,245.92489076171,6.70000000000001));
#12796=CARTESIAN_POINT('',(-3.24543150809899E-6,245.92489076171,6.70000000000001));
#12797=CARTESIAN_POINT('',(19.7312486629997,245.32489076171,6.70000000000001));
#12798=CARTESIAN_POINT('Origin',(19.1312486629997,245.32489076171,6.70000000000016));
#12799=CARTESIAN_POINT('',(19.7312486629997,230.87490179071,6.70000000000001));
#12800=CARTESIAN_POINT('',(19.7312486629997,228.574948585782,6.70000000000001));
#12801=CARTESIAN_POINT('',(19.1312486629997,230.27490179071,6.70000000000001));
#12802=CARTESIAN_POINT('Origin',(19.1312486629997,230.87490179071,6.70000000000016));
#12803=CARTESIAN_POINT('',(-19.1312616120003,230.27490179071,6.70000000000001));
#12804=CARTESIAN_POINT('',(-3.24543150809714E-6,230.27490179071,6.70000000000001));
#12805=CARTESIAN_POINT('',(-19.7312616120003,230.87490179071,6.70000000000001));
#12806=CARTESIAN_POINT('Origin',(-19.1312616120003,230.87490179071,6.69999999999986));
#12807=CARTESIAN_POINT('',(-19.7312616120003,228.574948585782,6.70000000000001));
#12808=CARTESIAN_POINT('',(-19.731261612,207.224888971,6.70000000000001));
#12809=CARTESIAN_POINT('',(-19.131261612,207.824888971,6.70000000000001));
#12810=CARTESIAN_POINT('Origin',(-19.131261612,207.224888971,6.70000000000001));
#12811=CARTESIAN_POINT('',(19.131248663,207.824888971,6.70000000000001));
#12812=CARTESIAN_POINT('',(-3.2454313603214E-6,207.824888971,6.70000000000001));
#12813=CARTESIAN_POINT('',(19.731248663,207.224888971,6.70000000000001));
#12814=CARTESIAN_POINT('Origin',(19.131248663,207.224888971,6.70000000000001));
#12815=CARTESIAN_POINT('',(19.731248663,192.7749,6.70000000000001));
#12816=CARTESIAN_POINT('',(19.731248663,209.524947690427,6.70000000000001));
#12817=CARTESIAN_POINT('',(19.131248663,192.1749,6.70000000000001));
#12818=CARTESIAN_POINT('Origin',(19.131248663,192.7749,6.70000000000001));
#12819=CARTESIAN_POINT('',(-19.131261612,192.1749,6.70000000000001));
#12820=CARTESIAN_POINT('',(-3.2454313603214E-6,192.1749,6.70000000000001));
#12821=CARTESIAN_POINT('',(-19.731261612,192.7749,6.70000000000001));
#12822=CARTESIAN_POINT('Origin',(-19.131261612,192.7749,6.70000000000001));
#12823=CARTESIAN_POINT('',(-19.731261612,209.524947690427,6.70000000000001));
#12824=CARTESIAN_POINT('',(-1.05000647449998,210.524888971,6.70000000000001));
#12825=CARTESIAN_POINT('',(-1.05000647449998,227.57490179071,6.70000000000001));
#12826=CARTESIAN_POINT('',(-1.05000647449998,224.312398585782,6.70000000000001));
#12827=CARTESIAN_POINT('',(-3.00000647449998,208.574888971,6.70000000000001));
#12828=CARTESIAN_POINT('Origin',(-3.00000647449998,210.524888971,6.70000000000001));
#12829=CARTESIAN_POINT('',(-6.11563393774988,208.574888971,6.70000000000001));
#12830=CARTESIAN_POINT('',(-6.4824313603214E-6,208.574888971,6.70000000000001));
#12831=CARTESIAN_POINT('',(-8.06563393774987,210.524888971,6.70000000000001));
#12832=CARTESIAN_POINT('Origin',(-6.11563393774988,210.524888971,6.70000000000001));
#12833=CARTESIAN_POINT('',(-8.06563393774985,227.57490179071,6.70000000000001));
#12834=CARTESIAN_POINT('',(-8.06563393774988,213.787392175927,6.70000000000001));
#12835=CARTESIAN_POINT('',(-6.11563393774985,229.52490179071,6.70000000000001));
#12836=CARTESIAN_POINT('Origin',(-6.11563393774985,227.57490179071,6.70000000000001));
#12837=CARTESIAN_POINT('',(-3.00000647449998,229.52490179071,6.70000000000001));
#12838=CARTESIAN_POINT('',(-6.48343148547221E-6,229.52490179071,6.70000000000001));
#12839=CARTESIAN_POINT('Origin',(-3.00000647449998,227.57490179071,6.70000000000001));
#12840=CARTESIAN_POINT('Origin',(7.84062098874988,224.312398585782,6.47500000000001));
#12841=CARTESIAN_POINT('',(7.61562098874988,210.524888971,6.25000000000001));
#12842=CARTESIAN_POINT('',(7.61562098874988,210.524888971,6.25000000000001));
#12843=CARTESIAN_POINT('',(7.61562098874988,227.57490179071,6.25000000000001));
#12844=CARTESIAN_POINT('',(8.06562098874988,227.57490179071,6.70000000000001));
#12845=CARTESIAN_POINT('',(7.61562098874988,224.312398585782,6.25000000000001));
#12846=CARTESIAN_POINT('Origin',(6.11562098874988,210.524888971,6.47500000000001));
#12847=CARTESIAN_POINT('',(6.11562098874988,209.024888971,6.25000000000001));
#12848=CARTESIAN_POINT('',(6.11562098874988,209.024888971,6.25000000000001));
#12849=CARTESIAN_POINT('Origin',(6.11562098874988,210.524888971,6.25000000000001));
#12850=CARTESIAN_POINT('Origin',(-6.4824313603214E-6,208.799888971,6.47500000000001));
#12851=CARTESIAN_POINT('',(2.99999352550002,209.024888971,6.25000000000001));
#12852=CARTESIAN_POINT('',(2.99999352550002,209.024888971,6.25000000000001));
#12853=CARTESIAN_POINT('',(-6.4824313603214E-6,209.024888971,6.25000000000001));
#12854=CARTESIAN_POINT('Origin',(2.99999352550002,210.524888971,6.47500000000001));
#12855=CARTESIAN_POINT('',(1.49999352550002,210.524888971,6.25000000000001));
#12856=CARTESIAN_POINT('',(1.49999352550002,210.524888971,6.25000000000001));
#12857=CARTESIAN_POINT('Origin',(2.99999352550002,210.524888971,6.25000000000001));
#12858=CARTESIAN_POINT('Origin',(1.27499352550002,213.787392175927,6.47500000000001));
#12859=CARTESIAN_POINT('',(1.49999352550002,227.57490179071,6.25000000000001));
#12860=CARTESIAN_POINT('',(1.49999352550002,227.57490179071,6.25000000000001));
#12861=CARTESIAN_POINT('',(1.49999352550002,213.787392175927,6.25000000000001));
#12862=CARTESIAN_POINT('Origin',(2.99999352550002,227.57490179071,6.47500000000001));
#12863=CARTESIAN_POINT('',(2.99999352550002,229.07490179071,6.25000000000001));
#12864=CARTESIAN_POINT('',(2.99999352550002,229.07490179071,6.25000000000001));
#12865=CARTESIAN_POINT('Origin',(2.99999352550002,227.57490179071,6.25000000000001));
#12866=CARTESIAN_POINT('Origin',(-6.48343148547218E-6,229.29990179071,6.47500000000001));
#12867=CARTESIAN_POINT('',(6.11562098874988,229.07490179071,6.25000000000001));
#12868=CARTESIAN_POINT('',(6.11562098874988,229.07490179071,6.25000000000001));
#12869=CARTESIAN_POINT('',(-6.48343148547216E-6,229.07490179071,6.25000000000001));
#12870=CARTESIAN_POINT('Origin',(6.11562098874988,227.57490179071,6.47500000000001));
#12871=CARTESIAN_POINT('Origin',(6.11562098874988,227.57490179071,6.25000000000001));
#12872=CARTESIAN_POINT('Origin',(2.99999352550002,210.524888971,0.0997128710827503));
#12873=CARTESIAN_POINT('',(2.99999352550002,209.024888971,0.450000000000045));
#12874=CARTESIAN_POINT('',(2.99999352550002,209.024888971,0.0997128710827503));
#12875=CARTESIAN_POINT('',(1.49999352550002,210.524888971,0.450000000000043));
#12876=CARTESIAN_POINT('Origin',(2.99999352550002,210.524888971,0.450000000000045));
#12877=CARTESIAN_POINT('',(1.49999352550002,210.524888971,0.0997128710827498));
#12878=CARTESIAN_POINT('Origin',(-6.474E-6,209.024888971,0.2));
#12879=CARTESIAN_POINT('',(6.11562098874988,209.024888971,0.450000000000043));
#12880=CARTESIAN_POINT('',(6.11562098874988,209.024888971,0.0997128710827508));
#12881=CARTESIAN_POINT('',(-6.48243136143163E-6,209.024888971,0.450000000000043));
#12882=CARTESIAN_POINT('Origin',(6.11562098874988,210.524888971,0.0997128710827508));
#12883=CARTESIAN_POINT('',(7.61562098874989,210.524888971,0.450000000000043));
#12884=CARTESIAN_POINT('',(7.61562098874989,210.524888971,0.0997128710827513));
#12885=CARTESIAN_POINT('Origin',(6.11562098874988,210.524888971,0.450000000000048));
#12886=CARTESIAN_POINT('Origin',(7.61562098874989,229.57490179071,-0.00057425783449991));
#12887=CARTESIAN_POINT('',(7.61562098874989,227.57490179071,0.450000000000043));
#12888=CARTESIAN_POINT('',(7.61562098874989,227.57490179071,0.0994257421655045));
#12889=CARTESIAN_POINT('',(7.61562098874989,224.312398585782,0.450000000000043));
#12890=CARTESIAN_POINT('Origin',(-1.27500647449998,224.312398585782,6.47500000000001));
#12891=CARTESIAN_POINT('',(-1.50000647449998,210.524888971,6.25000000000001));
#12892=CARTESIAN_POINT('',(-1.50000647449998,210.524888971,6.25000000000001));
#12893=CARTESIAN_POINT('',(-1.50000647449998,227.57490179071,6.25000000000001));
#12894=CARTESIAN_POINT('',(-1.05000647449998,227.57490179071,6.70000000000001));
#12895=CARTESIAN_POINT('',(-1.50000647449998,224.312398585782,6.25000000000001));
#12896=CARTESIAN_POINT('Origin',(-3.00000647449998,210.524888971,6.47500000000001));
#12897=CARTESIAN_POINT('',(-3.00000647449998,209.024888971,6.25000000000001));
#12898=CARTESIAN_POINT('',(-3.00000647449998,209.024888971,6.25000000000001));
#12899=CARTESIAN_POINT('Origin',(-3.00000647449998,210.524888971,6.25000000000001));
#12900=CARTESIAN_POINT('Origin',(-6.4824313603214E-6,208.799888971,6.47500000000001));
#12901=CARTESIAN_POINT('',(-6.11563393774988,209.024888971,6.25000000000001));
#12902=CARTESIAN_POINT('',(-6.11563393774988,209.024888971,6.25000000000001));
#12903=CARTESIAN_POINT('',(-6.4824313603214E-6,209.024888971,6.25000000000001));
#12904=CARTESIAN_POINT('Origin',(-6.11563393774988,210.524888971,6.47500000000001));
#12905=CARTESIAN_POINT('',(-7.61563393774988,210.524888971,6.25));
#12906=CARTESIAN_POINT('',(-7.61563393774988,210.524888971,6.25));
#12907=CARTESIAN_POINT('Origin',(-6.11563393774988,210.524888971,6.25));
#12908=CARTESIAN_POINT('Origin',(-7.84063393774988,213.787392175927,6.47500000000001));
#12909=CARTESIAN_POINT('',(-7.61563393774985,227.57490179071,6.25000000000001));
#12910=CARTESIAN_POINT('',(-7.61563393774985,227.57490179071,6.25000000000001));
#12911=CARTESIAN_POINT('',(-7.61563393774988,213.787392175927,6.25000000000001));
#12912=CARTESIAN_POINT('Origin',(-6.11563393774985,227.57490179071,6.47500000000001));
#12913=CARTESIAN_POINT('',(-6.11563393774985,229.07490179071,6.25));
#12914=CARTESIAN_POINT('',(-6.11563393774985,229.07490179071,6.25));
#12915=CARTESIAN_POINT('Origin',(-6.11563393774985,227.57490179071,6.25));
#12916=CARTESIAN_POINT('Origin',(-6.48343148547218E-6,229.29990179071,6.47500000000001));
#12917=CARTESIAN_POINT('',(-3.00000647449998,229.07490179071,6.25000000000001));
#12918=CARTESIAN_POINT('',(-3.00000647449998,229.07490179071,6.25000000000001));
#12919=CARTESIAN_POINT('',(-6.48343148547216E-6,229.07490179071,6.25000000000001));
#12920=CARTESIAN_POINT('Origin',(-3.00000647449998,227.57490179071,6.47500000000001));
#12921=CARTESIAN_POINT('Origin',(-3.00000647449998,227.57490179071,6.25000000000001));
#12922=CARTESIAN_POINT('Origin',(-6.11563393774988,210.524888971,0.0997128710827476));
#12923=CARTESIAN_POINT('',(-6.11563393774988,209.024888971,0.450000000000039));
#12924=CARTESIAN_POINT('',(-6.11563393774988,209.024888971,0.0997128710827476));
#12925=CARTESIAN_POINT('',(-7.61563393774988,210.524888971,0.450000000000043));
#12926=CARTESIAN_POINT('Origin',(-6.11563393774988,210.524888971,0.450000000000039));
#12927=CARTESIAN_POINT('',(-7.61563393774988,210.524888971,0.0997128710827471));
#12928=CARTESIAN_POINT('Origin',(-6.474E-6,209.024888971,0.2));
#12929=CARTESIAN_POINT('',(-3.00000647449998,209.024888971,0.450000000000043));
#12930=CARTESIAN_POINT('',(-3.00000647449998,209.024888971,0.0997128710827482));
#12931=CARTESIAN_POINT('',(-6.48243136143163E-6,209.024888971,0.450000000000043));
#12932=CARTESIAN_POINT('Origin',(-3.00000647449998,210.524888971,0.0997128710827482));
#12933=CARTESIAN_POINT('',(-1.50000647449998,210.524888971,0.450000000000043));
#12934=CARTESIAN_POINT('',(-1.50000647449998,210.524888971,0.0997128710827486));
#12935=CARTESIAN_POINT('Origin',(-3.00000647449998,210.524888971,0.450000000000042));
#12936=CARTESIAN_POINT('Origin',(-1.50000647449998,229.57490179071,-0.000574257834502377));
#12937=CARTESIAN_POINT('',(-1.50000647449998,227.57490179071,0.450000000000043));
#12938=CARTESIAN_POINT('',(-1.50000647449998,227.57490179071,0.0994257421655018));
#12939=CARTESIAN_POINT('',(-1.50000647449998,224.312398585782,0.450000000000043));
#12940=CARTESIAN_POINT('Origin',(-16.9562614009997,213.787392175927,6.47500000000001));
#12941=CARTESIAN_POINT('',(-16.7312614009997,227.57490179071,6.25000000000001));
#12942=CARTESIAN_POINT('',(-16.7312614009997,227.57490179071,6.25000000000001));
#12943=CARTESIAN_POINT('',(-16.7312614009998,210.524888971,6.25000000000001));
#12944=CARTESIAN_POINT('',(-17.1812614009998,210.524888971,6.70000000000001));
#12945=CARTESIAN_POINT('',(-16.7312614009997,213.787392175927,6.25000000000001));
#12946=CARTESIAN_POINT('Origin',(-15.2312614009997,227.57490179071,6.475));
#12947=CARTESIAN_POINT('',(-15.2312614009997,229.07490179071,6.25));
#12948=CARTESIAN_POINT('',(-15.2312614009997,229.07490179071,6.25));
#12949=CARTESIAN_POINT('Origin',(-15.2312614009997,227.57490179071,6.25));
#12950=CARTESIAN_POINT('Origin',(-6.48343148547218E-6,229.29990179071,6.47500000000001));
#12951=CARTESIAN_POINT('',(-12.1156339377499,229.07490179071,6.25000000000001));
#12952=CARTESIAN_POINT('',(-12.1156339377499,229.07490179071,6.25000000000001));
#12953=CARTESIAN_POINT('',(-6.48343148547216E-6,229.07490179071,6.25000000000001));
#12954=CARTESIAN_POINT('Origin',(-12.1156339377499,227.57490179071,6.475));
#12955=CARTESIAN_POINT('',(-10.6156339377499,227.57490179071,6.25));
#12956=CARTESIAN_POINT('',(-10.6156339377499,227.57490179071,6.25));
#12957=CARTESIAN_POINT('Origin',(-12.1156339377499,227.57490179071,6.25));
#12958=CARTESIAN_POINT('Origin',(-10.3906339377499,224.312398585782,6.47500000000001));
#12959=CARTESIAN_POINT('',(-10.6156339377499,210.524888971,6.25000000000001));
#12960=CARTESIAN_POINT('',(-10.6156339377499,210.524888971,6.25000000000001));
#12961=CARTESIAN_POINT('',(-10.6156339377499,224.312398585782,6.25000000000001));
#12962=CARTESIAN_POINT('Origin',(-12.1156339377499,210.524888971,6.475));
#12963=CARTESIAN_POINT('',(-12.1156339377499,209.024888971,6.25));
#12964=CARTESIAN_POINT('',(-12.1156339377499,209.024888971,6.25));
#12965=CARTESIAN_POINT('Origin',(-12.1156339377499,210.524888971,6.25));
#12966=CARTESIAN_POINT('Origin',(-6.4824313603214E-6,208.799888971,6.47500000000001));
#12967=CARTESIAN_POINT('',(-15.2312614009997,209.024888971,6.25000000000001));
#12968=CARTESIAN_POINT('',(-15.2312614009997,209.024888971,6.25000000000001));
#12969=CARTESIAN_POINT('',(-6.4824313603214E-6,209.024888971,6.25000000000001));
#12970=CARTESIAN_POINT('Origin',(-15.2312614009997,210.524888971,6.475));
#12971=CARTESIAN_POINT('Origin',(-15.2312614009997,210.524888971,6.25));
#12972=CARTESIAN_POINT('Origin',(-12.1156339377499,227.57490179071,0.0994257421654985));
#12973=CARTESIAN_POINT('',(-12.1156339377499,229.07490179071,0.450000000000036));
#12974=CARTESIAN_POINT('',(-12.1156339377499,229.07490179071,0.0994257421654985));
#12975=CARTESIAN_POINT('',(-10.6156339377499,227.57490179071,0.450000000000043));
#12976=CARTESIAN_POINT('Origin',(-12.1156339377499,227.57490179071,0.450000000000036));
#12977=CARTESIAN_POINT('',(-10.6156339377499,227.57490179071,0.099425742165499));
#12978=CARTESIAN_POINT('Origin',(-6.47600025030031E-6,229.07490179071,0.199425742165506));
#12979=CARTESIAN_POINT('',(-15.2312614009997,229.07490179071,0.450000000000043));
#12980=CARTESIAN_POINT('',(-15.2312614009997,229.07490179071,0.0994257421654981));
#12981=CARTESIAN_POINT('',(-6.48343148658238E-6,229.07490179071,0.450000000000043));
#12982=CARTESIAN_POINT('Origin',(-15.2312614009997,227.57490179071,0.0994257421654981));
#12983=CARTESIAN_POINT('',(-16.7312614009997,227.57490179071,0.450000000000033));
#12984=CARTESIAN_POINT('',(-16.7312614009997,227.57490179071,0.0994257421654976));
#12985=CARTESIAN_POINT('Origin',(-15.2312614009997,227.57490179071,0.450000000000033));
#12986=CARTESIAN_POINT('Origin',(-16.7312614009998,208.524888971,-0.000574257834505748));
#12987=CARTESIAN_POINT('',(-16.7312614009997,210.524888971,0.450000000000043));
#12988=CARTESIAN_POINT('',(-16.7312614009997,210.524888971,0.0997128710827444));
#12989=CARTESIAN_POINT('',(-16.7312614009997,213.787392175927,0.450000000000043));
#12990=CARTESIAN_POINT('Origin',(-19.5062614009997,224.312398585782,6.47500000000001));
#12991=CARTESIAN_POINT('',(-19.7312614009998,210.069883685025,6.25000000000001));
#12992=CARTESIAN_POINT('',(-19.7312614009998,210.069883685025,6.25000000000001));
#12993=CARTESIAN_POINT('',(-19.7312614009997,228.029907358645,6.25000000000001));
#12994=CARTESIAN_POINT('',(-19.2812614009997,228.029907358645,6.70000000000001));
#12995=CARTESIAN_POINT('',(-19.7312614009997,224.312398585782,6.25000000000001));
#12996=CARTESIAN_POINT('Origin',(-21.2312614009997,210.069883685025,6.47500000000001));
#12997=CARTESIAN_POINT('',(-20.397928302111,208.822664399456,6.25000000000001));
#12998=CARTESIAN_POINT('',(-20.397928302111,208.822664399456,6.25000000000001));
#12999=CARTESIAN_POINT('Origin',(-21.2312614009997,210.069883685025,6.25000000000001));
#13000=CARTESIAN_POINT('Origin',(-19.731261823,207.824888971,6.47500000000001));
#13001=CARTESIAN_POINT('',(-20.931261823,207.824888939,6.25000000000001));
#13002=CARTESIAN_POINT('',(-20.931261823,207.824888939,6.25000000000001));
#13003=CARTESIAN_POINT('Origin',(-19.731261823,207.824888971,6.25000000000001));
#13004=CARTESIAN_POINT('Origin',(-20.706261869175,209.52489459043,6.47500000000001));
#13005=CARTESIAN_POINT('',(-20.931261401,192.174899968,6.25000000000001));
#13006=CARTESIAN_POINT('',(-20.931261401,192.174899968,6.25000000000001));
#13007=CARTESIAN_POINT('',(-20.931261869175,209.524894584355,6.25000000000001));
#13008=CARTESIAN_POINT('Origin',(-19.731261401,192.1749,6.47500000000001));
#13009=CARTESIAN_POINT('',(-19.731261401,190.9749,6.25000000000001));
#13010=CARTESIAN_POINT('',(-19.731261401,190.9749,6.25000000000001));
#13011=CARTESIAN_POINT('Origin',(-19.731261401,192.1749,6.25000000000001));
#13012=CARTESIAN_POINT('Origin',(-6.4834313603214E-6,191.1999,6.47500000000001));
#13013=CARTESIAN_POINT('',(19.731248452,190.9749,6.25000000000001));
#13014=CARTESIAN_POINT('',(19.731248452,190.9749,6.25000000000001));
#13015=CARTESIAN_POINT('',(-6.4834313603214E-6,190.9749,6.25000000000001));
#13016=CARTESIAN_POINT('Origin',(19.731248452,192.1749,6.47500000000001));
#13017=CARTESIAN_POINT('',(20.931248452,192.174899968,6.25000000000001));
#13018=CARTESIAN_POINT('',(20.931248452,192.174899968,6.25000000000001));
#13019=CARTESIAN_POINT('Origin',(19.731248452,192.1749,6.25000000000001));
#13020=CARTESIAN_POINT('Origin',(20.706248920175,209.52489458993,6.47500000000001));
#13021=CARTESIAN_POINT('',(20.931248874,207.824888939,6.25000000000001));
#13022=CARTESIAN_POINT('',(20.931248874,207.824888939,6.25000000000001));
#13023=CARTESIAN_POINT('',(20.931248920175,209.524894583855,6.25000000000001));
#13024=CARTESIAN_POINT('Origin',(19.731248874,207.824888971,6.47500000000001));
#13025=CARTESIAN_POINT('',(20.397915353111,208.822664399456,6.25000000000001));
#13026=CARTESIAN_POINT('',(20.397915353111,208.822664399456,6.25000000000001));
#13027=CARTESIAN_POINT('Origin',(19.731248874,207.824888971,6.25000000000001));
#13028=CARTESIAN_POINT('Origin',(21.2312484519998,210.069883685025,6.47500000000001));
#13029=CARTESIAN_POINT('',(19.7312484519998,210.069883685025,6.25000000000001));
#13030=CARTESIAN_POINT('',(19.7312484519998,210.069883685025,6.25000000000001));
#13031=CARTESIAN_POINT('Origin',(21.2312484519998,210.069883685025,6.25000000000001));
#13032=CARTESIAN_POINT('Origin',(19.5062484519997,213.787392175927,6.47500000000001));
#13033=CARTESIAN_POINT('',(19.7312484519998,228.029907358645,6.25000000000001));
#13034=CARTESIAN_POINT('',(19.7312484519998,228.029907358645,6.25000000000001));
#13035=CARTESIAN_POINT('',(19.7312484519998,213.787392175927,6.25000000000001));
#13036=CARTESIAN_POINT('Origin',(21.2312484519997,228.029907358645,6.47500000000017));
#13037=CARTESIAN_POINT('',(20.3979151186664,229.27712648757,6.25000000000033));
#13038=CARTESIAN_POINT('',(20.3979151186664,229.27712648757,6.25000000000033));
#13039=CARTESIAN_POINT('Origin',(21.2312484519997,228.029907358645,6.25000000000033));
#13040=CARTESIAN_POINT('Origin',(19.7312484519997,230.27490179071,6.47500000000017));
#13041=CARTESIAN_POINT('',(20.9312484519997,230.27490175871,6.25000000000033));
#13042=CARTESIAN_POINT('',(20.9312484519997,230.27490175871,6.25000000000033));
#13043=CARTESIAN_POINT('Origin',(19.7312484519997,230.27490179071,6.25000000000033));
#13044=CARTESIAN_POINT('Origin',(20.7062484058247,228.574895485285,6.47500000000001));
#13045=CARTESIAN_POINT('',(20.9312488739997,245.92489072971,6.25000000000001));
#13046=CARTESIAN_POINT('',(20.9312488739997,245.92489072971,6.25000000000001));
#13047=CARTESIAN_POINT('',(20.9312484058247,228.57489547921,6.25000000000001));
#13048=CARTESIAN_POINT('Origin',(19.7312488739997,245.92489076171,6.47500000000017));
#13049=CARTESIAN_POINT('',(19.7312488739997,247.12489076171,6.25000000000033));
#13050=CARTESIAN_POINT('',(19.7312488739997,247.12489076171,6.25000000000033));
#13051=CARTESIAN_POINT('Origin',(19.7312488739997,245.92489076171,6.25000000000033));
#13052=CARTESIAN_POINT('Origin',(-6.48243148547427E-6,246.89989076171,6.47500000000001));
#13053=CARTESIAN_POINT('',(-19.7312618230003,247.12489076171,6.25000000000001));
#13054=CARTESIAN_POINT('',(-19.7312618230003,247.12489076171,6.25000000000001));
#13055=CARTESIAN_POINT('',(-6.4824314854743E-6,247.12489076171,6.25000000000001));
#13056=CARTESIAN_POINT('Origin',(-19.7312618230003,245.92489076171,6.47499999999985));
#13057=CARTESIAN_POINT('',(-20.9312618230003,245.92489072971,6.24999999999969));
#13058=CARTESIAN_POINT('',(-20.9312618230003,245.92489072971,6.24999999999969));
#13059=CARTESIAN_POINT('Origin',(-19.7312618230003,245.92489076171,6.24999999999969));
#13060=CARTESIAN_POINT('Origin',(-20.7062613548253,228.574895485785,6.47500000000001));
#13061=CARTESIAN_POINT('',(-20.9312614010003,230.27490175871,6.25000000000001));
#13062=CARTESIAN_POINT('',(-20.9312614010003,230.27490175871,6.25000000000001));
#13063=CARTESIAN_POINT('',(-20.9312613548253,228.57489547971,6.25000000000001));
#13064=CARTESIAN_POINT('Origin',(-19.7312614010003,230.27490179071,6.47499999999985));
#13065=CARTESIAN_POINT('',(-20.3979280676667,229.27712648757,6.24999999999969));
#13066=CARTESIAN_POINT('',(-20.3979280676667,229.27712648757,6.24999999999969));
#13067=CARTESIAN_POINT('Origin',(-19.7312614010003,230.27490179071,6.24999999999969));
#13068=CARTESIAN_POINT('Origin',(-21.2312614009998,228.029907358645,6.47499999999985));
#13069=CARTESIAN_POINT('Origin',(-21.2312614009998,228.029907358645,6.24999999999968));
#13070=CARTESIAN_POINT('Origin',(21.2312484519998,210.069883685025,0.2));
#13071=CARTESIAN_POINT('',(20.397915353111,208.822664399456,0.450000000000043));
#13072=CARTESIAN_POINT('',(20.397915353111,208.822664399456,0.2));
#13073=CARTESIAN_POINT('',(19.7312484519998,210.069883685025,0.450000000000043));
#13074=CARTESIAN_POINT('Origin',(21.2312484519998,210.069883685025,0.450000000000043));
#13075=CARTESIAN_POINT('',(19.7312484519998,210.069883685025,0.2));
#13076=CARTESIAN_POINT('Origin',(19.731248874,207.824888971,0.2));
#13077=CARTESIAN_POINT('',(20.931248874,207.824888939,0.450000000000043));
#13078=CARTESIAN_POINT('',(20.931248874,207.824888939,1.2));
#13079=CARTESIAN_POINT('Origin',(19.731248874,207.824888971,0.450000000000043));
#13080=CARTESIAN_POINT('Origin',(20.931248663,199.999894352,0.2));
#13081=CARTESIAN_POINT('',(20.931248452,192.174899968,0.450000000000044));
#13082=CARTESIAN_POINT('',(20.931248452,192.174899968,6.7));
#13083=CARTESIAN_POINT('',(20.931248920175,209.524894583855,0.450000000000043));
#13084=CARTESIAN_POINT('Origin',(19.731248452,192.1749,0.2));
#13085=CARTESIAN_POINT('',(19.731248452,190.9749,0.450000000000043));
#13086=CARTESIAN_POINT('',(19.731248452,190.9749,1.2));
#13087=CARTESIAN_POINT('Origin',(19.731248452,192.1749,0.450000000000043));
#13088=CARTESIAN_POINT('Origin',(-6.476E-6,190.9749,0.2));
#13089=CARTESIAN_POINT('',(-19.731261401,190.9749,0.450000000000044));
#13090=CARTESIAN_POINT('',(-19.731261401,190.9749,6.7));
#13091=CARTESIAN_POINT('',(-6.48343136143163E-6,190.9749,0.450000000000043));
#13092=CARTESIAN_POINT('Origin',(-19.731261401,192.1749,0.2));
#13093=CARTESIAN_POINT('',(-20.931261401,192.174899968,0.450000000000043));
#13094=CARTESIAN_POINT('',(-20.931261401,192.174899968,1.2));
#13095=CARTESIAN_POINT('Origin',(-19.731261401,192.1749,0.450000000000043));
#13096=CARTESIAN_POINT('Origin',(-20.931261612,199.999894353,0.2));
#13097=CARTESIAN_POINT('',(-20.931261823,207.824888939,0.450000000000044));
#13098=CARTESIAN_POINT('',(-20.931261823,207.824888939,6.7));
#13099=CARTESIAN_POINT('',(-20.931261869175,209.524894584355,0.450000000000043));
#13100=CARTESIAN_POINT('Origin',(-19.731261823,207.824888971,0.2));
#13101=CARTESIAN_POINT('',(-20.397928302111,208.822664399456,0.450000000000043));
#13102=CARTESIAN_POINT('',(-20.397928302111,208.822664399456,0.2));
#13103=CARTESIAN_POINT('Origin',(-19.731261823,207.824888971,0.450000000000043));
#13104=CARTESIAN_POINT('Origin',(-21.2312614009997,210.069883685025,0.2));
#13105=CARTESIAN_POINT('',(-19.7312614009998,210.069883685025,0.450000000000043));
#13106=CARTESIAN_POINT('',(-19.7312614009998,210.069883685025,0.200000000000001));
#13107=CARTESIAN_POINT('Origin',(-21.2312614009997,210.069883685025,0.450000000000043));
#13108=CARTESIAN_POINT('Origin',(-19.7312614009997,229.57490179071,-0.000574257834507311));
#13109=CARTESIAN_POINT('',(-19.7312614009997,228.029907358645,0.450000000000043));
#13110=CARTESIAN_POINT('',(-19.7312614009997,228.029907358645,0.199425742165338));
#13111=CARTESIAN_POINT('',(-19.7312614009997,224.312398585782,0.450000000000043));
#13112=CARTESIAN_POINT('Origin',(-10.3906339377499,224.312398585782,0.225000000000043));
#13113=CARTESIAN_POINT('',(-10.1656339377498,227.57490179071,4.32986979603811E-14));
#13114=CARTESIAN_POINT('',(-10.6156339377499,227.57490179071,0.450000000000043));
#13115=CARTESIAN_POINT('',(-10.1656339377499,210.524888971,4.32986979603811E-14));
#13116=CARTESIAN_POINT('',(-10.1656339377499,224.312398585782,4.32986979603811E-14));
#13117=CARTESIAN_POINT('',(-10.6156339377499,210.524888971,0.450000000000043));
#13118=CARTESIAN_POINT('',(-10.1656339377499,210.524888971,4.32986979603811E-14));
#13119=CARTESIAN_POINT('',(-10.6156339377499,224.312398585782,0.450000000000043));
#13120=CARTESIAN_POINT('Origin',(-12.1156339377499,227.57490179071,0.22500000000004));
#13121=CARTESIAN_POINT('',(-12.1156339377499,229.52490179071,4.32986979603811E-14));
#13122=CARTESIAN_POINT('',(-12.1156339377499,229.07490179071,0.450000000000036));
#13123=CARTESIAN_POINT('Origin',(-12.1156339377499,227.57490179071,4.32986979603811E-14));
#13124=CARTESIAN_POINT('Origin',(-6.48343148658241E-6,229.29990179071,0.225000000000043));
#13125=CARTESIAN_POINT('',(-15.2312614009997,229.52490179071,4.32986979603811E-14));
#13126=CARTESIAN_POINT('',(-15.2312614009997,229.07490179071,0.450000000000043));
#13127=CARTESIAN_POINT('',(-6.48343148658243E-6,229.52490179071,4.32986979603811E-14));
#13128=CARTESIAN_POINT('Origin',(-15.2312614009997,227.57490179071,0.225000000000038));
#13129=CARTESIAN_POINT('',(-17.1812614009997,227.57490179071,4.33680868994202E-14));
#13130=CARTESIAN_POINT('',(-16.7312614009997,227.57490179071,0.450000000000033));
#13131=CARTESIAN_POINT('Origin',(-15.2312614009997,227.57490179071,4.33680868994202E-14));
#13132=CARTESIAN_POINT('Origin',(-16.9562614009997,213.787392175927,0.225000000000043));
#13133=CARTESIAN_POINT('',(-17.1812614009997,210.524888971,4.32986979603811E-14));
#13134=CARTESIAN_POINT('',(-16.7312614009997,210.524888971,0.450000000000043));
#13135=CARTESIAN_POINT('',(-17.1812614009997,213.787392175927,4.32986979603811E-14));
#13136=CARTESIAN_POINT('Origin',(-15.2312614009997,210.524888971,0.225000000000038));
#13137=CARTESIAN_POINT('',(-15.2312614009997,209.024888971,0.450000000000033));
#13138=CARTESIAN_POINT('',(-15.2312614009997,208.574888971,4.33680868994202E-14));
#13139=CARTESIAN_POINT('',(-15.2312614009997,209.024888971,0.450000000000033));
#13140=CARTESIAN_POINT('Origin',(-15.2312614009997,210.524888971,4.33680868994202E-14));
#13141=CARTESIAN_POINT('Origin',(-15.2312614009997,210.524888971,0.450000000000033));
#13142=CARTESIAN_POINT('Origin',(-6.48243136143163E-6,208.799888971,0.225000000000043));
#13143=CARTESIAN_POINT('',(-12.1156339377499,209.024888971,0.450000000000043));
#13144=CARTESIAN_POINT('',(-12.1156339377499,208.574888971,4.32986979603811E-14));
#13145=CARTESIAN_POINT('',(-12.1156339377499,209.024888971,0.450000000000043));
#13146=CARTESIAN_POINT('',(-6.48243136143163E-6,208.574888971,4.32986979603811E-14));
#13147=CARTESIAN_POINT('',(-6.48243136143163E-6,209.024888971,0.450000000000043));
#13148=CARTESIAN_POINT('Origin',(-12.1156339377499,210.524888971,0.22500000000004));
#13149=CARTESIAN_POINT('Origin',(-12.1156339377499,210.524888971,4.32986979603811E-14));
#13150=CARTESIAN_POINT('Origin',(-12.1156339377499,210.524888971,0.450000000000036));
#13151=CARTESIAN_POINT('Origin',(-10.6156339377498,229.57490179071,-0.000574257834504844));
#13152=CARTESIAN_POINT('',(-10.6156339377499,210.524888971,0.0997128710827458));
#13153=CARTESIAN_POINT('Origin',(-6.49086272286326E-6,219.049895380855,
4.33333924299006E-14));
#13154=CARTESIAN_POINT('',(19.2812484519998,210.069883685025,4.32986979603811E-14));
#13155=CARTESIAN_POINT('',(19.2812484519998,228.029907358645,4.32986979603811E-14));
#13156=CARTESIAN_POINT('',(19.2812484519998,213.787392175927,4.32986979603811E-14));
#13157=CARTESIAN_POINT('',(20.1479154234444,208.448498613785,4.32986979603811E-14));
#13158=CARTESIAN_POINT('Origin',(21.2312484519998,210.069883685025,4.32986979603811E-14));
#13159=CARTESIAN_POINT('',(20.481248874,207.824888951,4.32986979603811E-14));
#13160=CARTESIAN_POINT('Origin',(19.731248874,207.824888971,4.32986979603811E-14));
#13161=CARTESIAN_POINT('',(20.4812484517252,192.17489998015,4.32986979603811E-14));
#13162=CARTESIAN_POINT('',(20.481248920175,209.524894596005,4.32986979603811E-14));
#13163=CARTESIAN_POINT('',(19.731248452,191.4249,4.32986979603811E-14));
#13164=CARTESIAN_POINT('Origin',(19.731248452,192.1749,4.32986979603811E-14));
#13165=CARTESIAN_POINT('',(-19.731261401,191.4249,4.32986979603811E-14));
#13166=CARTESIAN_POINT('',(-6.48343136143163E-6,191.4249,4.32986979603811E-14));
#13167=CARTESIAN_POINT('',(-20.481261401,192.17489998,4.32986979603811E-14));
#13168=CARTESIAN_POINT('Origin',(-19.731261401,192.1749,4.32986979603811E-14));
#13169=CARTESIAN_POINT('',(-20.4812618232749,207.82488895115,4.32986979603811E-14));
#13170=CARTESIAN_POINT('',(-20.481261869175,209.524894596505,4.32986979603811E-14));
#13171=CARTESIAN_POINT('',(-20.1479283724444,208.448498613785,4.32986979603811E-14));
#13172=CARTESIAN_POINT('Origin',(-19.731261823,207.824888971,4.32986979603811E-14));
#13173=CARTESIAN_POINT('',(-19.2812614009997,210.069883685025,4.32986979603811E-14));
#13174=CARTESIAN_POINT('Origin',(-21.2312614009997,210.069883685025,4.32986979603811E-14));
#13175=CARTESIAN_POINT('',(-19.2812614009997,228.029907358645,4.32986979603811E-14));
#13176=CARTESIAN_POINT('',(-19.2812614009997,224.312398585782,4.32986979603811E-14));
#13177=CARTESIAN_POINT('',(-20.1479280676668,229.651292226247,4.33680868994202E-14));
#13178=CARTESIAN_POINT('Origin',(-21.2312614009997,228.029907358645,4.33680868994202E-14));
#13179=CARTESIAN_POINT('',(-20.4812614010002,230.27490177071,4.32986979603811E-14));
#13180=CARTESIAN_POINT('Origin',(-19.7312614010003,230.27490179071,4.32986979603811E-14));
#13181=CARTESIAN_POINT('',(-20.4812618232751,245.92489074186,4.32986979603811E-14));
#13182=CARTESIAN_POINT('',(-20.4812613548252,228.57489549186,4.32986979603811E-14));
#13183=CARTESIAN_POINT('',(-19.7312618230003,246.67489076171,4.32986979603811E-14));
#13184=CARTESIAN_POINT('Origin',(-19.7312618230003,245.92489076171,4.32986979603811E-14));
#13185=CARTESIAN_POINT('',(19.7312488739997,246.67489076171,4.32986979603811E-14));
#13186=CARTESIAN_POINT('',(-6.48243148658447E-6,246.67489076171,4.32986979603811E-14));
#13187=CARTESIAN_POINT('',(20.4812488739997,245.92489074171,4.32986979603811E-14));
#13188=CARTESIAN_POINT('Origin',(19.7312488739997,245.92489076171,4.32986979603811E-14));
#13189=CARTESIAN_POINT('',(20.4812484517249,230.27490177086,4.32986979603811E-14));
#13190=CARTESIAN_POINT('',(20.4812484058247,228.57489549136,4.32986979603811E-14));
#13191=CARTESIAN_POINT('',(20.1479151186664,229.651292226247,4.32986979603811E-14));
#13192=CARTESIAN_POINT('Origin',(19.7312484519997,230.27490179071,4.32986979603811E-14));
#13193=CARTESIAN_POINT('Origin',(21.2312484519998,228.029907358645,4.33680868994202E-14));
#13194=CARTESIAN_POINT('',(-1.05000647449998,227.57490179071,4.32986979603811E-14));
#13195=CARTESIAN_POINT('',(-1.05000647449998,210.524888971,4.32986979603811E-14));
#13196=CARTESIAN_POINT('',(-1.05000647449998,224.312398585782,4.32986979603811E-14));
#13197=CARTESIAN_POINT('',(-3.00000647449998,229.52490179071,4.32986979603811E-14));
#13198=CARTESIAN_POINT('Origin',(-3.00000647449998,227.57490179071,4.32986979603811E-14));
#13199=CARTESIAN_POINT('',(-6.11563393774985,229.52490179071,4.32986979603811E-14));
#13200=CARTESIAN_POINT('',(-6.48343148658243E-6,229.52490179071,4.32986979603811E-14));
#13201=CARTESIAN_POINT('',(-8.06563393774983,227.57490179071,4.32986979603811E-14));
#13202=CARTESIAN_POINT('Origin',(-6.11563393774985,227.57490179071,4.32986979603811E-14));
#13203=CARTESIAN_POINT('',(-8.06563393774988,210.524888971,4.32986979603811E-14));
#13204=CARTESIAN_POINT('',(-8.06563393774988,213.787392175927,4.32986979603811E-14));
#13205=CARTESIAN_POINT('',(-6.11563393774988,208.574888971,4.32986979603811E-14));
#13206=CARTESIAN_POINT('Origin',(-6.11563393774988,210.524888971,4.32986979603811E-14));
#13207=CARTESIAN_POINT('',(-3.00000647449998,208.574888971,4.32986979603811E-14));
#13208=CARTESIAN_POINT('',(-6.48243136143163E-6,208.574888971,4.32986979603811E-14));
#13209=CARTESIAN_POINT('Origin',(-3.00000647449998,210.524888971,4.32986979603811E-14));
#13210=CARTESIAN_POINT('',(17.1812484519997,227.57490179071,4.32986979603811E-14));
#13211=CARTESIAN_POINT('',(17.1812484519997,210.524888971,4.32986979603811E-14));
#13212=CARTESIAN_POINT('',(17.1812484519997,224.312398585782,4.32986979603811E-14));
#13213=CARTESIAN_POINT('',(15.2312484519998,229.52490179071,4.33680868994202E-14));
#13214=CARTESIAN_POINT('Origin',(15.2312484519998,227.57490179071,4.33680868994202E-14));
#13215=CARTESIAN_POINT('',(12.1156209887499,229.52490179071,4.32986979603811E-14));
#13216=CARTESIAN_POINT('',(-6.48343148658243E-6,229.52490179071,4.32986979603811E-14));
#13217=CARTESIAN_POINT('',(10.1656209887499,227.57490179071,4.32986979603811E-14));
#13218=CARTESIAN_POINT('Origin',(12.1156209887499,227.57490179071,4.32986979603811E-14));
#13219=CARTESIAN_POINT('',(10.1656209887499,210.524888971,4.32986979603811E-14));
#13220=CARTESIAN_POINT('',(10.1656209887499,213.787392175927,4.32986979603811E-14));
#13221=CARTESIAN_POINT('',(12.1156209887499,208.574888971,4.32986979603811E-14));
#13222=CARTESIAN_POINT('Origin',(12.1156209887499,210.524888971,4.32986979603811E-14));
#13223=CARTESIAN_POINT('',(15.2312484519998,208.574888971,4.32986979603811E-14));
#13224=CARTESIAN_POINT('',(-6.48243136143163E-6,208.574888971,4.32986979603811E-14));
#13225=CARTESIAN_POINT('Origin',(15.2312484519998,210.524888971,4.33680868994202E-14));
#13226=CARTESIAN_POINT('',(-20.431261401,197.657031828143,4.33333924299006E-14));
#13227=CARTESIAN_POINT('',(20.4312485997427,197.657031828143,4.33333924299006E-14));
#13228=CARTESIAN_POINT('',(10.21562105444,197.657031828143,4.33333924299006E-14));
#13229=CARTESIAN_POINT('',(20.4312486078427,197.957031828143,4.33160451951409E-14));
#13230=CARTESIAN_POINT('',(20.4312489201749,209.524891906855,4.33333924299006E-14));
#13231=CARTESIAN_POINT('',(-20.431261401,197.957031828143,4.33160451951409E-14));
#13232=CARTESIAN_POINT('',(10.21562105849,197.957031828143,4.32986979603811E-14));
#13233=CARTESIAN_POINT('',(-20.431261401,209.524892175927,4.33333924299006E-14));
#13234=CARTESIAN_POINT('',(-20.431261401,193.271317542429,4.33333924299006E-14));
#13235=CARTESIAN_POINT('',(20.4312484813284,193.271317542429,4.33333924299006E-14));
#13236=CARTESIAN_POINT('',(10.2156209952329,193.271317542429,4.33333924299006E-14));
#13237=CARTESIAN_POINT('',(20.4312484894284,193.571317542429,4.33160451951409E-14));
#13238=CARTESIAN_POINT('',(20.4312489201749,209.524891906855,4.33333924299006E-14));
#13239=CARTESIAN_POINT('',(-20.431261401,193.571317542429,4.33160451951409E-14));
#13240=CARTESIAN_POINT('',(10.2156209992829,193.571317542429,4.32986979603811E-14));
#13241=CARTESIAN_POINT('',(-20.431261401,209.524892175927,4.33333924299006E-14));
#13242=CARTESIAN_POINT('',(-20.431261401,200.946317542429,4.33333924299006E-14));
#13243=CARTESIAN_POINT('',(20.4312486885534,200.946317542429,4.33333924299006E-14));
#13244=CARTESIAN_POINT('',(10.2156210988454,200.946317542429,4.33333924299006E-14));
#13245=CARTESIAN_POINT('',(20.4312486966534,201.246317542429,4.33160451951409E-14));
#13246=CARTESIAN_POINT('',(20.4312489201749,209.524891906855,4.33333924299006E-14));
#13247=CARTESIAN_POINT('',(-20.431261401,201.246317542429,4.33160451951409E-14));
#13248=CARTESIAN_POINT('',(10.2156211028954,201.246317542429,4.32986979603811E-14));
#13249=CARTESIAN_POINT('',(-20.431261401,209.524892175927,4.33333924299006E-14));
#13250=CARTESIAN_POINT('',(-20.431261401,205.332031828143,4.33333924299006E-14));
#13251=CARTESIAN_POINT('',(20.4312488069677,205.332031828143,4.33333924299006E-14));
#13252=CARTESIAN_POINT('',(10.2156211580525,205.332031828143,4.33333924299006E-14));
#13253=CARTESIAN_POINT('',(20.4312488150677,205.632031828143,4.33160451951409E-14));
#13254=CARTESIAN_POINT('',(20.4312489201749,209.524891906855,4.33333924299006E-14));
#13255=CARTESIAN_POINT('',(-20.431261401,205.632031828143,4.33160451951409E-14));
#13256=CARTESIAN_POINT('',(10.2156211621025,205.632031828143,4.32986979603811E-14));
#13257=CARTESIAN_POINT('',(-20.431261401,209.524892175927,4.33333924299006E-14));
#13258=CARTESIAN_POINT('',(-20.431261401,206.428460399571,4.33333924299006E-14));
#13259=CARTESIAN_POINT('',(20.4312488365713,206.428460399571,4.33333924299006E-14));
#13260=CARTESIAN_POINT('',(10.2156211728543,206.428460399571,4.33333924299006E-14));
#13261=CARTESIAN_POINT('',(20.4312488446713,206.728460399571,4.33160451951409E-14));
#13262=CARTESIAN_POINT('',(20.4312489201749,209.524891906855,4.33333924299006E-14));
#13263=CARTESIAN_POINT('',(-20.431261401,206.728460399571,4.33160451951409E-14));
#13264=CARTESIAN_POINT('',(10.2156211769043,206.728460399571,4.32986979603811E-14));
#13265=CARTESIAN_POINT('',(-20.431261401,209.524892175927,4.33333924299006E-14));
#13266=CARTESIAN_POINT('',(-20.431261401,202.042746113857,4.33333924299006E-14));
#13267=CARTESIAN_POINT('',(20.431248718157,202.042746113857,4.33333924299006E-14));
#13268=CARTESIAN_POINT('',(10.2156211136471,202.042746113857,4.33333924299006E-14));
#13269=CARTESIAN_POINT('',(20.431248726257,202.342746113857,4.33160451951409E-14));
#13270=CARTESIAN_POINT('',(20.4312489201749,209.524891906855,4.33333924299006E-14));
#13271=CARTESIAN_POINT('',(-20.431261401,202.342746113857,4.33160451951409E-14));
#13272=CARTESIAN_POINT('',(10.2156211176971,202.342746113857,4.32986979603811E-14));
#13273=CARTESIAN_POINT('',(-20.431261401,209.524892175927,4.33333924299006E-14));
#13274=CARTESIAN_POINT('',(-20.431261401,192.174888971,4.33333924299006E-14));
#13275=CARTESIAN_POINT('',(20.4312484517249,192.174888971,4.33333924299006E-14));
#13276=CARTESIAN_POINT('',(10.2156209804311,192.174888971,4.33333924299006E-14));
#13277=CARTESIAN_POINT('',(20.4312484598249,192.474888971,4.33160451951409E-14));
#13278=CARTESIAN_POINT('',(20.4312489201749,209.524891906855,4.33333924299006E-14));
#13279=CARTESIAN_POINT('',(-20.431261401,192.474888971,4.33160451951409E-14));
#13280=CARTESIAN_POINT('',(10.2156209844811,192.474888971,4.32986979603811E-14));
#13281=CARTESIAN_POINT('',(-20.431261401,209.524892175927,4.33333924299006E-14));
#13282=CARTESIAN_POINT('',(-20.431261401,196.560603256714,4.33333924299006E-14));
#13283=CARTESIAN_POINT('',(20.4312485701391,196.560603256714,4.33333924299006E-14));
#13284=CARTESIAN_POINT('',(10.2156210396382,196.560603256714,4.33333924299006E-14));
#13285=CARTESIAN_POINT('',(20.4312485782391,196.860603256714,4.33160451951409E-14));
#13286=CARTESIAN_POINT('',(20.4312489201749,209.524891906855,4.33333924299006E-14));
#13287=CARTESIAN_POINT('',(-20.431261401,196.860603256714,4.33160451951409E-14));
#13288=CARTESIAN_POINT('',(10.2156210436882,196.860603256714,4.32986979603811E-14));
#13289=CARTESIAN_POINT('',(-20.431261401,209.524892175927,4.33333924299006E-14));
#13290=CARTESIAN_POINT('',(-20.431261401,194.367746113857,4.33333924299006E-14));
#13291=CARTESIAN_POINT('',(20.431248510932,194.367746113857,4.33333924299006E-14));
#13292=CARTESIAN_POINT('',(10.2156210100346,194.367746113857,4.33333924299006E-14));
#13293=CARTESIAN_POINT('',(20.431248519032,194.667746113857,4.33160451951409E-14));
#13294=CARTESIAN_POINT('',(20.4312489201749,209.524891906855,4.33333924299006E-14));
#13295=CARTESIAN_POINT('',(-20.431261401,194.667746113857,4.33160451951409E-14));
#13296=CARTESIAN_POINT('',(10.2156210140846,194.667746113857,4.32986979603811E-14));
#13297=CARTESIAN_POINT('',(-20.431261401,209.524892175927,4.33333924299006E-14));
#13298=CARTESIAN_POINT('',(-20.431261401,199.849888971,4.33333924299006E-14));
#13299=CARTESIAN_POINT('',(20.4312486589499,199.849888971,4.33333924299006E-14));
#13300=CARTESIAN_POINT('',(10.2156210840436,199.849888971,4.33333924299006E-14));
#13301=CARTESIAN_POINT('',(20.4312486670499,200.149888971,4.33160451951409E-14));
#13302=CARTESIAN_POINT('',(20.4312489201749,209.524891906855,4.33333924299006E-14));
#13303=CARTESIAN_POINT('',(-20.431261401,200.149888971,4.33160451951409E-14));
#13304=CARTESIAN_POINT('',(10.2156210880936,200.149888971,4.32986979603811E-14));
#13305=CARTESIAN_POINT('',(-20.431261401,209.524892175927,4.33333924299006E-14));
#13306=CARTESIAN_POINT('',(-20.431261401,204.235603256714,4.33333924299006E-14));
#13307=CARTESIAN_POINT('',(20.4312487773641,204.235603256714,4.33333924299006E-14));
#13308=CARTESIAN_POINT('',(10.2156211432507,204.235603256714,4.33333924299006E-14));
#13309=CARTESIAN_POINT('',(20.4312487854641,204.535603256714,4.33160451951409E-14));
#13310=CARTESIAN_POINT('',(20.4312489201749,209.524891906855,4.33333924299006E-14));
#13311=CARTESIAN_POINT('',(-20.431261401,204.535603256714,4.33160451951409E-14));
#13312=CARTESIAN_POINT('',(10.2156211473007,204.535603256714,4.32986979603811E-14));
#13313=CARTESIAN_POINT('',(-20.431261401,209.524892175927,4.33333924299006E-14));
#13314=CARTESIAN_POINT('',(-20.431261401,207.524888971,4.33333924299006E-14));
#13315=CARTESIAN_POINT('',(20.4312488661749,207.524888971,4.33333924299006E-14));
#13316=CARTESIAN_POINT('',(10.2156211876561,207.524888971,4.33333924299006E-14));
#13317=CARTESIAN_POINT('',(20.4312488742749,207.824888971,4.33160451951409E-14));
#13318=CARTESIAN_POINT('',(20.4312489201749,209.524891906855,4.33333924299006E-14));
#13319=CARTESIAN_POINT('',(-20.431261401,207.824888971,4.33160451951409E-14));
#13320=CARTESIAN_POINT('',(10.2156211917061,207.824888971,4.32986979603811E-14));
#13321=CARTESIAN_POINT('',(-20.431261401,209.524892175927,4.33333924299006E-14));
#13322=CARTESIAN_POINT('',(-20.431261401,203.139174685286,4.33333924299006E-14));
#13323=CARTESIAN_POINT('',(20.4312487477606,203.139174685286,4.33333924299006E-14));
#13324=CARTESIAN_POINT('',(10.2156211284489,203.139174685286,4.33333924299006E-14));
#13325=CARTESIAN_POINT('',(20.4312487558606,203.439174685286,4.33160451951409E-14));
#13326=CARTESIAN_POINT('',(20.4312489201749,209.524891906855,4.33333924299006E-14));
#13327=CARTESIAN_POINT('',(-20.431261401,203.439174685286,4.33160451951409E-14));
#13328=CARTESIAN_POINT('',(10.2156211324989,203.439174685286,4.32986979603811E-14));
#13329=CARTESIAN_POINT('',(-20.431261401,209.524892175927,4.33333924299006E-14));
#13330=CARTESIAN_POINT('',(-20.431261401,198.753460399571,4.33333924299006E-14));
#13331=CARTESIAN_POINT('',(20.4312486293463,198.753460399571,4.33333924299006E-14));
#13332=CARTESIAN_POINT('',(10.2156210692418,198.753460399571,4.33333924299006E-14));
#13333=CARTESIAN_POINT('',(20.4312486374463,199.053460399571,4.33160451951409E-14));
#13334=CARTESIAN_POINT('',(20.4312489201749,209.524891906855,4.33333924299006E-14));
#13335=CARTESIAN_POINT('',(-20.431261401,199.053460399571,4.33160451951409E-14));
#13336=CARTESIAN_POINT('',(10.2156210732918,199.053460399571,4.32986979603811E-14));
#13337=CARTESIAN_POINT('',(-20.431261401,209.524892175927,4.33333924299006E-14));
#13338=CARTESIAN_POINT('',(-20.431261401,195.464174685286,4.33333924299006E-14));
#13339=CARTESIAN_POINT('',(20.4312485405356,195.464174685286,4.33333924299006E-14));
#13340=CARTESIAN_POINT('',(10.2156210248364,195.464174685286,4.33333924299006E-14));
#13341=CARTESIAN_POINT('',(20.4312485486356,195.764174685286,4.33160451951409E-14));
#13342=CARTESIAN_POINT('',(20.4312489201749,209.524891906855,4.33333924299006E-14));
#13343=CARTESIAN_POINT('',(-20.431261401,195.764174685286,4.33160451951409E-14));
#13344=CARTESIAN_POINT('',(10.2156210288864,195.764174685286,4.32986979603811E-14));
#13345=CARTESIAN_POINT('',(-20.431261401,209.524892175927,4.33333924299006E-14));
#13346=CARTESIAN_POINT('',(-20.4312614010003,235.757033618852,4.33333924299006E-14));
#13347=CARTESIAN_POINT('',(20.4312485997425,235.757033618852,4.33333924299006E-14));
#13348=CARTESIAN_POINT('',(10.2156210544399,235.757033618852,4.33333924299006E-14));
#13349=CARTESIAN_POINT('',(20.4312486078425,236.057033618852,4.33507396646604E-14));
#13350=CARTESIAN_POINT('',(20.4312484058247,228.57489280221,4.33333924299006E-14));
#13351=CARTESIAN_POINT('',(-20.4312614010003,236.057033618852,4.33507396646604E-14));
#13352=CARTESIAN_POINT('',(10.2156210584899,236.057033618852,4.33680868994202E-14));
#13353=CARTESIAN_POINT('',(-20.4312614010003,228.574893071282,4.33333924299006E-14));
#13354=CARTESIAN_POINT('',(20.4312484894282,231.671319333138,4.33507396646604E-14));
#13355=CARTESIAN_POINT('',(-20.4312614010003,231.671319333138,4.33507396646604E-14));
#13356=CARTESIAN_POINT('',(10.2156209992827,231.671319333138,4.33680868994202E-14));
#13357=CARTESIAN_POINT('',(-20.4312614010003,231.371319333138,4.33333924299006E-14));
#13358=CARTESIAN_POINT('',(-20.4312614010003,228.574893071282,4.33333924299006E-14));
#13359=CARTESIAN_POINT('',(20.4312484813282,231.371319333138,4.33333924299006E-14));
#13360=CARTESIAN_POINT('',(10.2156209952327,231.371319333138,4.33333924299006E-14));
#13361=CARTESIAN_POINT('',(20.4312484058247,228.57489280221,4.33333924299006E-14));
#13362=CARTESIAN_POINT('',(-20.4312614010003,239.046319333138,4.33333924299006E-14));
#13363=CARTESIAN_POINT('',(20.4312486885532,239.046319333138,4.33333924299006E-14));
#13364=CARTESIAN_POINT('',(10.2156210988452,239.046319333138,4.33333924299006E-14));
#13365=CARTESIAN_POINT('',(20.4312486966532,239.346319333138,4.33507396646604E-14));
#13366=CARTESIAN_POINT('',(20.4312484058247,228.57489280221,4.33333924299006E-14));
#13367=CARTESIAN_POINT('',(-20.4312614010003,239.346319333138,4.33507396646604E-14));
#13368=CARTESIAN_POINT('',(10.2156211028952,239.346319333138,4.33680868994202E-14));
#13369=CARTESIAN_POINT('',(-20.4312614010003,228.574893071282,4.33333924299006E-14));
#13370=CARTESIAN_POINT('',(-20.4312614010003,243.432033618852,4.33333924299006E-14));
#13371=CARTESIAN_POINT('',(20.4312488069675,243.432033618852,4.33333924299006E-14));
#13372=CARTESIAN_POINT('',(10.2156211580524,243.432033618852,4.33333924299006E-14));
#13373=CARTESIAN_POINT('',(20.4312488150675,243.732033618852,4.33507396646604E-14));
#13374=CARTESIAN_POINT('',(20.4312484058247,228.57489280221,4.33333924299006E-14));
#13375=CARTESIAN_POINT('',(-20.4312614010003,243.732033618852,4.33507396646604E-14));
#13376=CARTESIAN_POINT('',(10.2156211621024,243.732033618852,4.33680868994202E-14));
#13377=CARTESIAN_POINT('',(-20.4312614010003,228.574893071282,4.33333924299006E-14));
#13378=CARTESIAN_POINT('',(-20.4312614010003,244.528462190281,4.33333924299006E-14));
#13379=CARTESIAN_POINT('',(20.431248836571,244.528462190281,4.33333924299006E-14));
#13380=CARTESIAN_POINT('',(10.2156211728542,244.528462190281,4.33333924299006E-14));
#13381=CARTESIAN_POINT('',(20.431248844671,244.828462190281,4.33507396646604E-14));
#13382=CARTESIAN_POINT('',(20.4312484058247,228.57489280221,4.33333924299006E-14));
#13383=CARTESIAN_POINT('',(-20.4312614010003,244.828462190281,4.33507396646604E-14));
#13384=CARTESIAN_POINT('',(10.2156211769042,244.828462190281,4.33680868994202E-14));
#13385=CARTESIAN_POINT('',(-20.4312614010003,228.574893071282,4.33333924299006E-14));
#13386=CARTESIAN_POINT('',(-20.4312614010003,240.142747904567,4.33333924299006E-14));
#13387=CARTESIAN_POINT('',(20.4312487181568,240.142747904567,4.33333924299006E-14));
#13388=CARTESIAN_POINT('',(10.215621113647,240.142747904567,4.33333924299006E-14));
#13389=CARTESIAN_POINT('',(20.4312487262568,240.442747904567,4.33507396646604E-14));
#13390=CARTESIAN_POINT('',(20.4312484058247,228.57489280221,4.33333924299006E-14));
#13391=CARTESIAN_POINT('',(-20.4312614010003,240.442747904567,4.33507396646604E-14));
#13392=CARTESIAN_POINT('',(10.215621117697,240.442747904567,4.33680868994202E-14));
#13393=CARTESIAN_POINT('',(-20.4312614010003,228.574893071282,4.33333924299006E-14));
#13394=CARTESIAN_POINT('',(-20.4312614010003,230.27489076171,4.33333924299006E-14));
#13395=CARTESIAN_POINT('',(20.4312484517246,230.27489076171,4.33333924299006E-14));
#13396=CARTESIAN_POINT('',(10.2156209804309,230.27489076171,4.33333924299006E-14));
#13397=CARTESIAN_POINT('',(20.4312484598246,230.57489076171,4.33507396646604E-14));
#13398=CARTESIAN_POINT('',(20.4312484058247,228.57489280221,4.33333924299006E-14));
#13399=CARTESIAN_POINT('',(-20.4312614010003,230.57489076171,4.33507396646604E-14));
#13400=CARTESIAN_POINT('',(10.2156209844809,230.57489076171,4.33680868994202E-14));
#13401=CARTESIAN_POINT('',(-20.4312614010003,228.574893071282,4.33333924299006E-14));
#13402=CARTESIAN_POINT('',(-20.4312614010003,234.660605047424,4.33333924299006E-14));
#13403=CARTESIAN_POINT('',(20.4312485701389,234.660605047424,4.33333924299006E-14));
#13404=CARTESIAN_POINT('',(10.2156210396381,234.660605047424,4.33333924299006E-14));
#13405=CARTESIAN_POINT('',(20.4312485782389,234.960605047424,4.33507396646604E-14));
#13406=CARTESIAN_POINT('',(20.4312484058247,228.57489280221,4.33333924299006E-14));
#13407=CARTESIAN_POINT('',(-20.4312614010003,234.960605047424,4.33507396646604E-14));
#13408=CARTESIAN_POINT('',(10.2156210436881,234.960605047424,4.33680868994202E-14));
#13409=CARTESIAN_POINT('',(-20.4312614010003,228.574893071282,4.33333924299006E-14));
#13410=CARTESIAN_POINT('',(-20.4312614010003,232.467747904567,4.33333924299006E-14));
#13411=CARTESIAN_POINT('',(20.4312485109318,232.467747904567,4.33333924299006E-14));
#13412=CARTESIAN_POINT('',(10.2156210100345,232.467747904567,4.33333924299006E-14));
#13413=CARTESIAN_POINT('',(20.4312485190318,232.767747904567,4.33507396646604E-14));
#13414=CARTESIAN_POINT('',(20.4312484058247,228.57489280221,4.33333924299006E-14));
#13415=CARTESIAN_POINT('',(-20.4312614010003,232.767747904567,4.33507396646604E-14));
#13416=CARTESIAN_POINT('',(10.2156210140845,232.767747904567,4.33680868994202E-14));
#13417=CARTESIAN_POINT('',(-20.4312614010003,228.574893071282,4.33333924299006E-14));
#13418=CARTESIAN_POINT('',(-20.4312614010003,237.94989076171,4.33333924299006E-14));
#13419=CARTESIAN_POINT('',(20.4312486589496,237.94989076171,4.33333924299006E-14));
#13420=CARTESIAN_POINT('',(10.2156210840434,237.94989076171,4.33333924299006E-14));
#13421=CARTESIAN_POINT('',(20.4312486670496,238.24989076171,4.33507396646604E-14));
#13422=CARTESIAN_POINT('',(20.4312484058247,228.57489280221,4.33333924299006E-14));
#13423=CARTESIAN_POINT('',(-20.4312614010003,238.24989076171,4.33507396646604E-14));
#13424=CARTESIAN_POINT('',(10.2156210880934,238.24989076171,4.33680868994202E-14));
#13425=CARTESIAN_POINT('',(-20.4312614010003,228.574893071282,4.33333924299006E-14));
#13426=CARTESIAN_POINT('',(-20.4312614010003,242.335605047424,4.33333924299006E-14));
#13427=CARTESIAN_POINT('',(20.4312487773639,242.335605047424,4.33333924299006E-14));
#13428=CARTESIAN_POINT('',(10.2156211432506,242.335605047424,4.33333924299006E-14));
#13429=CARTESIAN_POINT('',(20.4312487854639,242.635605047424,4.33507396646604E-14));
#13430=CARTESIAN_POINT('',(20.4312484058247,228.57489280221,4.33333924299006E-14));
#13431=CARTESIAN_POINT('',(-20.4312614010003,242.635605047424,4.33507396646604E-14));
#13432=CARTESIAN_POINT('',(10.2156211473006,242.635605047424,4.33680868994202E-14));
#13433=CARTESIAN_POINT('',(-20.4312614010003,228.574893071282,4.33333924299006E-14));
#13434=CARTESIAN_POINT('',(20.4312488742746,245.92489076171,4.33507396646604E-14));
#13435=CARTESIAN_POINT('',(-20.4312614010003,245.92489076171,4.33507396646604E-14));
#13436=CARTESIAN_POINT('',(10.2156211917059,245.92489076171,4.33680868994202E-14));
#13437=CARTESIAN_POINT('',(-20.4312614010003,245.62489076171,4.33333924299006E-14));
#13438=CARTESIAN_POINT('',(-20.4312614010003,228.574893071282,4.33333924299006E-14));
#13439=CARTESIAN_POINT('',(20.4312488661746,245.62489076171,4.33333924299006E-14));
#13440=CARTESIAN_POINT('',(10.2156211876559,245.62489076171,4.33333924299006E-14));
#13441=CARTESIAN_POINT('',(20.4312484058247,228.57489280221,4.33333924299006E-14));
#13442=CARTESIAN_POINT('',(-20.4312614010003,241.239176475995,4.33333924299006E-14));
#13443=CARTESIAN_POINT('',(20.4312487477603,241.239176475995,4.33333924299006E-14));
#13444=CARTESIAN_POINT('',(10.2156211284488,241.239176475995,4.33333924299006E-14));
#13445=CARTESIAN_POINT('',(20.4312487558603,241.539176475995,4.33507396646604E-14));
#13446=CARTESIAN_POINT('',(20.4312484058247,228.57489280221,4.33333924299006E-14));
#13447=CARTESIAN_POINT('',(-20.4312614010003,241.539176475995,4.33507396646604E-14));
#13448=CARTESIAN_POINT('',(10.2156211324988,241.539176475995,4.33680868994202E-14));
#13449=CARTESIAN_POINT('',(-20.4312614010003,228.574893071282,4.33333924299006E-14));
#13450=CARTESIAN_POINT('',(-20.4312614010003,236.853462190281,4.33333924299006E-14));
#13451=CARTESIAN_POINT('',(20.431248629346,236.853462190281,4.33333924299006E-14));
#13452=CARTESIAN_POINT('',(10.2156210692417,236.853462190281,4.33333924299006E-14));
#13453=CARTESIAN_POINT('',(20.431248637446,237.153462190281,4.33507396646604E-14));
#13454=CARTESIAN_POINT('',(20.4312484058247,228.57489280221,4.33333924299006E-14));
#13455=CARTESIAN_POINT('',(-20.4312614010003,237.153462190281,4.33507396646604E-14));
#13456=CARTESIAN_POINT('',(10.2156210732917,237.153462190281,4.33680868994202E-14));
#13457=CARTESIAN_POINT('',(-20.4312614010003,228.574893071282,4.33333924299006E-14));
#13458=CARTESIAN_POINT('',(-20.4312614010003,233.564176475995,4.33333924299006E-14));
#13459=CARTESIAN_POINT('',(20.4312485405353,233.564176475995,4.33333924299006E-14));
#13460=CARTESIAN_POINT('',(10.2156210248363,233.564176475995,4.33333924299006E-14));
#13461=CARTESIAN_POINT('',(20.4312485486353,233.864176475995,4.33507396646604E-14));
#13462=CARTESIAN_POINT('',(20.4312484058247,228.57489280221,4.33333924299006E-14));
#13463=CARTESIAN_POINT('',(-20.4312614010003,233.864176475995,4.33507396646604E-14));
#13464=CARTESIAN_POINT('',(10.2156210288863,233.864176475995,4.33680868994202E-14));
#13465=CARTESIAN_POINT('',(-20.4312614010003,228.574893071282,4.33333924299006E-14));
#13466=CARTESIAN_POINT('',(8.06562098874988,227.57490179071,4.32986979603811E-14));
#13467=CARTESIAN_POINT('',(8.06562098874988,210.524888971,4.32986979603811E-14));
#13468=CARTESIAN_POINT('',(8.06562098874988,224.312398585782,4.32986979603811E-14));
#13469=CARTESIAN_POINT('',(6.11562098874989,229.52490179071,4.32986979603811E-14));
#13470=CARTESIAN_POINT('Origin',(6.11562098874988,227.57490179071,4.32986979603811E-14));
#13471=CARTESIAN_POINT('',(2.99999352550002,229.52490179071,4.32986979603811E-14));
#13472=CARTESIAN_POINT('',(-6.48343148658243E-6,229.52490179071,4.32986979603811E-14));
#13473=CARTESIAN_POINT('',(1.04999352550004,227.57490179071,4.32986979603811E-14));
#13474=CARTESIAN_POINT('Origin',(2.99999352550002,227.57490179071,4.32986979603811E-14));
#13475=CARTESIAN_POINT('',(1.04999352550002,210.524888971,4.32986979603811E-14));
#13476=CARTESIAN_POINT('',(1.04999352550002,213.787392175927,4.32986979603811E-14));
#13477=CARTESIAN_POINT('',(2.99999352550002,208.574888971,4.32986979603811E-14));
#13478=CARTESIAN_POINT('Origin',(2.99999352550002,210.524888971,4.32986979603811E-14));
#13479=CARTESIAN_POINT('',(6.11562098874988,208.574888971,4.32986979603811E-14));
#13480=CARTESIAN_POINT('',(-6.48243136143163E-6,208.574888971,4.32986979603811E-14));
#13481=CARTESIAN_POINT('Origin',(6.11562098874988,210.524888971,4.32986979603811E-14));
#13482=CARTESIAN_POINT('Origin',(-1.27500647449998,224.312398585782,0.225000000000043));
#13483=CARTESIAN_POINT('',(-1.50000647449998,227.57490179071,0.450000000000043));
#13484=CARTESIAN_POINT('',(-1.05000647449998,210.524888971,4.32986979603811E-14));
#13485=CARTESIAN_POINT('Origin',(-3.00000647449998,227.57490179071,0.225000000000043));
#13486=CARTESIAN_POINT('',(-3.00000647449998,229.07490179071,0.450000000000042));
#13487=CARTESIAN_POINT('',(-3.00000647449998,229.07490179071,0.450000000000042));
#13488=CARTESIAN_POINT('Origin',(-3.00000647449998,227.57490179071,0.450000000000042));
#13489=CARTESIAN_POINT('Origin',(-6.48343148658241E-6,229.29990179071,0.225000000000043));
#13490=CARTESIAN_POINT('',(-6.11563393774985,229.07490179071,0.450000000000043));
#13491=CARTESIAN_POINT('',(-6.11563393774985,229.07490179071,0.450000000000043));
#13492=CARTESIAN_POINT('',(-6.48343148658238E-6,229.07490179071,0.450000000000043));
#13493=CARTESIAN_POINT('Origin',(-6.11563393774985,227.57490179071,0.225000000000041));
#13494=CARTESIAN_POINT('',(-7.61563393774985,227.57490179071,0.450000000000039));
#13495=CARTESIAN_POINT('',(-7.61563393774985,227.57490179071,0.450000000000039));
#13496=CARTESIAN_POINT('Origin',(-6.11563393774985,227.57490179071,0.450000000000039));
#13497=CARTESIAN_POINT('Origin',(-7.84063393774988,213.787392175927,0.225000000000043));
#13498=CARTESIAN_POINT('',(-7.61563393774988,210.524888971,0.450000000000043));
#13499=CARTESIAN_POINT('',(-7.61563393774988,213.787392175927,0.450000000000043));
#13500=CARTESIAN_POINT('Origin',(-6.11563393774988,210.524888971,0.225000000000041));
#13501=CARTESIAN_POINT('',(-6.11563393774988,209.024888971,0.450000000000039));
#13502=CARTESIAN_POINT('Origin',(-6.48243136143163E-6,208.799888971,0.225000000000043));
#13503=CARTESIAN_POINT('',(-3.00000647449998,209.024888971,0.450000000000043));
#13504=CARTESIAN_POINT('Origin',(-3.00000647449998,210.524888971,0.225000000000043));
#13505=CARTESIAN_POINT('Origin',(-6.11563393774985,227.57490179071,0.0994257421655008));
#13506=CARTESIAN_POINT('',(-7.61563393774985,227.57490179071,0.0994257421655003));
#13507=CARTESIAN_POINT('',(-6.11563393774985,229.07490179071,0.0994257421655008));
#13508=CARTESIAN_POINT('Origin',(-6.47600025030031E-6,229.07490179071,0.199425742165506));
#13509=CARTESIAN_POINT('',(-3.00000647449998,229.07490179071,0.0994257421655014));
#13510=CARTESIAN_POINT('Origin',(-3.00000647449998,227.57490179071,0.0994257421655014));
#13511=CARTESIAN_POINT('Origin',(7.84062098874989,224.312398585782,0.225000000000043));
#13512=CARTESIAN_POINT('',(7.61562098874989,227.57490179071,0.450000000000043));
#13513=CARTESIAN_POINT('',(8.06562098874988,210.524888971,4.32986979603811E-14));
#13514=CARTESIAN_POINT('Origin',(6.11562098874988,227.57490179071,0.225000000000046));
#13515=CARTESIAN_POINT('',(6.11562098874988,229.07490179071,0.450000000000048));
#13516=CARTESIAN_POINT('',(6.11562098874988,229.07490179071,0.450000000000048));
#13517=CARTESIAN_POINT('Origin',(6.11562098874988,227.57490179071,0.450000000000048));
#13518=CARTESIAN_POINT('Origin',(-6.48343148658241E-6,229.29990179071,0.225000000000043));
#13519=CARTESIAN_POINT('',(2.99999352550002,229.07490179071,0.450000000000043));
#13520=CARTESIAN_POINT('',(2.99999352550002,229.07490179071,0.450000000000043));
#13521=CARTESIAN_POINT('',(-6.48343148658238E-6,229.07490179071,0.450000000000043));
#13522=CARTESIAN_POINT('Origin',(2.99999352550002,227.57490179071,0.225000000000044));
#13523=CARTESIAN_POINT('',(1.49999352550002,227.57490179071,0.450000000000045));
#13524=CARTESIAN_POINT('',(1.49999352550002,227.57490179071,0.450000000000045));
#13525=CARTESIAN_POINT('Origin',(2.99999352550002,227.57490179071,0.450000000000045));
#13526=CARTESIAN_POINT('Origin',(1.27499352550002,213.787392175927,0.225000000000043));
#13527=CARTESIAN_POINT('',(1.49999352550002,210.524888971,0.450000000000043));
#13528=CARTESIAN_POINT('',(1.49999352550002,213.787392175927,0.450000000000043));
#13529=CARTESIAN_POINT('Origin',(2.99999352550002,210.524888971,0.225000000000044));
#13530=CARTESIAN_POINT('',(2.99999352550002,209.024888971,0.450000000000045));
#13531=CARTESIAN_POINT('Origin',(-6.48243136143163E-6,208.799888971,0.225000000000043));
#13532=CARTESIAN_POINT('',(6.11562098874988,209.024888971,0.450000000000043));
#13533=CARTESIAN_POINT('Origin',(6.11562098874988,210.524888971,0.225000000000046));
#13534=CARTESIAN_POINT('Origin',(2.99999352550002,227.57490179071,0.0994257421655035));
#13535=CARTESIAN_POINT('',(1.49999352550002,227.57490179071,0.099425742165503));
#13536=CARTESIAN_POINT('',(2.99999352550002,229.07490179071,0.0994257421655035));
#13537=CARTESIAN_POINT('Origin',(-6.47600025030031E-6,229.07490179071,0.199425742165506));
#13538=CARTESIAN_POINT('',(6.11562098874988,229.07490179071,0.099425742165504));
#13539=CARTESIAN_POINT('Origin',(6.11562098874988,227.57490179071,0.099425742165504));
#13540=CARTESIAN_POINT('Origin',(16.9562484519998,224.312398585782,0.225000000000043));
#13541=CARTESIAN_POINT('',(16.7312484519998,227.57490179071,0.450000000000043));
#13542=CARTESIAN_POINT('',(17.1812484519997,210.524888971,4.32986979603811E-14));
#13543=CARTESIAN_POINT('Origin',(15.2312484519998,227.57490179071,0.225000000000049));
#13544=CARTESIAN_POINT('',(15.2312484519998,229.07490179071,0.450000000000054));
#13545=CARTESIAN_POINT('',(15.2312484519998,229.07490179071,0.450000000000054));
#13546=CARTESIAN_POINT('Origin',(15.2312484519998,227.57490179071,0.450000000000054));
#13547=CARTESIAN_POINT('Origin',(-6.48343148658241E-6,229.29990179071,0.225000000000043));
#13548=CARTESIAN_POINT('',(12.1156209887499,229.07490179071,0.450000000000043));
#13549=CARTESIAN_POINT('',(12.1156209887499,229.07490179071,0.450000000000043));
#13550=CARTESIAN_POINT('',(-6.48343148658238E-6,229.07490179071,0.450000000000043));
#13551=CARTESIAN_POINT('Origin',(12.1156209887499,227.57490179071,0.225000000000047));
#13552=CARTESIAN_POINT('',(10.6156209887499,227.57490179071,0.450000000000051));
#13553=CARTESIAN_POINT('',(10.6156209887499,227.57490179071,0.450000000000051));
#13554=CARTESIAN_POINT('Origin',(12.1156209887499,227.57490179071,0.450000000000051));
#13555=CARTESIAN_POINT('Origin',(10.3906209887499,213.787392175927,0.225000000000043));
#13556=CARTESIAN_POINT('',(10.6156209887499,210.524888971,0.450000000000043));
#13557=CARTESIAN_POINT('',(10.6156209887499,213.787392175927,0.450000000000043));
#13558=CARTESIAN_POINT('Origin',(12.1156209887499,210.524888971,0.225000000000047));
#13559=CARTESIAN_POINT('',(12.1156209887499,209.024888971,0.450000000000051));
#13560=CARTESIAN_POINT('Origin',(-6.48243136143163E-6,208.799888971,0.225000000000043));
#13561=CARTESIAN_POINT('',(15.2312484519998,209.024888971,0.450000000000043));
#13562=CARTESIAN_POINT('Origin',(15.2312484519998,210.524888971,0.225000000000049));
#13563=CARTESIAN_POINT('Origin',(12.1156209887499,227.57490179071,0.0994257421655063));
#13564=CARTESIAN_POINT('',(10.6156209887499,227.57490179071,0.0994257421655058));
#13565=CARTESIAN_POINT('',(12.1156209887499,229.07490179071,0.0994257421655063));
#13566=CARTESIAN_POINT('Origin',(-6.47600025030031E-6,229.07490179071,0.199425742165506));
#13567=CARTESIAN_POINT('',(15.2312484519998,229.07490179071,0.0994257421655068));
#13568=CARTESIAN_POINT('Origin',(15.2312484519998,227.57490179071,0.0994257421655068));
#13569=CARTESIAN_POINT('Origin',(19.5062484519998,213.787392175927,0.225000000000043));
#13570=CARTESIAN_POINT('',(19.7312484519998,210.069883685025,0.450000000000043));
#13571=CARTESIAN_POINT('',(19.7312484519998,228.029907358645,0.450000000000043));
#13572=CARTESIAN_POINT('',(19.2812484519998,228.029907358645,4.32986979603811E-14));
#13573=CARTESIAN_POINT('',(19.7312484519998,213.787392175927,0.450000000000043));
#13574=CARTESIAN_POINT('Origin',(21.2312484519998,210.069883685025,0.225000000000043));
#13575=CARTESIAN_POINT('',(20.397915353111,208.822664399456,0.450000000000043));
#13576=CARTESIAN_POINT('Origin',(19.731248874,207.824888971,0.225000000000043));
#13577=CARTESIAN_POINT('',(20.931248874,207.824888939,0.450000000000043));
#13578=CARTESIAN_POINT('Origin',(20.706248920175,209.52489458993,0.225000000000043));
#13579=CARTESIAN_POINT('',(20.931248452,192.174899968,0.450000000000044));
#13580=CARTESIAN_POINT('Origin',(19.731248452,192.1749,0.225000000000043));
#13581=CARTESIAN_POINT('',(19.731248452,190.9749,0.450000000000043));
#13582=CARTESIAN_POINT('Origin',(-6.48343136143163E-6,191.1999,0.225000000000043));
#13583=CARTESIAN_POINT('',(-19.731261401,190.9749,0.450000000000044));
#13584=CARTESIAN_POINT('Origin',(-19.731261401,192.1749,0.225000000000043));
#13585=CARTESIAN_POINT('',(-20.931261401,192.174899968,0.450000000000043));
#13586=CARTESIAN_POINT('Origin',(-20.706261869175,209.52489459043,0.225000000000043));
#13587=CARTESIAN_POINT('',(-20.931261823,207.824888939,0.450000000000044));
#13588=CARTESIAN_POINT('Origin',(-19.731261823,207.824888971,0.225000000000043));
#13589=CARTESIAN_POINT('',(-20.397928302111,208.822664399456,0.450000000000043));
#13590=CARTESIAN_POINT('Origin',(-21.2312614009997,210.069883685025,0.225000000000043));
#13591=CARTESIAN_POINT('',(-19.7312614009998,210.069883685025,0.450000000000043));
#13592=CARTESIAN_POINT('Origin',(-19.5062614009997,224.312398585782,0.225000000000043));
#13593=CARTESIAN_POINT('',(-19.7312614009997,228.029907358645,0.450000000000043));
#13594=CARTESIAN_POINT('Origin',(-21.2312614009997,228.029907358645,0.224999999999882));
#13595=CARTESIAN_POINT('',(-20.3979280676667,229.27712648757,0.44999999999972));
#13596=CARTESIAN_POINT('',(-20.3979280676667,229.27712648757,0.44999999999972));
#13597=CARTESIAN_POINT('Origin',(-21.2312614009997,228.029907358645,0.44999999999972));
#13598=CARTESIAN_POINT('Origin',(-19.7312614010003,230.27490179071,0.224999999999884));
#13599=CARTESIAN_POINT('',(-20.9312614010003,230.27490175871,0.449999999999725));
#13600=CARTESIAN_POINT('',(-20.9312614010003,230.27490175871,0.449999999999725));
#13601=CARTESIAN_POINT('Origin',(-19.7312614010003,230.27490179071,0.449999999999725));
#13602=CARTESIAN_POINT('Origin',(-20.7062613548252,228.574895485785,0.225000000000043));
#13603=CARTESIAN_POINT('',(-20.9312618230003,245.92489072971,0.450000000000044));
#13604=CARTESIAN_POINT('',(-20.9312618230003,245.92489072971,0.450000000000044));
#13605=CARTESIAN_POINT('',(-20.9312613548252,228.57489547971,0.450000000000043));
#13606=CARTESIAN_POINT('Origin',(-19.7312618230003,245.92489076171,0.224999999999885));
#13607=CARTESIAN_POINT('',(-19.7312618230003,247.12489076171,0.449999999999726));
#13608=CARTESIAN_POINT('',(-19.7312618230003,247.12489076171,0.449999999999726));
#13609=CARTESIAN_POINT('Origin',(-19.7312618230003,245.92489076171,0.449999999999726));
#13610=CARTESIAN_POINT('Origin',(-6.48243148658449E-6,246.89989076171,0.225000000000043));
#13611=CARTESIAN_POINT('',(19.7312488739997,247.12489076171,0.450000000000044));
#13612=CARTESIAN_POINT('',(19.7312488739997,247.12489076171,0.450000000000044));
#13613=CARTESIAN_POINT('',(-6.48243148658452E-6,247.12489076171,0.450000000000043));
#13614=CARTESIAN_POINT('Origin',(19.7312488739997,245.92489076171,0.225000000000202));
#13615=CARTESIAN_POINT('',(20.9312488739997,245.92489072971,0.450000000000361));
#13616=CARTESIAN_POINT('',(20.9312488739997,245.92489072971,0.450000000000361));
#13617=CARTESIAN_POINT('Origin',(19.7312488739997,245.92489076171,0.450000000000361));
#13618=CARTESIAN_POINT('Origin',(20.7062484058247,228.574895485285,0.225000000000043));
#13619=CARTESIAN_POINT('',(20.9312484519997,230.27490175871,0.450000000000044));
#13620=CARTESIAN_POINT('',(20.9312484519997,230.27490175871,0.450000000000044));
#13621=CARTESIAN_POINT('',(20.9312484058247,228.57489547921,0.450000000000043));
#13622=CARTESIAN_POINT('Origin',(19.7312484519997,230.27490179071,0.225000000000203));
#13623=CARTESIAN_POINT('',(20.3979151186664,229.27712648757,0.450000000000362));
#13624=CARTESIAN_POINT('',(20.3979151186664,229.27712648757,0.450000000000362));
#13625=CARTESIAN_POINT('Origin',(19.7312484519997,230.27490179071,0.450000000000362));
#13626=CARTESIAN_POINT('Origin',(21.2312484519998,228.029907358645,0.225000000000205));
#13627=CARTESIAN_POINT('Origin',(21.2312484519998,228.029907358645,0.450000000000367));
#13628=CARTESIAN_POINT('Origin',(19.7312484519998,208.524888971,-0.000574257834495881));
#13629=CARTESIAN_POINT('',(19.7312484519998,228.029907358645,0.199425742165674));
#13630=CARTESIAN_POINT('Origin',(-12.1156339377499,210.524888971,0.0997128710827453));
#13631=CARTESIAN_POINT('',(-12.1156339377499,209.024888971,0.0997128710827453));
#13632=CARTESIAN_POINT('Origin',(19.7312488739997,245.92489076171,0.199425742165663));
#13633=CARTESIAN_POINT('',(20.9312488739997,245.92489072971,1.19942574216567));
#13634=CARTESIAN_POINT('',(19.7312488739997,247.12489076171,6.69942574216566));
#13635=CARTESIAN_POINT('Origin',(20.4312486629996,238.09989077521,0.299425742165669));
#13636=CARTESIAN_POINT('',(20.4312485405353,233.564176475995,0.599425742165669));
#13637=CARTESIAN_POINT('',(20.4312485405353,233.564176475995,0.149425742165669));
#13638=CARTESIAN_POINT('',(20.4312485486353,233.864176475995,0.599425742165669));
#13639=CARTESIAN_POINT('',(20.4312486017675,235.832033632352,0.599425742165669));
#13640=CARTESIAN_POINT('',(20.4312485486353,233.864176475995,0.449425742165669));
#13641=CARTESIAN_POINT('Origin',(20.4312485405353,233.564176475995,-0.000574257834331414));
#13642=CARTESIAN_POINT('',(-20.4312614010003,233.564176475995,0.599425742165344));
#13643=CARTESIAN_POINT('',(-20.4312614010003,233.564176475995,0.149425742165344));
#13644=CARTESIAN_POINT('',(20.4312485405353,233.564176475995,0.599425742165669));
#13645=CARTESIAN_POINT('Origin',(20.4312486629996,238.09989077521,0.299425742165669));
#13646=CARTESIAN_POINT('',(20.431248629346,236.853462190281,0.599425742165669));
#13647=CARTESIAN_POINT('',(20.431248629346,236.853462190281,0.149425742165669));
#13648=CARTESIAN_POINT('',(20.431248637446,237.153462190281,0.599425742165669));
#13649=CARTESIAN_POINT('',(20.4312486461728,237.476676489495,0.599425742165669));
#13650=CARTESIAN_POINT('',(20.431248637446,237.153462190281,0.449425742165669));
#13651=CARTESIAN_POINT('Origin',(20.431248629346,236.853462190281,-0.000574257834331414));
#13652=CARTESIAN_POINT('',(-20.4312614010003,236.853462190281,0.599425742165344));
#13653=CARTESIAN_POINT('',(-20.4312614010003,236.853462190281,0.149425742165344));
#13654=CARTESIAN_POINT('',(20.431248629346,236.853462190281,0.599425742165669));
#13655=CARTESIAN_POINT('Origin',(20.4312486629996,238.09989077521,0.299425742165669));
#13656=CARTESIAN_POINT('',(20.4312487477603,241.239176475995,0.599425742165669));
#13657=CARTESIAN_POINT('',(20.4312487477603,241.239176475995,0.149425742165669));
#13658=CARTESIAN_POINT('',(20.4312487558603,241.539176475995,0.599425742165669));
#13659=CARTESIAN_POINT('',(20.43124870538,239.669533632352,0.599425742165669));
#13660=CARTESIAN_POINT('',(20.4312487558603,241.539176475995,0.449425742165669));
#13661=CARTESIAN_POINT('Origin',(20.4312487477603,241.239176475995,-0.000574257834331414));
#13662=CARTESIAN_POINT('',(-20.4312614010003,241.239176475995,0.599425742165344));
#13663=CARTESIAN_POINT('',(-20.4312614010003,241.239176475995,0.149425742165344));
#13664=CARTESIAN_POINT('',(20.4312487477603,241.239176475995,0.599425742165669));
#13665=CARTESIAN_POINT('Origin',(-20.4312614010003,238.09989076171,0.299425742165344));
#13666=CARTESIAN_POINT('',(-20.4312614010003,245.92489076171,0.599425742165344));
#13667=CARTESIAN_POINT('',(-20.4312614010003,245.92489076171,0.449425742165344));
#13668=CARTESIAN_POINT('',(-20.4312614010003,245.62489076171,0.599425742165344));
#13669=CARTESIAN_POINT('',(-20.4312614010003,241.86239076171,0.599425742165344));
#13670=CARTESIAN_POINT('',(-20.4312614010003,245.62489076171,0.149425742165344));
#13671=CARTESIAN_POINT('Origin',(20.4312488742746,245.92489076171,0.599425742165669));
#13672=CARTESIAN_POINT('',(20.4312488742746,245.92489076171,0.599425742165669));
#13673=CARTESIAN_POINT('',(20.4312488742746,245.92489076171,0.449425742165669));
#13674=CARTESIAN_POINT('',(20.4312488742746,245.92489076171,0.599425742165669));
#13675=CARTESIAN_POINT('Origin',(20.4312486629996,238.09989077521,0.299425742165669));
#13676=CARTESIAN_POINT('',(20.4312487773639,242.335605047424,0.599425742165669));
#13677=CARTESIAN_POINT('',(20.4312487773639,242.335605047424,0.149425742165669));
#13678=CARTESIAN_POINT('',(20.4312487854639,242.635605047424,0.599425742165669));
#13679=CARTESIAN_POINT('',(20.4312487201818,240.217747918067,0.599425742165669));
#13680=CARTESIAN_POINT('',(20.4312487854639,242.635605047424,0.449425742165669));
#13681=CARTESIAN_POINT('Origin',(20.4312487773639,242.335605047424,-0.000574257834331414));
#13682=CARTESIAN_POINT('',(-20.4312614010003,242.335605047424,0.599425742165344));
#13683=CARTESIAN_POINT('',(-20.4312614010003,242.335605047424,0.149425742165344));
#13684=CARTESIAN_POINT('',(20.4312487773639,242.335605047424,0.599425742165669));
#13685=CARTESIAN_POINT('Origin',(20.4312486629996,238.09989077521,0.299425742165669));
#13686=CARTESIAN_POINT('',(20.4312486589496,237.94989076171,0.599425742165669));
#13687=CARTESIAN_POINT('',(20.4312486589496,237.94989076171,0.149425742165669));
#13688=CARTESIAN_POINT('',(20.4312486670496,238.24989076171,0.599425742165669));
#13689=CARTESIAN_POINT('',(20.4312486609746,238.02489077521,0.599425742165669));
#13690=CARTESIAN_POINT('',(20.4312486670496,238.24989076171,0.449425742165669));
#13691=CARTESIAN_POINT('Origin',(20.4312486589496,237.94989076171,-0.000574257834331414));
#13692=CARTESIAN_POINT('',(-20.4312614010003,237.94989076171,0.599425742165344));
#13693=CARTESIAN_POINT('',(-20.4312614010003,237.94989076171,0.149425742165344));
#13694=CARTESIAN_POINT('',(20.4312486589496,237.94989076171,0.599425742165669));
#13695=CARTESIAN_POINT('Origin',(20.4312486629996,238.09989077521,0.299425742165669));
#13696=CARTESIAN_POINT('',(20.4312485109318,232.467747904567,0.599425742165669));
#13697=CARTESIAN_POINT('',(20.4312485109318,232.467747904567,0.149425742165669));
#13698=CARTESIAN_POINT('',(20.4312485190318,232.767747904567,0.599425742165669));
#13699=CARTESIAN_POINT('',(20.4312485869657,235.283819346638,0.599425742165669));
#13700=CARTESIAN_POINT('',(20.4312485190318,232.767747904567,0.449425742165669));
#13701=CARTESIAN_POINT('Origin',(20.4312485109318,232.467747904567,-0.000574257834331414));
#13702=CARTESIAN_POINT('',(-20.4312614010003,232.467747904567,0.599425742165344));
#13703=CARTESIAN_POINT('',(-20.4312614010003,232.467747904567,0.149425742165344));
#13704=CARTESIAN_POINT('',(20.4312485109318,232.467747904567,0.599425742165669));
#13705=CARTESIAN_POINT('Origin',(20.4312486629996,238.09989077521,0.299425742165669));
#13706=CARTESIAN_POINT('',(20.4312485701389,234.660605047424,0.599425742165669));
#13707=CARTESIAN_POINT('',(20.4312485701389,234.660605047424,0.149425742165669));
#13708=CARTESIAN_POINT('',(20.4312485782389,234.960605047424,0.599425742165669));
#13709=CARTESIAN_POINT('',(20.4312486165692,236.380247918067,0.599425742165669));
#13710=CARTESIAN_POINT('',(20.4312485782389,234.960605047424,0.449425742165669));
#13711=CARTESIAN_POINT('Origin',(20.4312485701389,234.660605047424,-0.000574257834331414));
#13712=CARTESIAN_POINT('',(-20.4312614010003,234.660605047424,0.599425742165344));
#13713=CARTESIAN_POINT('',(-20.4312614010003,234.660605047424,0.149425742165344));
#13714=CARTESIAN_POINT('',(20.4312485701389,234.660605047424,0.599425742165669));
#13715=CARTESIAN_POINT('Origin',(20.4312486629996,238.09989077521,0.299425742165669));
#13716=CARTESIAN_POINT('',(20.4312484517246,230.27489076171,0.599425742165669));
#13717=CARTESIAN_POINT('',(20.4312484517246,230.27489076171,0.149425742165669));
#13718=CARTESIAN_POINT('',(20.4312484598246,230.57489076171,0.599425742165669));
#13719=CARTESIAN_POINT('',(20.4312485573621,234.18739077521,0.599425742165669));
#13720=CARTESIAN_POINT('',(20.4312484598246,230.57489076171,0.449425742165669));
#13721=CARTESIAN_POINT('Origin',(20.4312484517246,230.27489076171,-0.000574257834331414));
#13722=CARTESIAN_POINT('',(-20.4312614010003,230.27489076171,0.599425742165344));
#13723=CARTESIAN_POINT('',(-20.4312614010003,230.27489076171,0.149425742165344));
#13724=CARTESIAN_POINT('',(20.4312484517246,230.27489076171,0.599425742165669));
#13725=CARTESIAN_POINT('Origin',(20.4312486629996,238.09989077521,0.299425742165669));
#13726=CARTESIAN_POINT('',(20.4312487181567,240.142747904567,0.599425742165669));
#13727=CARTESIAN_POINT('',(20.4312487181568,240.142747904567,0.149425742165669));
#13728=CARTESIAN_POINT('',(20.4312487262568,240.442747904567,0.599425742165669));
#13729=CARTESIAN_POINT('',(20.4312486905782,239.121319346638,0.599425742165669));
#13730=CARTESIAN_POINT('',(20.4312487262568,240.442747904567,0.449425742165669));
#13731=CARTESIAN_POINT('Origin',(20.4312487181568,240.142747904567,-0.000574257834331414));
#13732=CARTESIAN_POINT('',(-20.4312614010003,240.142747904567,0.599425742165344));
#13733=CARTESIAN_POINT('',(-20.4312614010003,240.142747904567,0.149425742165344));
#13734=CARTESIAN_POINT('',(20.4312487181567,240.142747904567,0.599425742165669));
#13735=CARTESIAN_POINT('Origin',(20.4312486629996,238.09989077521,0.299425742165669));
#13736=CARTESIAN_POINT('',(20.431248836571,244.528462190281,0.599425742165669));
#13737=CARTESIAN_POINT('',(20.431248836571,244.528462190281,0.149425742165669));
#13738=CARTESIAN_POINT('',(20.431248844671,244.828462190281,0.599425742165669));
#13739=CARTESIAN_POINT('',(20.4312487497853,241.314176489495,0.599425742165669));
#13740=CARTESIAN_POINT('',(20.431248844671,244.828462190281,0.449425742165669));
#13741=CARTESIAN_POINT('Origin',(20.431248836571,244.528462190281,-0.000574257834331414));
#13742=CARTESIAN_POINT('',(-20.4312614010003,244.528462190281,0.599425742165344));
#13743=CARTESIAN_POINT('',(-20.4312614010003,244.528462190281,0.149425742165344));
#13744=CARTESIAN_POINT('',(20.431248836571,244.528462190281,0.599425742165669));
#13745=CARTESIAN_POINT('Origin',(20.4312486629996,238.09989077521,0.299425742165669));
#13746=CARTESIAN_POINT('',(20.4312488069675,243.432033618852,0.599425742165669));
#13747=CARTESIAN_POINT('',(20.4312488069675,243.432033618852,0.149425742165669));
#13748=CARTESIAN_POINT('',(20.4312488150675,243.732033618852,0.599425742165669));
#13749=CARTESIAN_POINT('',(20.4312487349835,240.765962203781,0.599425742165669));
#13750=CARTESIAN_POINT('',(20.4312488150675,243.732033618852,0.449425742165669));
#13751=CARTESIAN_POINT('Origin',(20.4312488069675,243.432033618852,-0.000574257834331414));
#13752=CARTESIAN_POINT('',(-20.4312614010003,243.432033618852,0.599425742165344));
#13753=CARTESIAN_POINT('',(-20.4312614010003,243.432033618852,0.149425742165344));
#13754=CARTESIAN_POINT('',(20.4312488069675,243.432033618852,0.599425742165669));
#13755=CARTESIAN_POINT('Origin',(20.4312486629996,238.09989077521,0.299425742165669));
#13756=CARTESIAN_POINT('',(20.4312486885532,239.046319333138,0.599425742165669));
#13757=CARTESIAN_POINT('',(20.4312486885532,239.046319333138,0.149425742165669));
#13758=CARTESIAN_POINT('',(20.4312486966532,239.346319333138,0.599425742165669));
#13759=CARTESIAN_POINT('',(20.4312486757764,238.573105060924,0.599425742165669));
#13760=CARTESIAN_POINT('',(20.4312486966532,239.346319333138,0.449425742165669));
#13761=CARTESIAN_POINT('Origin',(20.4312486885532,239.046319333138,-0.000574257834331414));
#13762=CARTESIAN_POINT('',(-20.4312614010003,239.046319333138,0.599425742165344));
#13763=CARTESIAN_POINT('',(-20.4312614010003,239.046319333138,0.149425742165344));
#13764=CARTESIAN_POINT('',(20.4312486885532,239.046319333138,0.599425742165669));
#13765=CARTESIAN_POINT('Origin',(-20.4312614010003,238.09989076171,0.299425742165344));
#13766=CARTESIAN_POINT('',(-20.4312614010003,231.671319333138,0.599425742165344));
#13767=CARTESIAN_POINT('',(-20.4312614010003,231.671319333138,0.449425742165344));
#13768=CARTESIAN_POINT('',(-20.4312614010003,231.371319333138,0.599425742165344));
#13769=CARTESIAN_POINT('',(-20.4312614010003,234.735605047424,0.599425742165344));
#13770=CARTESIAN_POINT('',(-20.4312614010003,231.371319333138,0.149425742165344));
#13771=CARTESIAN_POINT('Origin',(20.4312484894282,231.671319333138,0.599425742165669));
#13772=CARTESIAN_POINT('',(20.4312484894282,231.671319333138,0.599425742165669));
#13773=CARTESIAN_POINT('',(20.4312484894282,231.671319333138,0.449425742165669));
#13774=CARTESIAN_POINT('',(20.4312484894282,231.671319333138,0.599425742165669));
#13775=CARTESIAN_POINT('Origin',(20.4312486629996,238.09989077521,0.299425742165669));
#13776=CARTESIAN_POINT('',(20.4312485997425,235.757033618852,0.599425742165669));
#13777=CARTESIAN_POINT('',(20.4312485997425,235.757033618852,0.149425742165669));
#13778=CARTESIAN_POINT('',(20.4312486078425,236.057033618852,0.599425742165669));
#13779=CARTESIAN_POINT('',(20.431248631371,236.928462203781,0.599425742165669));
#13780=CARTESIAN_POINT('',(20.4312486078425,236.057033618852,0.449425742165669));
#13781=CARTESIAN_POINT('Origin',(20.4312485997425,235.757033618852,-0.000574257834331414));
#13782=CARTESIAN_POINT('',(-20.4312614010003,235.757033618852,0.599425742165344));
#13783=CARTESIAN_POINT('',(-20.4312614010003,235.757033618852,0.149425742165344));
#13784=CARTESIAN_POINT('',(20.4312485997425,235.757033618852,0.599425742165669));
#13785=CARTESIAN_POINT('Origin',(20.4312486629999,199.9998889845,0.3));
#13786=CARTESIAN_POINT('',(20.4312485405356,195.464174685286,0.6));
#13787=CARTESIAN_POINT('',(20.4312485405356,195.464174685286,0.15));
#13788=CARTESIAN_POINT('',(20.4312485486356,195.764174685286,0.6));
#13789=CARTESIAN_POINT('',(20.4312486017677,197.732031841643,0.6));
#13790=CARTESIAN_POINT('',(20.4312485486356,195.764174685286,0.45));
#13791=CARTESIAN_POINT('Origin',(20.4312485405356,195.464174685286,0.));
#13792=CARTESIAN_POINT('',(-20.431261401,195.464174685286,0.6));
#13793=CARTESIAN_POINT('',(-20.431261401,195.464174685286,0.15));
#13794=CARTESIAN_POINT('',(20.4312485405356,195.464174685286,0.6));
#13795=CARTESIAN_POINT('Origin',(20.4312486629999,199.9998889845,0.3));
#13796=CARTESIAN_POINT('',(20.4312486293463,198.753460399571,0.6));
#13797=CARTESIAN_POINT('',(20.4312486293463,198.753460399571,0.15));
#13798=CARTESIAN_POINT('',(20.4312486374463,199.053460399571,0.6));
#13799=CARTESIAN_POINT('',(20.4312486461731,199.376674698786,0.6));
#13800=CARTESIAN_POINT('',(20.4312486374463,199.053460399571,0.45));
#13801=CARTESIAN_POINT('Origin',(20.4312486293463,198.753460399571,0.));
#13802=CARTESIAN_POINT('',(-20.431261401,198.753460399571,0.6));
#13803=CARTESIAN_POINT('',(-20.431261401,198.753460399571,0.15));
#13804=CARTESIAN_POINT('',(20.4312486293463,198.753460399571,0.6));
#13805=CARTESIAN_POINT('Origin',(20.4312486629999,199.9998889845,0.3));
#13806=CARTESIAN_POINT('',(20.4312487477606,203.139174685286,0.6));
#13807=CARTESIAN_POINT('',(20.4312487477606,203.139174685286,0.15));
#13808=CARTESIAN_POINT('',(20.4312487558606,203.439174685286,0.6));
#13809=CARTESIAN_POINT('',(20.4312487053802,201.569531841643,0.6));
#13810=CARTESIAN_POINT('',(20.4312487558606,203.439174685286,0.45));
#13811=CARTESIAN_POINT('Origin',(20.4312487477606,203.139174685286,0.));
#13812=CARTESIAN_POINT('',(-20.431261401,203.139174685286,0.6));
#13813=CARTESIAN_POINT('',(-20.431261401,203.139174685286,0.15));
#13814=CARTESIAN_POINT('',(20.4312487477606,203.139174685286,0.6));
#13815=CARTESIAN_POINT('Origin',(20.4312486629999,199.9998889845,0.3));
#13816=CARTESIAN_POINT('',(20.4312488661749,207.524888971,0.6));
#13817=CARTESIAN_POINT('',(20.4312488661749,207.524888971,0.15));
#13818=CARTESIAN_POINT('',(20.4312488742749,207.824888971,0.6));
#13819=CARTESIAN_POINT('',(20.4312487645874,203.7623889845,0.6));
#13820=CARTESIAN_POINT('',(20.4312488742749,207.824888971,0.45));
#13821=CARTESIAN_POINT('Origin',(20.4312488661749,207.524888971,0.));
#13822=CARTESIAN_POINT('',(-20.431261401,207.524888971,0.6));
#13823=CARTESIAN_POINT('',(-20.431261401,207.524888971,0.15));
#13824=CARTESIAN_POINT('',(20.4312488661749,207.524888971,0.6));
#13825=CARTESIAN_POINT('Origin',(20.4312486629999,199.9998889845,0.3));
#13826=CARTESIAN_POINT('',(20.4312487773641,204.235603256714,0.6));
#13827=CARTESIAN_POINT('',(20.4312487773641,204.235603256714,0.15));
#13828=CARTESIAN_POINT('',(20.4312487854641,204.535603256714,0.6));
#13829=CARTESIAN_POINT('',(20.431248720182,202.117746127357,0.6));
#13830=CARTESIAN_POINT('',(20.4312487854641,204.535603256714,0.45));
#13831=CARTESIAN_POINT('Origin',(20.4312487773641,204.235603256714,0.));
#13832=CARTESIAN_POINT('',(-20.431261401,204.235603256714,0.6));
#13833=CARTESIAN_POINT('',(-20.431261401,204.235603256714,0.15));
#13834=CARTESIAN_POINT('',(20.4312487773641,204.235603256714,0.6));
#13835=CARTESIAN_POINT('Origin',(20.4312486629999,199.9998889845,0.3));
#13836=CARTESIAN_POINT('',(20.4312486589499,199.849888971,0.6));
#13837=CARTESIAN_POINT('',(20.4312486589499,199.849888971,0.15));
#13838=CARTESIAN_POINT('',(20.4312486670499,200.149888971,0.6));
#13839=CARTESIAN_POINT('',(20.4312486609749,199.9248889845,0.6));
#13840=CARTESIAN_POINT('',(20.4312486670499,200.149888971,0.45));
#13841=CARTESIAN_POINT('Origin',(20.4312486589499,199.849888971,0.));
#13842=CARTESIAN_POINT('',(-20.431261401,199.849888971,0.6));
#13843=CARTESIAN_POINT('',(-20.431261401,199.849888971,0.15));
#13844=CARTESIAN_POINT('',(20.4312486589499,199.849888971,0.6));
#13845=CARTESIAN_POINT('Origin',(20.4312486629999,199.9998889845,0.3));
#13846=CARTESIAN_POINT('',(20.431248510932,194.367746113857,0.6));
#13847=CARTESIAN_POINT('',(20.431248510932,194.367746113857,0.15));
#13848=CARTESIAN_POINT('',(20.431248519032,194.667746113857,0.6));
#13849=CARTESIAN_POINT('',(20.4312485869659,197.183817555928,0.6));
#13850=CARTESIAN_POINT('',(20.431248519032,194.667746113857,0.45));
#13851=CARTESIAN_POINT('Origin',(20.431248510932,194.367746113857,0.));
#13852=CARTESIAN_POINT('',(-20.431261401,194.367746113857,0.6));
#13853=CARTESIAN_POINT('',(-20.431261401,194.367746113857,0.15));
#13854=CARTESIAN_POINT('',(20.431248510932,194.367746113857,0.6));
#13855=CARTESIAN_POINT('Origin',(20.4312486629999,199.9998889845,0.3));
#13856=CARTESIAN_POINT('',(20.4312485701391,196.560603256714,0.6));
#13857=CARTESIAN_POINT('',(20.4312485701391,196.560603256714,0.15));
#13858=CARTESIAN_POINT('',(20.4312485782391,196.860603256714,0.6));
#13859=CARTESIAN_POINT('',(20.4312486165695,198.280246127357,0.6));
#13860=CARTESIAN_POINT('',(20.4312485782391,196.860603256714,0.45));
#13861=CARTESIAN_POINT('Origin',(20.4312485701391,196.560603256714,0.));
#13862=CARTESIAN_POINT('',(-20.431261401,196.560603256714,0.6));
#13863=CARTESIAN_POINT('',(-20.431261401,196.560603256714,0.15));
#13864=CARTESIAN_POINT('',(20.4312485701391,196.560603256714,0.6));
#13865=CARTESIAN_POINT('Origin',(20.4312486629999,199.9998889845,0.3));
#13866=CARTESIAN_POINT('',(20.4312484517249,192.174888971,0.6));
#13867=CARTESIAN_POINT('',(20.4312484517249,192.174888971,0.15));
#13868=CARTESIAN_POINT('',(20.4312484598249,192.474888971,0.6));
#13869=CARTESIAN_POINT('',(20.4312485573624,196.0873889845,0.6));
#13870=CARTESIAN_POINT('',(20.4312484598249,192.474888971,0.45));
#13871=CARTESIAN_POINT('Origin',(20.4312484517249,192.174888971,0.));
#13872=CARTESIAN_POINT('',(-20.431261401,192.174888971,0.6));
#13873=CARTESIAN_POINT('',(-20.431261401,192.174888971,0.15));
#13874=CARTESIAN_POINT('',(20.4312484517249,192.174888971,0.6));
#13875=CARTESIAN_POINT('Origin',(20.4312486629999,199.9998889845,0.3));
#13876=CARTESIAN_POINT('',(20.431248718157,202.042746113857,0.6));
#13877=CARTESIAN_POINT('',(20.431248718157,202.042746113857,0.15));
#13878=CARTESIAN_POINT('',(20.431248726257,202.342746113857,0.6));
#13879=CARTESIAN_POINT('',(20.4312486905784,201.021317555929,0.6));
#13880=CARTESIAN_POINT('',(20.431248726257,202.342746113857,0.45));
#13881=CARTESIAN_POINT('Origin',(20.431248718157,202.042746113857,0.));
#13882=CARTESIAN_POINT('',(-20.431261401,202.042746113857,0.6));
#13883=CARTESIAN_POINT('',(-20.431261401,202.042746113857,0.15));
#13884=CARTESIAN_POINT('',(20.431248718157,202.042746113857,0.6));
#13885=CARTESIAN_POINT('Origin',(20.4312486629999,199.9998889845,0.3));
#13886=CARTESIAN_POINT('',(20.4312488365713,206.428460399571,0.6));
#13887=CARTESIAN_POINT('',(20.4312488365713,206.428460399571,0.15));
#13888=CARTESIAN_POINT('',(20.4312488446713,206.728460399571,0.6));
#13889=CARTESIAN_POINT('',(20.4312487497856,203.214174698786,0.6));
#13890=CARTESIAN_POINT('',(20.4312488446713,206.728460399571,0.45));
#13891=CARTESIAN_POINT('Origin',(20.4312488365713,206.428460399571,0.));
#13892=CARTESIAN_POINT('',(-20.431261401,206.428460399571,0.6));
#13893=CARTESIAN_POINT('',(-20.431261401,206.428460399571,0.15));
#13894=CARTESIAN_POINT('',(20.4312488365713,206.428460399571,0.6));
#13895=CARTESIAN_POINT('Origin',(20.4312486629999,199.9998889845,0.3));
#13896=CARTESIAN_POINT('',(20.4312488069677,205.332031828143,0.6));
#13897=CARTESIAN_POINT('',(20.4312488069677,205.332031828143,0.15));
#13898=CARTESIAN_POINT('',(20.4312488150677,205.632031828143,0.6));
#13899=CARTESIAN_POINT('',(20.4312487349838,202.665960413071,0.6));
#13900=CARTESIAN_POINT('',(20.4312488150677,205.632031828143,0.45));
#13901=CARTESIAN_POINT('Origin',(20.4312488069677,205.332031828143,0.));
#13902=CARTESIAN_POINT('',(-20.431261401,205.332031828143,0.6));
#13903=CARTESIAN_POINT('',(-20.431261401,205.332031828143,0.15));
#13904=CARTESIAN_POINT('',(20.4312488069677,205.332031828143,0.6));
#13905=CARTESIAN_POINT('Origin',(20.4312486629999,199.9998889845,0.3));
#13906=CARTESIAN_POINT('',(20.4312486885534,200.946317542429,0.6));
#13907=CARTESIAN_POINT('',(20.4312486885534,200.946317542429,0.15));
#13908=CARTESIAN_POINT('',(20.4312486966534,201.246317542429,0.6));
#13909=CARTESIAN_POINT('',(20.4312486757766,200.473103270214,0.6));
#13910=CARTESIAN_POINT('',(20.4312486966534,201.246317542429,0.45));
#13911=CARTESIAN_POINT('Origin',(20.4312486885534,200.946317542429,0.));
#13912=CARTESIAN_POINT('',(-20.431261401,200.946317542429,0.6));
#13913=CARTESIAN_POINT('',(-20.431261401,200.946317542429,0.15));
#13914=CARTESIAN_POINT('',(20.4312486885534,200.946317542429,0.6));
#13915=CARTESIAN_POINT('Origin',(20.4312486629999,199.9998889845,0.3));
#13916=CARTESIAN_POINT('',(20.4312484813284,193.271317542429,0.6));
#13917=CARTESIAN_POINT('',(20.4312484813284,193.271317542429,0.15));
#13918=CARTESIAN_POINT('',(20.4312484894284,193.571317542429,0.6));
#13919=CARTESIAN_POINT('',(20.4312485721642,196.635603270214,0.6));
#13920=CARTESIAN_POINT('',(20.4312484894284,193.571317542429,0.45));
#13921=CARTESIAN_POINT('Origin',(20.4312484813284,193.271317542429,0.));
#13922=CARTESIAN_POINT('',(-20.431261401,193.271317542429,0.6));
#13923=CARTESIAN_POINT('',(-20.431261401,193.271317542429,0.15));
#13924=CARTESIAN_POINT('',(20.4312484813284,193.271317542429,0.6));
#13925=CARTESIAN_POINT('Origin',(20.4312486629999,199.9998889845,0.3));
#13926=CARTESIAN_POINT('',(20.4312485997427,197.657031828143,0.6));
#13927=CARTESIAN_POINT('',(20.4312485997427,197.657031828143,0.15));
#13928=CARTESIAN_POINT('',(20.4312486078427,197.957031828143,0.6));
#13929=CARTESIAN_POINT('',(20.4312486313713,198.828460413071,0.6));
#13930=CARTESIAN_POINT('',(20.4312486078427,197.957031828143,0.45));
#13931=CARTESIAN_POINT('Origin',(20.4312485997427,197.657031828143,0.));
#13932=CARTESIAN_POINT('',(-20.431261401,197.657031828143,0.6));
#13933=CARTESIAN_POINT('',(-20.431261401,197.657031828143,0.15));
#13934=CARTESIAN_POINT('',(20.4312485997427,197.657031828143,0.6));
#13935=CARTESIAN_POINT('Origin',(-21.2312614009997,228.029907358645,0.199425742165338));
#13936=CARTESIAN_POINT('',(-20.3979280676667,229.27712648757,0.199425742165344));
#13937=CARTESIAN_POINT('Origin',(-19.7312614010003,230.27490179071,0.19942574216535));
#13938=CARTESIAN_POINT('',(-20.9312614010003,230.27490175871,1.19942574216534));
#13939=CARTESIAN_POINT('Origin',(20.4312488742749,207.824888971,0.6));
#13940=CARTESIAN_POINT('',(-20.431261401,207.824888971,0.6));
#13941=CARTESIAN_POINT('',(20.4312488742749,207.824888971,0.6));
#13942=CARTESIAN_POINT('',(-20.431261401,207.824888971,0.45));
#13943=CARTESIAN_POINT('Origin',(-19.7312618230003,245.92489076171,0.19942574216535));
#13944=CARTESIAN_POINT('',(-19.7312618230003,247.12489076171,1.19942574216535));
#13945=CARTESIAN_POINT('',(-20.9312618230003,245.92489072971,6.69942574216534));
#13946=CARTESIAN_POINT('Origin',(-20.9312616120003,238.09989614371,0.19942574216534));
#13947=CARTESIAN_POINT('Origin',(20.4312484813282,231.371319333138,-0.000574257834331414));
#13948=CARTESIAN_POINT('',(20.4312484813282,231.371319333138,0.599425742165669));
#13949=CARTESIAN_POINT('',(20.4312484813282,231.371319333138,0.599425742165669));
#13950=CARTESIAN_POINT('',(20.4312484813282,231.371319333138,0.149425742165669));
#13951=CARTESIAN_POINT('Origin',(20.4312485486353,233.864176475995,0.599425742165669));
#13952=CARTESIAN_POINT('',(-20.4312614010003,233.864176475995,0.599425742165344));
#13953=CARTESIAN_POINT('',(20.4312485486353,233.864176475995,0.599425742165669));
#13954=CARTESIAN_POINT('',(-20.4312614010003,233.864176475995,0.449425742165344));
#13955=CARTESIAN_POINT('Origin',(20.4312485405353,233.564176475995,0.599425742165669));
#13956=CARTESIAN_POINT('',(-20.4312614010003,235.832033618852,0.599425742165344));
#13957=CARTESIAN_POINT('Origin',(-20.4312614010003,238.09989076171,0.299425742165344));
#13958=CARTESIAN_POINT('Origin',(20.431248637446,237.153462190281,0.599425742165669));
#13959=CARTESIAN_POINT('',(-20.4312614010003,237.153462190281,0.599425742165344));
#13960=CARTESIAN_POINT('',(20.431248637446,237.153462190281,0.599425742165669));
#13961=CARTESIAN_POINT('',(-20.4312614010003,237.153462190281,0.449425742165344));
#13962=CARTESIAN_POINT('Origin',(20.431248629346,236.853462190281,0.599425742165669));
#13963=CARTESIAN_POINT('',(-20.4312614010003,237.476676475995,0.599425742165344));
#13964=CARTESIAN_POINT('Origin',(-20.4312614010003,238.09989076171,0.299425742165344));
#13965=CARTESIAN_POINT('Origin',(20.4312487558603,241.539176475995,0.599425742165669));
#13966=CARTESIAN_POINT('',(-20.4312614010003,241.539176475995,0.599425742165344));
#13967=CARTESIAN_POINT('',(20.4312487558603,241.539176475995,0.599425742165669));
#13968=CARTESIAN_POINT('',(-20.4312614010003,241.539176475995,0.449425742165344));
#13969=CARTESIAN_POINT('Origin',(20.4312487477603,241.239176475995,0.599425742165669));
#13970=CARTESIAN_POINT('',(-20.4312614010003,239.669533618852,0.599425742165344));
#13971=CARTESIAN_POINT('Origin',(-20.4312614010003,238.09989076171,0.299425742165344));
#13972=CARTESIAN_POINT('Origin',(20.4312488661746,245.62489076171,0.599425742165669));
#13973=CARTESIAN_POINT('',(20.4312488661746,245.62489076171,0.599425742165669));
#13974=CARTESIAN_POINT('',(20.4312487645871,241.862390775209,0.599425742165669));
#13975=CARTESIAN_POINT('',(20.4312488661746,245.62489076171,0.599425742165669));
#13976=CARTESIAN_POINT('Origin',(20.4312488661746,245.62489076171,-0.000574257834331414));
#13977=CARTESIAN_POINT('',(20.4312488661746,245.62489076171,0.149425742165669));
#13978=CARTESIAN_POINT('Origin',(20.4312486629996,238.09989077521,0.299425742165669));
#13979=CARTESIAN_POINT('Origin',(20.4312487854639,242.635605047424,0.599425742165669));
#13980=CARTESIAN_POINT('',(-20.4312614010003,242.635605047424,0.599425742165344));
#13981=CARTESIAN_POINT('',(20.4312487854639,242.635605047424,0.599425742165669));
#13982=CARTESIAN_POINT('',(-20.4312614010003,242.635605047424,0.449425742165344));
#13983=CARTESIAN_POINT('Origin',(20.4312487773639,242.335605047424,0.599425742165669));
#13984=CARTESIAN_POINT('',(-20.4312614010003,240.217747904567,0.599425742165344));
#13985=CARTESIAN_POINT('Origin',(-20.4312614010003,238.09989076171,0.299425742165344));
#13986=CARTESIAN_POINT('Origin',(20.4312486670496,238.24989076171,0.599425742165669));
#13987=CARTESIAN_POINT('',(-20.4312614010003,238.24989076171,0.599425742165344));
#13988=CARTESIAN_POINT('',(20.4312486670496,238.24989076171,0.599425742165669));
#13989=CARTESIAN_POINT('',(-20.4312614010003,238.24989076171,0.449425742165344));
#13990=CARTESIAN_POINT('Origin',(20.4312486589496,237.94989076171,0.599425742165669));
#13991=CARTESIAN_POINT('',(-20.4312614010003,238.02489076171,0.599425742165344));
#13992=CARTESIAN_POINT('Origin',(-20.4312614010003,238.09989076171,0.299425742165344));
#13993=CARTESIAN_POINT('Origin',(20.4312485190318,232.767747904567,0.599425742165669));
#13994=CARTESIAN_POINT('',(-20.4312614010003,232.767747904567,0.599425742165344));
#13995=CARTESIAN_POINT('',(20.4312485190318,232.767747904567,0.599425742165669));
#13996=CARTESIAN_POINT('',(-20.4312614010003,232.767747904567,0.449425742165344));
#13997=CARTESIAN_POINT('Origin',(20.4312485109317,232.467747904567,0.599425742165669));
#13998=CARTESIAN_POINT('',(-20.4312614010003,235.283819333138,0.599425742165344));
#13999=CARTESIAN_POINT('Origin',(-20.4312614010003,238.09989076171,0.299425742165344));
#14000=CARTESIAN_POINT('Origin',(20.4312485782389,234.960605047424,0.599425742165669));
#14001=CARTESIAN_POINT('',(-20.4312614010003,234.960605047424,0.599425742165344));
#14002=CARTESIAN_POINT('',(20.4312485782389,234.960605047424,0.599425742165669));
#14003=CARTESIAN_POINT('',(-20.4312614010003,234.960605047424,0.449425742165344));
#14004=CARTESIAN_POINT('Origin',(20.4312485701389,234.660605047424,0.599425742165669));
#14005=CARTESIAN_POINT('',(-20.4312614010003,236.380247904567,0.599425742165344));
#14006=CARTESIAN_POINT('Origin',(-20.4312614010003,238.09989076171,0.299425742165344));
#14007=CARTESIAN_POINT('Origin',(20.4312484598246,230.57489076171,0.599425742165669));
#14008=CARTESIAN_POINT('',(-20.4312614010003,230.57489076171,0.599425742165344));
#14009=CARTESIAN_POINT('',(20.4312484598246,230.57489076171,0.599425742165669));
#14010=CARTESIAN_POINT('',(-20.4312614010003,230.57489076171,0.449425742165344));
#14011=CARTESIAN_POINT('Origin',(20.4312484517246,230.27489076171,0.599425742165669));
#14012=CARTESIAN_POINT('',(-20.4312614010003,234.18739076171,0.599425742165344));
#14013=CARTESIAN_POINT('Origin',(-20.4312614010003,238.09989076171,0.299425742165344));
#14014=CARTESIAN_POINT('Origin',(20.4312487262568,240.442747904567,0.599425742165669));
#14015=CARTESIAN_POINT('',(-20.4312614010003,240.442747904567,0.599425742165344));
#14016=CARTESIAN_POINT('',(20.4312487262568,240.442747904567,0.599425742165669));
#14017=CARTESIAN_POINT('',(-20.4312614010003,240.442747904567,0.449425742165344));
#14018=CARTESIAN_POINT('Origin',(20.4312487181567,240.142747904567,0.599425742165669));
#14019=CARTESIAN_POINT('',(-20.4312614010003,239.121319333138,0.599425742165344));
#14020=CARTESIAN_POINT('Origin',(-20.4312614010003,238.09989076171,0.299425742165344));
#14021=CARTESIAN_POINT('Origin',(20.431248844671,244.828462190281,0.599425742165669));
#14022=CARTESIAN_POINT('',(-20.4312614010003,244.828462190281,0.599425742165344));
#14023=CARTESIAN_POINT('',(20.431248844671,244.828462190281,0.599425742165669));
#14024=CARTESIAN_POINT('',(-20.4312614010003,244.828462190281,0.449425742165344));
#14025=CARTESIAN_POINT('Origin',(20.431248836571,244.528462190281,0.599425742165669));
#14026=CARTESIAN_POINT('',(-20.4312614010003,241.314176475995,0.599425742165344));
#14027=CARTESIAN_POINT('Origin',(-20.4312614010003,238.09989076171,0.299425742165344));
#14028=CARTESIAN_POINT('Origin',(20.4312488150675,243.732033618852,0.599425742165669));
#14029=CARTESIAN_POINT('',(-20.4312614010003,243.732033618852,0.599425742165344));
#14030=CARTESIAN_POINT('',(20.4312488150675,243.732033618852,0.599425742165669));
#14031=CARTESIAN_POINT('',(-20.4312614010003,243.732033618852,0.449425742165344));
#14032=CARTESIAN_POINT('Origin',(20.4312488069675,243.432033618852,0.599425742165669));
#14033=CARTESIAN_POINT('',(-20.4312614010003,240.765962190281,0.599425742165344));
#14034=CARTESIAN_POINT('Origin',(-20.4312614010003,238.09989076171,0.299425742165344));
#14035=CARTESIAN_POINT('Origin',(20.4312486966532,239.346319333138,0.599425742165669));
#14036=CARTESIAN_POINT('',(-20.4312614010003,239.346319333138,0.599425742165344));
#14037=CARTESIAN_POINT('',(20.4312486966532,239.346319333138,0.599425742165669));
#14038=CARTESIAN_POINT('',(-20.4312614010003,239.346319333138,0.449425742165344));
#14039=CARTESIAN_POINT('Origin',(20.4312486885532,239.046319333138,0.599425742165669));
#14040=CARTESIAN_POINT('',(-20.4312614010003,238.573105047424,0.599425742165344));
#14041=CARTESIAN_POINT('Origin',(-20.4312614010003,238.09989076171,0.299425742165344));
#14042=CARTESIAN_POINT('Origin',(20.4312484813282,231.371319333138,0.599425742165669));
#14043=CARTESIAN_POINT('',(20.4312485721639,234.735605060924,0.599425742165669));
#14044=CARTESIAN_POINT('Origin',(20.4312486629996,238.09989077521,0.299425742165669));
#14045=CARTESIAN_POINT('Origin',(20.4312486078425,236.057033618852,0.599425742165669));
#14046=CARTESIAN_POINT('',(-20.4312614010003,236.057033618852,0.599425742165344));
#14047=CARTESIAN_POINT('',(20.4312486078425,236.057033618852,0.599425742165669));
#14048=CARTESIAN_POINT('',(-20.4312614010003,236.057033618852,0.449425742165344));
#14049=CARTESIAN_POINT('Origin',(20.4312485997425,235.757033618852,0.599425742165669));
#14050=CARTESIAN_POINT('',(-20.4312614010003,236.928462190281,0.599425742165344));
#14051=CARTESIAN_POINT('Origin',(-20.4312614010003,238.09989076171,0.299425742165344));
#14052=CARTESIAN_POINT('Origin',(-6.47400025030245E-6,247.12489076171,0.199425742165506));
#14053=CARTESIAN_POINT('Origin',(-2.58239923700619E-13,238.10000179071,
1.19942574216551));
#14054=CARTESIAN_POINT('',(19.1312486629997,245.92489076171,1.19942574216566));
#14055=CARTESIAN_POINT('',(-19.1312616120003,245.92489076171,1.19942574216535));
#14056=CARTESIAN_POINT('',(19.1312486629997,245.92489076171,1.19942574216566));
#14057=CARTESIAN_POINT('',(-19.7312616120003,245.32489076171,1.19942574216535));
#14058=CARTESIAN_POINT('Origin',(-19.1312616120003,245.32489076171,1.19942574216535));
#14059=CARTESIAN_POINT('',(-19.7312616120003,230.87490179071,1.19942574216535));
#14060=CARTESIAN_POINT('',(-19.7312616120003,230.87490179071,1.19942574216535));
#14061=CARTESIAN_POINT('',(-19.1312616120003,230.27490179071,1.19942574216535));
#14062=CARTESIAN_POINT('Origin',(-19.1312616120003,230.87490179071,1.19942574216535));
#14063=CARTESIAN_POINT('',(19.1312486629997,230.27490179071,1.19942574216566));
#14064=CARTESIAN_POINT('',(19.1312486629997,230.27490179071,1.19942574216566));
#14065=CARTESIAN_POINT('',(19.7312486629997,230.87490179071,1.19942574216566));
#14066=CARTESIAN_POINT('Origin',(19.1312486629997,230.87490179071,1.19942574216566));
#14067=CARTESIAN_POINT('',(19.7312486629997,245.32489076171,1.19942574216566));
#14068=CARTESIAN_POINT('',(19.7312486629997,230.87490179071,1.19942574216566));
#14069=CARTESIAN_POINT('Origin',(19.1312486629997,245.32489076171,1.19942574216566));
#14070=CARTESIAN_POINT('',(3.59999352499974,238.09989626971,1.19942574216553));
#14071=CARTESIAN_POINT('Origin',(-6.47500025823992E-6,238.09989626971,1.19942574216551));
#14072=CARTESIAN_POINT('',(15.6999935249997,238.09989626971,1.19942574216563));
#14073=CARTESIAN_POINT('Origin',(11.9999935249997,238.09989626971,1.1994257421656));
#14074=CARTESIAN_POINT('',(-8.30000647500026,238.09989626971,1.19942574216544));
#14075=CARTESIAN_POINT('Origin',(-12.0000064750003,238.09989626971,1.19942574216541));
#14076=CARTESIAN_POINT('Origin',(-2.95550136048835E-13,230.27490179071,
5.89942574216551));
#14077=CARTESIAN_POINT('',(19.1312486629997,230.27490179071,6.69942574216566));
#14078=CARTESIAN_POINT('',(-19.1312616120003,230.27490179071,1.19942574216535));
#14079=CARTESIAN_POINT('Origin',(-19.7312616120003,238.10000179071,5.89942574216535));
#14080=CARTESIAN_POINT('',(-19.7312616120003,230.87490179071,6.69942574216535));
#14081=CARTESIAN_POINT('',(-19.7312616120003,245.32489076171,1.19942574216535));
#14082=CARTESIAN_POINT('Origin',(-12.0000064750003,240.19989626971,6.69942574216541));
#14083=CARTESIAN_POINT('',(-12.6950064750003,240.19989626971,6.65000000000001));
#14084=CARTESIAN_POINT('',(-11.3050064750003,240.19989626971,6.65000000000001));
#14085=CARTESIAN_POINT('',(-6.00000648293151,240.19989626971,6.65000000000001));
#14086=CARTESIAN_POINT('',(-12.6950064750003,240.19989626971,1.19942574216541));
#14087=CARTESIAN_POINT('',(-12.6950064750003,240.19989626971,6.69942574216541));
#14088=CARTESIAN_POINT('',(-11.3050064750003,240.19989626971,1.19942574216542));
#14089=CARTESIAN_POINT('',(-12.6950064750003,240.19989626971,1.19942574216541));
#14090=CARTESIAN_POINT('',(-11.3050064750003,240.19989626971,6.69942574216542));
#14091=CARTESIAN_POINT('Origin',(-11.3050064750003,239.57239626971,6.69942574216542));
#14092=CARTESIAN_POINT('',(-11.3050064750003,238.94489626971,6.65000000000001));
#14093=CARTESIAN_POINT('',(-11.3050064750003,229.311145825282,6.65000000000001));
#14094=CARTESIAN_POINT('',(-11.3050064750003,238.94489626971,1.19942574216542));
#14095=CARTESIAN_POINT('',(-11.3050064750003,240.19989626971,1.19942574216542));
#14096=CARTESIAN_POINT('',(-11.3050064750003,238.94489626971,6.69942574216542));
#14097=CARTESIAN_POINT('Origin',(-11.1550064750003,238.94489626971,6.69942574216542));
#14098=CARTESIAN_POINT('',(-11.1550064750003,238.79489626971,6.65000000000001));
#14099=CARTESIAN_POINT('Origin',(-11.1550064750003,238.94489626971,6.64999999999992));
#14100=CARTESIAN_POINT('',(-11.1550064750003,238.79489626971,1.19942574216542));
#14101=CARTESIAN_POINT('Origin',(-11.1550064750003,238.94489626971,1.19942574216542));
#14102=CARTESIAN_POINT('',(-11.1550064750003,238.79489626971,6.69942574216542));
#14103=CARTESIAN_POINT('Origin',(-10.5275064750003,238.79489627071,6.69942574216542));
#14104=CARTESIAN_POINT('',(-9.9000064750003,238.79489627071,6.65000000000001));
#14105=CARTESIAN_POINT('',(-5.26375648293151,238.79489627071,6.65000000000001));
#14106=CARTESIAN_POINT('',(-9.90000647500026,238.79489627071,1.19942574216543));
#14107=CARTESIAN_POINT('',(-11.1550064750003,238.79489627071,1.19942574216542));
#14108=CARTESIAN_POINT('',(-9.9000064750003,238.79489627071,6.69942574216543));
#14109=CARTESIAN_POINT('Origin',(-9.9000064750003,238.09989626971,6.69942574216543));
#14110=CARTESIAN_POINT('',(-9.9000064750003,237.40489627071,6.65000000000001));
#14111=CARTESIAN_POINT('',(-9.9000064750003,228.574895825282,6.65000000000001));
#14112=CARTESIAN_POINT('',(-9.90000647500026,237.40489627071,1.19942574216543));
#14113=CARTESIAN_POINT('',(-9.90000647500026,238.79489626971,1.19942574216543));
#14114=CARTESIAN_POINT('',(-9.9000064750003,237.40489627071,6.69942574216543));
#14115=CARTESIAN_POINT('Origin',(-10.5275064750003,237.40489627071,6.69942574216542));
#14116=CARTESIAN_POINT('',(-11.1550064750003,237.40489627071,6.65000000000001));
#14117=CARTESIAN_POINT('',(-5.26375648293151,237.40489627071,6.65000000000001));
#14118=CARTESIAN_POINT('',(-11.1550064750003,237.40489627071,1.19942574216542));
#14119=CARTESIAN_POINT('',(-9.90000647500026,237.40489627071,1.19942574216543));
#14120=CARTESIAN_POINT('',(-11.1550064750003,237.40489627071,6.69942574216542));
#14121=CARTESIAN_POINT('Origin',(-11.1550064750003,237.25489627071,6.69942574216542));
#14122=CARTESIAN_POINT('',(-11.3050064750003,237.25489627071,6.65000000000001));
#14123=CARTESIAN_POINT('Origin',(-11.1550064750003,237.25489627071,6.64999999999992));
#14124=CARTESIAN_POINT('',(-11.3050064750003,237.25489627071,1.19942574216542));
#14125=CARTESIAN_POINT('Origin',(-11.1550064750003,237.25489627071,1.19942574216542));
#14126=CARTESIAN_POINT('',(-11.3050064750003,237.25489627071,6.69942574216542));
#14127=CARTESIAN_POINT('Origin',(-11.3050064750003,236.62739627071,6.69942574216542));
#14128=CARTESIAN_POINT('',(-11.3050064750003,235.99989626971,6.65000000000001));
#14129=CARTESIAN_POINT('',(-11.3050064750003,227.838645825782,6.65000000000001));
#14130=CARTESIAN_POINT('',(-11.3050064750003,235.99989626971,1.19942574216542));
#14131=CARTESIAN_POINT('',(-11.3050064750003,237.25489627071,1.19942574216542));
#14132=CARTESIAN_POINT('',(-11.3050064750003,235.99989626971,6.69942574216542));
#14133=CARTESIAN_POINT('Origin',(-2.58239923700619E-13,238.10000179071,
1.19942574216551));
#14134=CARTESIAN_POINT('',(-12.6950064750003,237.25489627071,1.19942574216541));
#14135=CARTESIAN_POINT('',(-12.8450064750003,237.40489627071,1.1994257421654));
#14136=CARTESIAN_POINT('Origin',(-12.8450064750003,237.25489627071,1.1994257421654));
#14137=CARTESIAN_POINT('',(-12.6950064750003,235.99989626971,1.19942574216541));
#14138=CARTESIAN_POINT('',(-12.6950064750003,235.99989627071,1.19942574216541));
#14139=CARTESIAN_POINT('',(-11.3050064750003,235.99989626971,1.19942574216542));
#14140=CARTESIAN_POINT('',(-12.6950064750003,238.94489626971,1.19942574216541));
#14141=CARTESIAN_POINT('',(-12.6950064750003,238.94489626971,1.19942574216541));
#14142=CARTESIAN_POINT('',(-12.8450064750003,238.79489627071,1.1994257421654));
#14143=CARTESIAN_POINT('Origin',(-12.8450064750003,238.94489626971,1.1994257421654));
#14144=CARTESIAN_POINT('',(-14.1000064750003,238.79489627071,1.19942574216539));
#14145=CARTESIAN_POINT('',(-14.1000064750003,238.79489627071,1.19942574216539));
#14146=CARTESIAN_POINT('',(-14.1000064750003,237.40489627071,1.19942574216539));
#14147=CARTESIAN_POINT('',(-14.1000064750003,237.40489627071,1.19942574216539));
#14148=CARTESIAN_POINT('',(-12.8450064750003,237.40489627071,1.1994257421654));
#14149=CARTESIAN_POINT('Origin',(12.8449935249997,237.25489627071,6.69942574216561));
#14150=CARTESIAN_POINT('',(12.8449935249997,237.40489627071,6.65000000000001));
#14151=CARTESIAN_POINT('',(12.6949935249997,237.25489627071,6.65000000000001));
#14152=CARTESIAN_POINT('Origin',(12.8449935249997,237.25489627071,6.65000000000011));
#14153=CARTESIAN_POINT('',(12.8449935249997,237.40489627071,1.19942574216561));
#14154=CARTESIAN_POINT('',(12.8449935249997,237.40489627071,6.69942574216561));
#14155=CARTESIAN_POINT('',(12.6949935249997,237.25489627071,1.19942574216561));
#14156=CARTESIAN_POINT('Origin',(12.8449935249997,237.25489627071,1.19942574216561));
#14157=CARTESIAN_POINT('',(12.6949935249997,237.25489627071,6.69942574216561));
#14158=CARTESIAN_POINT('Origin',(12.6949935249997,236.62739627071,6.69942574216561));
#14159=CARTESIAN_POINT('',(12.6949935249997,235.99989626971,6.65000000000001));
#14160=CARTESIAN_POINT('',(12.6949935249997,227.838645825782,6.65000000000001));
#14161=CARTESIAN_POINT('',(12.6949935249997,235.99989626971,1.19942574216561));
#14162=CARTESIAN_POINT('',(12.6949935249997,237.25489627071,1.19942574216561));
#14163=CARTESIAN_POINT('',(12.6949935249997,235.99989626971,6.69942574216561));
#14164=CARTESIAN_POINT('Origin',(11.9999935249997,235.99989626971,6.6994257421656));
#14165=CARTESIAN_POINT('',(11.3049935249997,235.99989626971,6.65000000000001));
#14166=CARTESIAN_POINT('',(5.99999351706849,235.99989626971,6.65000000000001));
#14167=CARTESIAN_POINT('',(11.3049935249997,235.99989626971,1.1994257421656));
#14168=CARTESIAN_POINT('',(12.6949935249997,235.99989626971,1.19942574216561));
#14169=CARTESIAN_POINT('',(11.3049935249997,235.99989626971,6.6994257421656));
#14170=CARTESIAN_POINT('Origin',(11.3049935249997,236.62739627071,6.6994257421656));
#14171=CARTESIAN_POINT('',(11.3049935249997,237.25489627071,6.65000000000001));
#14172=CARTESIAN_POINT('',(11.3049935249997,227.838645825782,6.65000000000001));
#14173=CARTESIAN_POINT('',(11.3049935249997,237.25489627071,1.1994257421656));
#14174=CARTESIAN_POINT('',(11.3049935249997,235.99989627071,1.1994257421656));
#14175=CARTESIAN_POINT('',(11.3049935249997,237.25489627071,6.6994257421656));
#14176=CARTESIAN_POINT('Origin',(11.1549935249997,237.25489627071,6.6994257421656));
#14177=CARTESIAN_POINT('',(11.1549935249997,237.40489627071,6.65000000000001));
#14178=CARTESIAN_POINT('Origin',(11.1549935249997,237.25489627071,6.6500000000001));
#14179=CARTESIAN_POINT('',(11.1549935249997,237.40489627071,1.19942574216559));
#14180=CARTESIAN_POINT('Origin',(11.1549935249997,237.25489627071,1.19942574216559));
#14181=CARTESIAN_POINT('',(11.1549935249997,237.40489627071,6.6994257421656));
#14182=CARTESIAN_POINT('Origin',(10.5274935249997,237.40489627071,6.69942574216559));
#14183=CARTESIAN_POINT('',(9.8999935249997,237.40489627071,6.65000000000001));
#14184=CARTESIAN_POINT('',(5.26374351706849,237.40489627071,6.65000000000001));
#14185=CARTESIAN_POINT('',(9.89999352499974,237.40489627071,1.19942574216558));
#14186=CARTESIAN_POINT('',(11.1549935249997,237.40489627071,1.19942574216559));
#14187=CARTESIAN_POINT('',(9.8999935249997,237.40489627071,6.69942574216559));
#14188=CARTESIAN_POINT('Origin',(9.8999935249997,238.09989626971,6.69942574216559));
#14189=CARTESIAN_POINT('',(9.8999935249997,238.79489627071,6.65000000000001));
#14190=CARTESIAN_POINT('',(9.8999935249997,228.574895825282,6.65000000000001));
#14191=CARTESIAN_POINT('',(9.89999352499974,238.79489627071,1.19942574216558));
#14192=CARTESIAN_POINT('',(9.89999352499974,237.40489627071,1.19942574216558));
#14193=CARTESIAN_POINT('',(9.8999935249997,238.79489627071,6.69942574216559));
#14194=CARTESIAN_POINT('Origin',(10.5274935249997,238.79489627071,6.69942574216559));
#14195=CARTESIAN_POINT('',(11.1549935249997,238.79489627071,6.65000000000001));
#14196=CARTESIAN_POINT('',(5.26374351706849,238.79489627071,6.65000000000001));
#14197=CARTESIAN_POINT('',(11.1549935249997,238.79489627071,1.19942574216559));
#14198=CARTESIAN_POINT('',(9.89999352499974,238.79489627071,1.19942574216558));
#14199=CARTESIAN_POINT('',(11.1549935249997,238.79489627071,6.6994257421656));
#14200=CARTESIAN_POINT('Origin',(-2.58239923700619E-13,238.10000179071,
1.19942574216551));
#14201=CARTESIAN_POINT('',(11.3049935249997,240.19989626971,1.1994257421656));
#14202=CARTESIAN_POINT('',(12.6949935249997,240.19989626971,1.19942574216561));
#14203=CARTESIAN_POINT('',(11.3049935249997,240.19989626971,1.1994257421656));
#14204=CARTESIAN_POINT('',(11.3049935249997,238.94489626971,1.1994257421656));
#14205=CARTESIAN_POINT('',(11.3049935249997,238.94489626971,1.1994257421656));
#14206=CARTESIAN_POINT('Origin',(11.1549935249997,238.94489626971,1.19942574216559));
#14207=CARTESIAN_POINT('',(14.0999935249997,237.40489627071,1.19942574216562));
#14208=CARTESIAN_POINT('',(14.0999935249997,237.40489627071,1.19942574216562));
#14209=CARTESIAN_POINT('',(14.0999935249997,238.79489627071,1.19942574216562));
#14210=CARTESIAN_POINT('',(14.0999935249997,238.79489626971,1.19942574216562));
#14211=CARTESIAN_POINT('',(12.8449935249997,238.79489626971,1.19942574216561));
#14212=CARTESIAN_POINT('',(12.8449935249997,238.79489627071,1.19942574216561));
#14213=CARTESIAN_POINT('',(12.6949935249997,238.94489626971,1.19942574216561));
#14214=CARTESIAN_POINT('Origin',(12.8449935249997,238.94489626971,1.19942574216561));
#14215=CARTESIAN_POINT('',(12.6949935249997,240.19989626971,1.19942574216561));
#14216=CARTESIAN_POINT('Origin',(19.1312486629997,230.87490179071,5.89942574216566));
#14217=CARTESIAN_POINT('',(19.7312486629997,230.87490179071,1.19942574216566));
#14218=CARTESIAN_POINT('Origin',(-19.1312616120003,230.87490179071,5.89942574216535));
#14219=CARTESIAN_POINT('Origin',(-0.695006475000294,239.57239627071,5.6994257421655));
#14220=CARTESIAN_POINT('',(-0.695006475000258,238.94489627071,1.1994257421655));
#14221=CARTESIAN_POINT('',(-0.695006475000258,240.19989627071,1.1994257421655));
#14222=CARTESIAN_POINT('',(-0.695006475000258,238.94489627071,1.1994257421655));
#14223=CARTESIAN_POINT('',(-0.695006475000294,240.19989627071,5.6994257421655));
#14224=CARTESIAN_POINT('',(-0.695006475000294,240.19989627071,5.6994257421655));
#14225=CARTESIAN_POINT('',(-0.695006475000294,238.94489627071,5.6994257421655));
#14226=CARTESIAN_POINT('',(-0.695006475000294,238.94489627071,5.6994257421655));
#14227=CARTESIAN_POINT('',(-0.695006475000294,238.94489627071,5.6994257421655));
#14228=CARTESIAN_POINT('Origin',(-6.47500029396361E-6,240.19989627071,5.69942574216551));
#14229=CARTESIAN_POINT('',(0.694993524999742,240.19989627071,1.19942574216551));
#14230=CARTESIAN_POINT('',(-0.695006475000258,240.19989627071,1.1994257421655));
#14231=CARTESIAN_POINT('',(0.694993524999706,240.19989627071,5.69942574216551));
#14232=CARTESIAN_POINT('',(0.694993524999706,240.19989627071,5.69942574216551));
#14233=CARTESIAN_POINT('',(-0.695006475000294,240.19989627071,5.6994257421655));
#14234=CARTESIAN_POINT('Origin',(0.694993524999706,239.57239627071,5.69942574216551));
#14235=CARTESIAN_POINT('',(0.694993524999742,238.94489627071,1.19942574216551));
#14236=CARTESIAN_POINT('',(0.694993524999742,240.19989627071,1.19942574216551));
#14237=CARTESIAN_POINT('',(0.694993524999706,238.94489627071,5.69942574216551));
#14238=CARTESIAN_POINT('',(0.694993524999706,238.94489627071,5.69942574216551));
#14239=CARTESIAN_POINT('',(0.694993524999706,240.19989627071,5.69942574216551));
#14240=CARTESIAN_POINT('Origin',(0.844993524999706,238.94489627071,5.69942574216551));
#14241=CARTESIAN_POINT('',(0.844993524999742,238.79489627071,1.19942574216551));
#14242=CARTESIAN_POINT('Origin',(0.844993524999742,238.94489627071,1.19942574216551));
#14243=CARTESIAN_POINT('',(0.844993524999706,238.79489627071,5.69942574216551));
#14244=CARTESIAN_POINT('',(0.844993524999706,238.79489627071,5.69942574216551));
#14245=CARTESIAN_POINT('Origin',(0.844993524999706,238.94489627071,5.69942574216551));
#14246=CARTESIAN_POINT('Origin',(1.47249352499971,238.79489627071,5.69942574216552));
#14247=CARTESIAN_POINT('',(2.09999352499974,238.79489627071,1.19942574216552));
#14248=CARTESIAN_POINT('',(0.844993524999742,238.79489627071,1.19942574216551));
#14249=CARTESIAN_POINT('',(2.09999352499971,238.79489627071,5.69942574216552));
#14250=CARTESIAN_POINT('',(2.09999352499971,238.79489627071,5.69942574216552));
#14251=CARTESIAN_POINT('',(0.844993524999706,238.79489627071,5.69942574216551));
#14252=CARTESIAN_POINT('Origin',(2.09999352499971,238.09989626971,5.69942574216552));
#14253=CARTESIAN_POINT('',(2.09999352499974,237.40489627071,1.19942574216552));
#14254=CARTESIAN_POINT('',(2.09999352499974,238.79489626971,1.19942574216552));
#14255=CARTESIAN_POINT('',(2.09999352499971,237.40489627071,5.69942574216552));
#14256=CARTESIAN_POINT('',(2.09999352499971,237.40489627071,5.69942574216552));
#14257=CARTESIAN_POINT('',(2.09999352499971,238.79489626971,5.69942574216552));
#14258=CARTESIAN_POINT('Origin',(1.47249352499971,237.40489627071,5.69942574216552));
#14259=CARTESIAN_POINT('',(0.844993524999742,237.40489627071,1.19942574216551));
#14260=CARTESIAN_POINT('',(2.09999352499974,237.40489627071,1.19942574216552));
#14261=CARTESIAN_POINT('',(0.844993524999706,237.40489627071,5.69942574216551));
#14262=CARTESIAN_POINT('',(0.844993524999706,237.40489627071,5.69942574216551));
#14263=CARTESIAN_POINT('',(2.09999352499971,237.40489627071,5.69942574216552));
#14264=CARTESIAN_POINT('Origin',(0.844993524999706,237.25489627071,5.69942574216551));
#14265=CARTESIAN_POINT('',(0.694993524999742,237.25489627071,1.19942574216551));
#14266=CARTESIAN_POINT('Origin',(0.844993524999742,237.25489627071,1.19942574216551));
#14267=CARTESIAN_POINT('',(0.694993524999706,237.25489627071,5.69942574216551));
#14268=CARTESIAN_POINT('',(0.694993524999706,237.25489627071,5.69942574216551));
#14269=CARTESIAN_POINT('Origin',(0.844993524999706,237.25489627071,5.69942574216551));
#14270=CARTESIAN_POINT('Origin',(0.694993524999706,236.62739627071,5.69942574216551));
#14271=CARTESIAN_POINT('',(0.694993524999742,235.99989626971,1.19942574216551));
#14272=CARTESIAN_POINT('',(0.694993524999742,237.25489627071,1.19942574216551));
#14273=CARTESIAN_POINT('',(0.694993524999706,235.99989626971,5.69942574216551));
#14274=CARTESIAN_POINT('',(0.694993524999706,235.99989626971,5.69942574216551));
#14275=CARTESIAN_POINT('',(0.694993524999706,237.25489627071,5.69942574216551));
#14276=CARTESIAN_POINT('Origin',(-6.47500029396311E-6,235.99989626971,5.69942574216551));
#14277=CARTESIAN_POINT('',(-0.695006475000258,235.99989626971,1.1994257421655));
#14278=CARTESIAN_POINT('',(0.694993524999742,235.99989626971,1.19942574216551));
#14279=CARTESIAN_POINT('',(-0.695006475000294,235.99989626971,5.6994257421655));
#14280=CARTESIAN_POINT('',(-0.695006475000294,235.99989626971,5.6994257421655));
#14281=CARTESIAN_POINT('',(0.694993524999706,235.99989626971,5.69942574216551));
#14282=CARTESIAN_POINT('Origin',(-0.695006475000294,236.62739627071,5.6994257421655));
#14283=CARTESIAN_POINT('',(-0.695006475000258,237.25489627071,1.1994257421655));
#14284=CARTESIAN_POINT('',(-0.695006475000258,235.99989627071,1.1994257421655));
#14285=CARTESIAN_POINT('',(-0.695006475000294,237.25489627071,5.6994257421655));
#14286=CARTESIAN_POINT('',(-0.695006475000294,237.25489627071,5.6994257421655));
#14287=CARTESIAN_POINT('',(-0.695006475000294,235.99989627071,5.6994257421655));
#14288=CARTESIAN_POINT('Origin',(-0.845006475000294,237.25489627071,5.6994257421655));
#14289=CARTESIAN_POINT('',(-0.845006475000258,237.40489627071,1.1994257421655));
#14290=CARTESIAN_POINT('Origin',(-0.845006475000258,237.25489627071,1.1994257421655));
#14291=CARTESIAN_POINT('',(-0.845006475000294,237.40489627071,5.6994257421655));
#14292=CARTESIAN_POINT('',(-0.845006475000294,237.40489627071,5.6994257421655));
#14293=CARTESIAN_POINT('Origin',(-0.845006475000294,237.25489627071,5.6994257421655));
#14294=CARTESIAN_POINT('Origin',(-1.47250647500029,237.40489627071,5.6994257421655));
#14295=CARTESIAN_POINT('',(-2.10000647500026,237.40489627071,1.19942574216549));
#14296=CARTESIAN_POINT('',(-0.845006475000258,237.40489627071,1.1994257421655));
#14297=CARTESIAN_POINT('',(-2.10000647500029,237.40489627071,5.69942574216549));
#14298=CARTESIAN_POINT('',(-2.10000647500029,237.40489627071,5.69942574216549));
#14299=CARTESIAN_POINT('',(-0.845006475000294,237.40489627071,5.6994257421655));
#14300=CARTESIAN_POINT('Origin',(-2.10000647500029,238.09989626971,5.69942574216549));
#14301=CARTESIAN_POINT('',(-2.10000647500026,238.79489627071,1.19942574216549));
#14302=CARTESIAN_POINT('',(-2.10000647500026,237.40489627071,1.19942574216549));
#14303=CARTESIAN_POINT('',(-2.10000647500029,238.79489627071,5.69942574216549));
#14304=CARTESIAN_POINT('',(-2.10000647500029,238.79489627071,5.69942574216549));
#14305=CARTESIAN_POINT('',(-2.10000647500029,237.40489627071,5.69942574216549));
#14306=CARTESIAN_POINT('Origin',(-1.47250647500029,238.79489627071,5.6994257421655));
#14307=CARTESIAN_POINT('',(-0.845006475000258,238.79489627071,1.1994257421655));
#14308=CARTESIAN_POINT('',(-2.10000647500026,238.79489627071,1.19942574216549));
#14309=CARTESIAN_POINT('',(-0.845006475000294,238.79489627071,5.6994257421655));
#14310=CARTESIAN_POINT('',(-0.845006475000294,238.79489627071,5.6994257421655));
#14311=CARTESIAN_POINT('',(-2.10000647500029,238.79489627071,5.69942574216549));
#14312=CARTESIAN_POINT('Origin',(-6.47500029396336E-6,238.09989626971,5.69942574216551));
#14313=CARTESIAN_POINT('',(2.79999352499974,238.09989626971,1.99942574216553));
#14314=CARTESIAN_POINT('Origin',(-6.47500026459076E-6,238.09989626971,1.99942574216551));
#14315=CARTESIAN_POINT('',(2.79999352499971,238.09989626971,5.69942574216553));
#14316=CARTESIAN_POINT('',(2.79999352499971,238.09989626971,5.69942574216553));
#14317=CARTESIAN_POINT('Origin',(-6.47500029396336E-6,238.09989626971,5.69942574216551));
#14318=CARTESIAN_POINT('Origin',(-0.845006475000294,238.94489627071,5.6994257421655));
#14319=CARTESIAN_POINT('Origin',(-0.845006475000258,238.94489627071,1.1994257421655));
#14320=CARTESIAN_POINT('Origin',(-0.845006475000294,238.94489627071,5.6994257421655));
#14321=CARTESIAN_POINT('Origin',(-2.93939638318691E-13,38.1000017907095,
5.69942574216551));
#14322=CARTESIAN_POINT('Origin',(-2.58239923700619E-13,238.10000179071,
1.19942574216551));
#14323=CARTESIAN_POINT('Origin',(-6.47500026459076E-6,238.09989626971,1.99942574216551));
#14324=CARTESIAN_POINT('',(2.79999352499973,238.09989626971,1.99942574216553));
#14325=CARTESIAN_POINT('Origin',(11.9999935249997,238.09989626971,1.9994257421656));
#14326=CARTESIAN_POINT('',(14.8999935249997,238.09989626971,1.99942574216562));
#14327=CARTESIAN_POINT('',(14.8999935249997,238.09989626971,1.99942574216562));
#14328=CARTESIAN_POINT('Origin',(11.9999935249997,238.09989626971,1.9994257421656));
#14329=CARTESIAN_POINT('Origin',(-12.0000064750003,238.09989626971,1.99942574216541));
#14330=CARTESIAN_POINT('',(-9.10000647500027,238.09989626971,1.99942574216543));
#14331=CARTESIAN_POINT('',(-9.10000647500026,238.09989626971,1.99942574216543));
#14332=CARTESIAN_POINT('Origin',(-12.0000064750003,238.09989626971,1.99942574216541));
#14333=CARTESIAN_POINT('Origin',(20.4312485486356,195.764174685286,0.6));
#14334=CARTESIAN_POINT('',(-20.431261401,195.764174685286,0.6));
#14335=CARTESIAN_POINT('',(20.4312485486356,195.764174685286,0.6));
#14336=CARTESIAN_POINT('',(-20.431261401,195.764174685286,0.45));
#14337=CARTESIAN_POINT('Origin',(20.4312485405356,195.464174685286,0.6));
#14338=CARTESIAN_POINT('',(-20.431261401,197.732031828143,0.6));
#14339=CARTESIAN_POINT('Origin',(-20.431261401,199.999888971,0.3));
#14340=CARTESIAN_POINT('Origin',(20.4312486374463,199.053460399571,0.6));
#14341=CARTESIAN_POINT('',(-20.431261401,199.053460399571,0.6));
#14342=CARTESIAN_POINT('',(20.4312486374463,199.053460399571,0.6));
#14343=CARTESIAN_POINT('',(-20.431261401,199.053460399571,0.45));
#14344=CARTESIAN_POINT('Origin',(20.4312486293463,198.753460399571,0.6));
#14345=CARTESIAN_POINT('',(-20.431261401,199.376674685286,0.6));
#14346=CARTESIAN_POINT('Origin',(-20.431261401,199.999888971,0.3));
#14347=CARTESIAN_POINT('Origin',(20.4312487558606,203.439174685286,0.6));
#14348=CARTESIAN_POINT('',(-20.431261401,203.439174685286,0.6));
#14349=CARTESIAN_POINT('',(20.4312487558606,203.439174685286,0.6));
#14350=CARTESIAN_POINT('',(-20.431261401,203.439174685286,0.45));
#14351=CARTESIAN_POINT('Origin',(20.4312487477606,203.139174685286,0.6));
#14352=CARTESIAN_POINT('',(-20.431261401,201.569531828143,0.6));
#14353=CARTESIAN_POINT('Origin',(-20.431261401,199.999888971,0.3));
#14354=CARTESIAN_POINT('Origin',(20.4312488661749,207.524888971,0.6));
#14355=CARTESIAN_POINT('',(-20.431261401,203.762388971,0.6));
#14356=CARTESIAN_POINT('Origin',(-20.431261401,199.999888971,0.3));
#14357=CARTESIAN_POINT('Origin',(20.4312487854641,204.535603256714,0.6));
#14358=CARTESIAN_POINT('',(-20.431261401,204.535603256714,0.6));
#14359=CARTESIAN_POINT('',(20.4312487854641,204.535603256714,0.6));
#14360=CARTESIAN_POINT('',(-20.431261401,204.535603256714,0.45));
#14361=CARTESIAN_POINT('Origin',(20.4312487773641,204.235603256714,0.6));
#14362=CARTESIAN_POINT('',(-20.431261401,202.117746113857,0.6));
#14363=CARTESIAN_POINT('Origin',(-20.431261401,199.999888971,0.3));
#14364=CARTESIAN_POINT('Origin',(20.4312486670499,200.149888971,0.6));
#14365=CARTESIAN_POINT('',(-20.431261401,200.149888971,0.6));
#14366=CARTESIAN_POINT('',(20.4312486670499,200.149888971,0.6));
#14367=CARTESIAN_POINT('',(-20.431261401,200.149888971,0.45));
#14368=CARTESIAN_POINT('Origin',(20.4312486589499,199.849888971,0.6));
#14369=CARTESIAN_POINT('',(-20.431261401,199.924888971,0.6));
#14370=CARTESIAN_POINT('Origin',(-20.431261401,199.999888971,0.3));
#14371=CARTESIAN_POINT('Origin',(20.431248519032,194.667746113857,0.6));
#14372=CARTESIAN_POINT('',(-20.431261401,194.667746113857,0.6));
#14373=CARTESIAN_POINT('',(20.431248519032,194.667746113857,0.6));
#14374=CARTESIAN_POINT('',(-20.431261401,194.667746113857,0.45));
#14375=CARTESIAN_POINT('Origin',(20.431248510932,194.367746113857,0.6));
#14376=CARTESIAN_POINT('',(-20.431261401,197.183817542429,0.6));
#14377=CARTESIAN_POINT('Origin',(-20.431261401,199.999888971,0.3));
#14378=CARTESIAN_POINT('Origin',(20.4312485782391,196.860603256714,0.6));
#14379=CARTESIAN_POINT('',(-20.431261401,196.860603256714,0.6));
#14380=CARTESIAN_POINT('',(20.4312485782391,196.860603256714,0.6));
#14381=CARTESIAN_POINT('',(-20.431261401,196.860603256714,0.45));
#14382=CARTESIAN_POINT('Origin',(20.4312485701391,196.560603256714,0.6));
#14383=CARTESIAN_POINT('',(-20.431261401,198.280246113857,0.6));
#14384=CARTESIAN_POINT('Origin',(-20.431261401,199.999888971,0.3));
#14385=CARTESIAN_POINT('Origin',(20.4312484598249,192.474888971,0.6));
#14386=CARTESIAN_POINT('',(-20.431261401,192.474888971,0.6));
#14387=CARTESIAN_POINT('',(20.4312484598249,192.474888971,0.6));
#14388=CARTESIAN_POINT('',(-20.431261401,192.474888971,0.45));
#14389=CARTESIAN_POINT('Origin',(20.4312484517249,192.174888971,0.6));
#14390=CARTESIAN_POINT('',(-20.431261401,196.087388971,0.6));
#14391=CARTESIAN_POINT('Origin',(-20.431261401,199.999888971,0.3));
#14392=CARTESIAN_POINT('Origin',(20.431248726257,202.342746113857,0.6));
#14393=CARTESIAN_POINT('',(-20.431261401,202.342746113857,0.6));
#14394=CARTESIAN_POINT('',(20.431248726257,202.342746113857,0.6));
#14395=CARTESIAN_POINT('',(-20.431261401,202.342746113857,0.45));
#14396=CARTESIAN_POINT('Origin',(20.431248718157,202.042746113857,0.6));
#14397=CARTESIAN_POINT('',(-20.431261401,201.021317542429,0.6));
#14398=CARTESIAN_POINT('Origin',(-20.431261401,199.999888971,0.3));
#14399=CARTESIAN_POINT('Origin',(20.4312488446713,206.728460399571,0.6));
#14400=CARTESIAN_POINT('',(-20.431261401,206.728460399571,0.6));
#14401=CARTESIAN_POINT('',(20.4312488446713,206.728460399571,0.6));
#14402=CARTESIAN_POINT('',(-20.431261401,206.728460399571,0.45));
#14403=CARTESIAN_POINT('Origin',(20.4312488365713,206.428460399571,0.6));
#14404=CARTESIAN_POINT('',(-20.431261401,203.214174685286,0.6));
#14405=CARTESIAN_POINT('Origin',(-20.431261401,199.999888971,0.3));
#14406=CARTESIAN_POINT('Origin',(20.4312488150677,205.632031828143,0.6));
#14407=CARTESIAN_POINT('',(-20.431261401,205.632031828143,0.6));
#14408=CARTESIAN_POINT('',(20.4312488150677,205.632031828143,0.6));
#14409=CARTESIAN_POINT('',(-20.431261401,205.632031828143,0.45));
#14410=CARTESIAN_POINT('Origin',(20.4312488069677,205.332031828143,0.6));
#14411=CARTESIAN_POINT('',(-20.431261401,202.665960399571,0.6));
#14412=CARTESIAN_POINT('Origin',(-20.431261401,199.999888971,0.3));
#14413=CARTESIAN_POINT('Origin',(20.4312486966534,201.246317542429,0.6));
#14414=CARTESIAN_POINT('',(-20.431261401,201.246317542429,0.6));
#14415=CARTESIAN_POINT('',(20.4312486966534,201.246317542429,0.6));
#14416=CARTESIAN_POINT('',(-20.431261401,201.246317542429,0.45));
#14417=CARTESIAN_POINT('Origin',(20.4312486885534,200.946317542429,0.6));
#14418=CARTESIAN_POINT('',(-20.431261401,200.473103256714,0.6));
#14419=CARTESIAN_POINT('Origin',(-20.431261401,199.999888971,0.3));
#14420=CARTESIAN_POINT('Origin',(20.4312484894284,193.571317542429,0.6));
#14421=CARTESIAN_POINT('',(-20.431261401,193.571317542429,0.6));
#14422=CARTESIAN_POINT('',(20.4312484894284,193.571317542429,0.6));
#14423=CARTESIAN_POINT('',(-20.431261401,193.571317542429,0.45));
#14424=CARTESIAN_POINT('Origin',(20.4312484813284,193.271317542429,0.6));
#14425=CARTESIAN_POINT('',(-20.431261401,196.635603256714,0.6));
#14426=CARTESIAN_POINT('Origin',(-20.431261401,199.999888971,0.3));
#14427=CARTESIAN_POINT('Origin',(20.4312486078427,197.957031828143,0.6));
#14428=CARTESIAN_POINT('',(-20.431261401,197.957031828143,0.6));
#14429=CARTESIAN_POINT('',(20.4312486078427,197.957031828143,0.6));
#14430=CARTESIAN_POINT('',(-20.431261401,197.957031828143,0.45));
#14431=CARTESIAN_POINT('Origin',(20.4312485997427,197.657031828143,0.6));
#14432=CARTESIAN_POINT('',(-20.431261401,198.828460399571,0.6));
#14433=CARTESIAN_POINT('Origin',(-20.431261401,199.999888971,0.3));
#14434=CARTESIAN_POINT('Origin',(0.,200.,1.2));
#14435=CARTESIAN_POINT('',(19.131248663,207.824888971,1.2));
#14436=CARTESIAN_POINT('',(-19.131261612,207.824888971,1.2));
#14437=CARTESIAN_POINT('',(19.131248663,207.824888971,1.2));
#14438=CARTESIAN_POINT('',(-19.731261612,207.224888971,1.2));
#14439=CARTESIAN_POINT('Origin',(-19.131261612,207.224888971,1.2));
#14440=CARTESIAN_POINT('',(-19.731261612,192.7749,1.2));
#14441=CARTESIAN_POINT('',(-19.731261612,192.7749,1.2));
#14442=CARTESIAN_POINT('',(-19.131261612,192.1749,1.2));
#14443=CARTESIAN_POINT('Origin',(-19.131261612,192.7749,1.2));
#14444=CARTESIAN_POINT('',(19.131248663,192.1749,1.2));
#14445=CARTESIAN_POINT('',(19.131248663,192.1749,1.2));
#14446=CARTESIAN_POINT('',(19.731248663,192.7749,1.2));
#14447=CARTESIAN_POINT('Origin',(19.131248663,192.7749,1.2));
#14448=CARTESIAN_POINT('',(19.731248663,207.224888971,1.2));
#14449=CARTESIAN_POINT('',(19.731248663,192.7749,1.2));
#14450=CARTESIAN_POINT('Origin',(19.131248663,207.224888971,1.2));
#14451=CARTESIAN_POINT('',(3.599993525,199.999894479,1.2));
#14452=CARTESIAN_POINT('Origin',(-6.475E-6,199.999894479,1.2));
#14453=CARTESIAN_POINT('',(15.699993525,199.999894479,1.2));
#14454=CARTESIAN_POINT('Origin',(11.999993525,199.999894479,1.2));
#14455=CARTESIAN_POINT('',(-8.300006475,199.999894479,1.2));
#14456=CARTESIAN_POINT('Origin',(-12.000006475,199.999894479,1.2));
#14457=CARTESIAN_POINT('Origin',(0.,192.1749,5.9));
#14458=CARTESIAN_POINT('',(19.131248663,192.1749,6.7));
#14459=CARTESIAN_POINT('',(-19.131261612,192.1749,1.2));
#14460=CARTESIAN_POINT('Origin',(-19.731261612,200.,5.9));
#14461=CARTESIAN_POINT('',(-19.731261612,192.7749,6.7));
#14462=CARTESIAN_POINT('',(-19.731261612,207.224888971,1.2));
#14463=CARTESIAN_POINT('Origin',(-12.000006475,202.099894479,6.7));
#14464=CARTESIAN_POINT('',(-12.695006475,202.099894479,6.65000000000001));
#14465=CARTESIAN_POINT('',(-11.305006475,202.099894479,6.65000000000001));
#14466=CARTESIAN_POINT('',(-6.00000648293136,202.099894479,6.65000000000001));
#14467=CARTESIAN_POINT('',(-12.695006475,202.099894479,1.2));
#14468=CARTESIAN_POINT('',(-12.695006475,202.099894479,6.7));
#14469=CARTESIAN_POINT('',(-11.305006475,202.099894479,1.2));
#14470=CARTESIAN_POINT('',(-12.695006475,202.099894479,1.2));
#14471=CARTESIAN_POINT('',(-11.305006475,202.099894479,6.7));
#14472=CARTESIAN_POINT('Origin',(-11.305006475,201.472394479,6.7));
#14473=CARTESIAN_POINT('',(-11.305006475,200.844894479,6.65000000000001));
#14474=CARTESIAN_POINT('',(-11.305006475,210.261144929927,6.65000000000001));
#14475=CARTESIAN_POINT('',(-11.305006475,200.844894479,1.2));
#14476=CARTESIAN_POINT('',(-11.305006475,202.099894479,1.2));
#14477=CARTESIAN_POINT('',(-11.305006475,200.844894479,6.7));
#14478=CARTESIAN_POINT('Origin',(-11.155006475,200.844894479,6.7));
#14479=CARTESIAN_POINT('',(-11.155006475,200.694894479,6.65000000000001));
#14480=CARTESIAN_POINT('Origin',(-11.155006475,200.844894479,6.65000000000001));
#14481=CARTESIAN_POINT('',(-11.155006475,200.694894479,1.2));
#14482=CARTESIAN_POINT('Origin',(-11.155006475,200.844894479,1.2));
#14483=CARTESIAN_POINT('',(-11.155006475,200.694894479,6.7));
#14484=CARTESIAN_POINT('Origin',(-10.527506475,200.69489448,6.7));
#14485=CARTESIAN_POINT('',(-9.900006475,200.69489448,6.65000000000001));
#14486=CARTESIAN_POINT('',(-5.26375648293136,200.69489448,6.65000000000001));
#14487=CARTESIAN_POINT('',(-9.900006475,200.69489448,1.2));
#14488=CARTESIAN_POINT('',(-11.155006475,200.69489448,1.2));
#14489=CARTESIAN_POINT('',(-9.900006475,200.69489448,6.7));
#14490=CARTESIAN_POINT('Origin',(-9.900006475,199.999894479,6.7));
#14491=CARTESIAN_POINT('',(-9.900006475,199.30489448,6.65000000000001));
#14492=CARTESIAN_POINT('',(-9.900006475,209.524894929927,6.65000000000001));
#14493=CARTESIAN_POINT('',(-9.900006475,199.30489448,1.2));
#14494=CARTESIAN_POINT('',(-9.900006475,200.694894479,1.2));
#14495=CARTESIAN_POINT('',(-9.900006475,199.30489448,6.7));
#14496=CARTESIAN_POINT('Origin',(-10.527506475,199.30489448,6.7));
#14497=CARTESIAN_POINT('',(-11.155006475,199.30489448,6.65000000000001));
#14498=CARTESIAN_POINT('',(-5.26375648293136,199.30489448,6.65000000000001));
#14499=CARTESIAN_POINT('',(-11.155006475,199.30489448,1.2));
#14500=CARTESIAN_POINT('',(-9.900006475,199.30489448,1.2));
#14501=CARTESIAN_POINT('',(-11.155006475,199.30489448,6.7));
#14502=CARTESIAN_POINT('Origin',(-11.155006475,199.15489448,6.7));
#14503=CARTESIAN_POINT('',(-11.305006475,199.15489448,6.65000000000001));
#14504=CARTESIAN_POINT('Origin',(-11.155006475,199.15489448,6.65000000000001));
#14505=CARTESIAN_POINT('',(-11.305006475,199.15489448,1.2));
#14506=CARTESIAN_POINT('Origin',(-11.155006475,199.15489448,1.2));
#14507=CARTESIAN_POINT('',(-11.305006475,199.15489448,6.7));
#14508=CARTESIAN_POINT('Origin',(-11.305006475,198.52739448,6.7));
#14509=CARTESIAN_POINT('',(-11.305006475,197.899894479,6.65000000000001));
#14510=CARTESIAN_POINT('',(-11.305006475,208.788644930427,6.65000000000001));
#14511=CARTESIAN_POINT('',(-11.305006475,197.899894479,1.2));
#14512=CARTESIAN_POINT('',(-11.305006475,199.15489448,1.2));
#14513=CARTESIAN_POINT('',(-11.305006475,197.899894479,6.7));
#14514=CARTESIAN_POINT('Origin',(0.,200.,1.2));
#14515=CARTESIAN_POINT('',(-12.695006475,199.15489448,1.2));
#14516=CARTESIAN_POINT('',(-12.845006475,199.30489448,1.2));
#14517=CARTESIAN_POINT('Origin',(-12.845006475,199.15489448,1.2));
#14518=CARTESIAN_POINT('',(-12.695006475,197.899894479,1.2));
#14519=CARTESIAN_POINT('',(-12.695006475,197.89989448,1.2));
#14520=CARTESIAN_POINT('',(-11.305006475,197.899894479,1.2));
#14521=CARTESIAN_POINT('',(-12.695006475,200.844894479,1.2));
#14522=CARTESIAN_POINT('',(-12.695006475,200.844894479,1.2));
#14523=CARTESIAN_POINT('',(-12.845006475,200.69489448,1.2));
#14524=CARTESIAN_POINT('Origin',(-12.845006475,200.844894479,1.2));
#14525=CARTESIAN_POINT('',(-14.100006475,200.69489448,1.2));
#14526=CARTESIAN_POINT('',(-14.100006475,200.69489448,1.2));
#14527=CARTESIAN_POINT('',(-14.100006475,199.30489448,1.2));
#14528=CARTESIAN_POINT('',(-14.100006475,199.30489448,1.2));
#14529=CARTESIAN_POINT('',(-12.845006475,199.30489448,1.2));
#14530=CARTESIAN_POINT('Origin',(12.844993525,199.15489448,6.7));
#14531=CARTESIAN_POINT('',(12.844993525,199.30489448,6.65000000000001));
#14532=CARTESIAN_POINT('',(12.694993525,199.15489448,6.65000000000001));
#14533=CARTESIAN_POINT('Origin',(12.844993525,199.15489448,6.65000000000001));
#14534=CARTESIAN_POINT('',(12.844993525,199.30489448,1.2));
#14535=CARTESIAN_POINT('',(12.844993525,199.30489448,6.7));
#14536=CARTESIAN_POINT('',(12.694993525,199.15489448,1.2));
#14537=CARTESIAN_POINT('Origin',(12.844993525,199.15489448,1.2));
#14538=CARTESIAN_POINT('',(12.694993525,199.15489448,6.7));
#14539=CARTESIAN_POINT('Origin',(12.694993525,198.52739448,6.7));
#14540=CARTESIAN_POINT('',(12.694993525,197.899894479,6.65000000000001));
#14541=CARTESIAN_POINT('',(12.694993525,208.788644930427,6.65000000000001));
#14542=CARTESIAN_POINT('',(12.694993525,197.899894479,1.2));
#14543=CARTESIAN_POINT('',(12.694993525,199.15489448,1.2));
#14544=CARTESIAN_POINT('',(12.694993525,197.899894479,6.7));
#14545=CARTESIAN_POINT('Origin',(11.999993525,197.899894479,6.7));
#14546=CARTESIAN_POINT('',(11.304993525,197.899894479,6.65000000000001));
#14547=CARTESIAN_POINT('',(5.99999351706864,197.899894479,6.65000000000001));
#14548=CARTESIAN_POINT('',(11.304993525,197.899894479,1.2));
#14549=CARTESIAN_POINT('',(12.694993525,197.899894479,1.2));
#14550=CARTESIAN_POINT('',(11.304993525,197.899894479,6.7));
#14551=CARTESIAN_POINT('Origin',(11.304993525,198.52739448,6.7));
#14552=CARTESIAN_POINT('',(11.304993525,199.15489448,6.65000000000001));
#14553=CARTESIAN_POINT('',(11.304993525,208.788644930427,6.65000000000001));
#14554=CARTESIAN_POINT('',(11.304993525,199.15489448,1.2));
#14555=CARTESIAN_POINT('',(11.304993525,197.89989448,1.2));
#14556=CARTESIAN_POINT('',(11.304993525,199.15489448,6.7));
#14557=CARTESIAN_POINT('Origin',(11.154993525,199.15489448,6.7));
#14558=CARTESIAN_POINT('',(11.154993525,199.30489448,6.65000000000001));
#14559=CARTESIAN_POINT('Origin',(11.154993525,199.15489448,6.65000000000001));
#14560=CARTESIAN_POINT('',(11.154993525,199.30489448,1.2));
#14561=CARTESIAN_POINT('Origin',(11.154993525,199.15489448,1.2));
#14562=CARTESIAN_POINT('',(11.154993525,199.30489448,6.7));
#14563=CARTESIAN_POINT('Origin',(10.527493525,199.30489448,6.7));
#14564=CARTESIAN_POINT('',(9.899993525,199.30489448,6.65000000000001));
#14565=CARTESIAN_POINT('',(5.26374351706864,199.30489448,6.65000000000001));
#14566=CARTESIAN_POINT('',(9.899993525,199.30489448,1.2));
#14567=CARTESIAN_POINT('',(11.154993525,199.30489448,1.2));
#14568=CARTESIAN_POINT('',(9.899993525,199.30489448,6.7));
#14569=CARTESIAN_POINT('Origin',(9.899993525,199.999894479,6.7));
#14570=CARTESIAN_POINT('',(9.899993525,200.69489448,6.65000000000001));
#14571=CARTESIAN_POINT('',(9.899993525,209.524894929927,6.65000000000001));
#14572=CARTESIAN_POINT('',(9.899993525,200.69489448,1.2));
#14573=CARTESIAN_POINT('',(9.899993525,199.30489448,1.2));
#14574=CARTESIAN_POINT('',(9.899993525,200.69489448,6.7));
#14575=CARTESIAN_POINT('Origin',(10.527493525,200.69489448,6.7));
#14576=CARTESIAN_POINT('',(11.154993525,200.69489448,6.65000000000001));
#14577=CARTESIAN_POINT('',(5.26374351706864,200.69489448,6.65000000000001));
#14578=CARTESIAN_POINT('',(11.154993525,200.69489448,1.2));
#14579=CARTESIAN_POINT('',(9.899993525,200.69489448,1.2));
#14580=CARTESIAN_POINT('',(11.154993525,200.69489448,6.7));
#14581=CARTESIAN_POINT('Origin',(0.,200.,1.2));
#14582=CARTESIAN_POINT('',(11.304993525,202.099894479,1.2));
#14583=CARTESIAN_POINT('',(12.694993525,202.099894479,1.2));
#14584=CARTESIAN_POINT('',(11.304993525,202.099894479,1.2));
#14585=CARTESIAN_POINT('',(11.304993525,200.844894479,1.2));
#14586=CARTESIAN_POINT('',(11.304993525,200.844894479,1.2));
#14587=CARTESIAN_POINT('Origin',(11.154993525,200.844894479,1.2));
#14588=CARTESIAN_POINT('',(14.099993525,199.30489448,1.2));
#14589=CARTESIAN_POINT('',(14.099993525,199.30489448,1.2));
#14590=CARTESIAN_POINT('',(14.099993525,200.69489448,1.2));
#14591=CARTESIAN_POINT('',(14.099993525,200.694894479,1.2));
#14592=CARTESIAN_POINT('',(12.844993525,200.694894479,1.2));
#14593=CARTESIAN_POINT('',(12.844993525,200.69489448,1.2));
#14594=CARTESIAN_POINT('',(12.694993525,200.844894479,1.2));
#14595=CARTESIAN_POINT('Origin',(12.844993525,200.844894479,1.2));
#14596=CARTESIAN_POINT('',(12.694993525,202.099894479,1.2));
#14597=CARTESIAN_POINT('Origin',(19.131248663,192.7749,5.9));
#14598=CARTESIAN_POINT('',(19.731248663,192.7749,1.2));
#14599=CARTESIAN_POINT('Origin',(-19.131261612,192.7749,5.9));
#14600=CARTESIAN_POINT('Origin',(-0.695006475,201.47239448,5.7));
#14601=CARTESIAN_POINT('',(-0.695006475,200.84489448,1.2));
#14602=CARTESIAN_POINT('',(-0.695006475,202.09989448,1.2));
#14603=CARTESIAN_POINT('',(-0.695006475,200.84489448,1.2));
#14604=CARTESIAN_POINT('',(-0.695006475,202.09989448,5.7));
#14605=CARTESIAN_POINT('',(-0.695006475,202.09989448,5.7));
#14606=CARTESIAN_POINT('',(-0.695006475,200.84489448,5.7));
#14607=CARTESIAN_POINT('',(-0.695006475,200.84489448,5.7));
#14608=CARTESIAN_POINT('',(-0.695006475,200.84489448,5.7));
#14609=CARTESIAN_POINT('Origin',(-6.475E-6,202.09989448,5.7));
#14610=CARTESIAN_POINT('',(0.694993525,202.09989448,1.2));
#14611=CARTESIAN_POINT('',(-0.695006475,202.09989448,1.2));
#14612=CARTESIAN_POINT('',(0.694993525,202.09989448,5.7));
#14613=CARTESIAN_POINT('',(0.694993525,202.09989448,5.7));
#14614=CARTESIAN_POINT('',(-0.695006475,202.09989448,5.7));
#14615=CARTESIAN_POINT('Origin',(0.694993525,201.47239448,5.7));
#14616=CARTESIAN_POINT('',(0.694993525,200.84489448,1.2));
#14617=CARTESIAN_POINT('',(0.694993525,202.09989448,1.2));
#14618=CARTESIAN_POINT('',(0.694993525,200.84489448,5.7));
#14619=CARTESIAN_POINT('',(0.694993525,200.84489448,5.7));
#14620=CARTESIAN_POINT('',(0.694993525,202.09989448,5.7));
#14621=CARTESIAN_POINT('Origin',(0.844993525,200.84489448,5.7));
#14622=CARTESIAN_POINT('',(0.844993525,200.69489448,1.2));
#14623=CARTESIAN_POINT('Origin',(0.844993525,200.84489448,1.2));
#14624=CARTESIAN_POINT('',(0.844993525,200.69489448,5.7));
#14625=CARTESIAN_POINT('',(0.844993525,200.69489448,5.7));
#14626=CARTESIAN_POINT('Origin',(0.844993525,200.84489448,5.7));
#14627=CARTESIAN_POINT('Origin',(1.472493525,200.69489448,5.7));
#14628=CARTESIAN_POINT('',(2.099993525,200.69489448,1.2));
#14629=CARTESIAN_POINT('',(0.844993525,200.69489448,1.2));
#14630=CARTESIAN_POINT('',(2.099993525,200.69489448,5.7));
#14631=CARTESIAN_POINT('',(2.099993525,200.69489448,5.7));
#14632=CARTESIAN_POINT('',(0.844993525,200.69489448,5.7));
#14633=CARTESIAN_POINT('Origin',(2.099993525,199.999894479,5.7));
#14634=CARTESIAN_POINT('',(2.099993525,199.30489448,1.2));
#14635=CARTESIAN_POINT('',(2.099993525,200.694894479,1.2));
#14636=CARTESIAN_POINT('',(2.099993525,199.30489448,5.7));
#14637=CARTESIAN_POINT('',(2.099993525,199.30489448,5.7));
#14638=CARTESIAN_POINT('',(2.099993525,200.694894479,5.7));
#14639=CARTESIAN_POINT('Origin',(1.472493525,199.30489448,5.7));
#14640=CARTESIAN_POINT('',(0.844993525,199.30489448,1.2));
#14641=CARTESIAN_POINT('',(2.099993525,199.30489448,1.2));
#14642=CARTESIAN_POINT('',(0.844993525,199.30489448,5.7));
#14643=CARTESIAN_POINT('',(0.844993525,199.30489448,5.7));
#14644=CARTESIAN_POINT('',(2.099993525,199.30489448,5.7));
#14645=CARTESIAN_POINT('Origin',(0.844993525,199.15489448,5.7));
#14646=CARTESIAN_POINT('',(0.694993525,199.15489448,1.2));
#14647=CARTESIAN_POINT('Origin',(0.844993525,199.15489448,1.2));
#14648=CARTESIAN_POINT('',(0.694993525,199.15489448,5.7));
#14649=CARTESIAN_POINT('',(0.694993525,199.15489448,5.7));
#14650=CARTESIAN_POINT('Origin',(0.844993525,199.15489448,5.7));
#14651=CARTESIAN_POINT('Origin',(0.694993525,198.52739448,5.7));
#14652=CARTESIAN_POINT('',(0.694993525,197.899894479,1.2));
#14653=CARTESIAN_POINT('',(0.694993525,199.15489448,1.2));
#14654=CARTESIAN_POINT('',(0.694993525,197.899894479,5.7));
#14655=CARTESIAN_POINT('',(0.694993525,197.899894479,5.7));
#14656=CARTESIAN_POINT('',(0.694993525,199.15489448,5.7));
#14657=CARTESIAN_POINT('Origin',(-6.475E-6,197.899894479,5.7));
#14658=CARTESIAN_POINT('',(-0.695006475,197.899894479,1.2));
#14659=CARTESIAN_POINT('',(0.694993525,197.899894479,1.2));
#14660=CARTESIAN_POINT('',(-0.695006475,197.899894479,5.7));
#14661=CARTESIAN_POINT('',(-0.695006475,197.899894479,5.7));
#14662=CARTESIAN_POINT('',(0.694993525,197.899894479,5.7));
#14663=CARTESIAN_POINT('Origin',(-0.695006475,198.52739448,5.7));
#14664=CARTESIAN_POINT('',(-0.695006475,199.15489448,1.2));
#14665=CARTESIAN_POINT('',(-0.695006475,197.89989448,1.2));
#14666=CARTESIAN_POINT('',(-0.695006475,199.15489448,5.7));
#14667=CARTESIAN_POINT('',(-0.695006475,199.15489448,5.7));
#14668=CARTESIAN_POINT('',(-0.695006475,197.89989448,5.7));
#14669=CARTESIAN_POINT('Origin',(-0.845006475,199.15489448,5.7));
#14670=CARTESIAN_POINT('',(-0.845006475,199.30489448,1.2));
#14671=CARTESIAN_POINT('Origin',(-0.845006475,199.15489448,1.2));
#14672=CARTESIAN_POINT('',(-0.845006475,199.30489448,5.7));
#14673=CARTESIAN_POINT('',(-0.845006475,199.30489448,5.7));
#14674=CARTESIAN_POINT('Origin',(-0.845006475,199.15489448,5.7));
#14675=CARTESIAN_POINT('Origin',(-1.472506475,199.30489448,5.7));
#14676=CARTESIAN_POINT('',(-2.100006475,199.30489448,1.2));
#14677=CARTESIAN_POINT('',(-0.845006475,199.30489448,1.2));
#14678=CARTESIAN_POINT('',(-2.100006475,199.30489448,5.7));
#14679=CARTESIAN_POINT('',(-2.100006475,199.30489448,5.7));
#14680=CARTESIAN_POINT('',(-0.845006475,199.30489448,5.7));
#14681=CARTESIAN_POINT('Origin',(-2.100006475,199.999894479,5.7));
#14682=CARTESIAN_POINT('',(-2.100006475,200.69489448,1.2));
#14683=CARTESIAN_POINT('',(-2.100006475,199.30489448,1.2));
#14684=CARTESIAN_POINT('',(-2.100006475,200.69489448,5.7));
#14685=CARTESIAN_POINT('',(-2.100006475,200.69489448,5.7));
#14686=CARTESIAN_POINT('',(-2.100006475,199.30489448,5.7));
#14687=CARTESIAN_POINT('Origin',(-1.472506475,200.69489448,5.7));
#14688=CARTESIAN_POINT('',(-0.845006475,200.69489448,1.2));
#14689=CARTESIAN_POINT('',(-2.100006475,200.69489448,1.2));
#14690=CARTESIAN_POINT('',(-0.845006475,200.69489448,5.7));
#14691=CARTESIAN_POINT('',(-0.845006475,200.69489448,5.7));
#14692=CARTESIAN_POINT('',(-2.100006475,200.69489448,5.7));
#14693=CARTESIAN_POINT('Origin',(-6.475E-6,199.999894479,5.7));
#14694=CARTESIAN_POINT('',(2.799993525,199.999894479,2.));
#14695=CARTESIAN_POINT('Origin',(-6.475E-6,199.999894479,2.));
#14696=CARTESIAN_POINT('',(2.799993525,199.999894479,5.7));
#14697=CARTESIAN_POINT('',(2.799993525,199.999894479,5.7));
#14698=CARTESIAN_POINT('Origin',(-6.475E-6,199.999894479,5.7));
#14699=CARTESIAN_POINT('Origin',(-0.845006475,200.84489448,5.7));
#14700=CARTESIAN_POINT('Origin',(-0.845006475,200.84489448,1.2));
#14701=CARTESIAN_POINT('Origin',(-0.845006475,200.84489448,5.7));
#14702=CARTESIAN_POINT('Origin',(0.,0.,5.7));
#14703=CARTESIAN_POINT('Origin',(0.,200.,1.2));
#14704=CARTESIAN_POINT('Origin',(-6.475E-6,199.999894479,2.));
#14705=CARTESIAN_POINT('',(2.799993525,199.999894479,2.));
#14706=CARTESIAN_POINT('Origin',(11.999993525,199.999894479,2.));
#14707=CARTESIAN_POINT('',(14.899993525,199.999894479,2.));
#14708=CARTESIAN_POINT('',(14.899993525,199.999894479,2.));
#14709=CARTESIAN_POINT('Origin',(11.999993525,199.999894479,2.));
#14710=CARTESIAN_POINT('Origin',(-12.000006475,199.999894479,2.));
#14711=CARTESIAN_POINT('',(-9.100006475,199.999894479,2.));
#14712=CARTESIAN_POINT('',(-9.100006475,199.999894479,2.));
#14713=CARTESIAN_POINT('Origin',(-12.000006475,199.999894479,2.));
#14714=CARTESIAN_POINT('Origin',(-12.0000064750003,238.09989626971,6.69942574216541));
#14715=CARTESIAN_POINT('',(-9.1000064750003,238.09989626971,6.64999999999994));
#14716=CARTESIAN_POINT('',(-9.1000064750003,238.09989626971,6.69942574216543));
#14717=CARTESIAN_POINT('Origin',(-12.0000064750003,238.09989626971,6.64999999999991));
#14718=CARTESIAN_POINT('Origin',(11.9999935249997,238.09989626971,6.6994257421656));
#14719=CARTESIAN_POINT('',(14.8999935249997,238.09989626971,6.65000000000013));
#14720=CARTESIAN_POINT('',(14.8999935249997,238.09989626971,6.69942574216563));
#14721=CARTESIAN_POINT('Origin',(11.9999935249997,238.09989626971,6.65000000000011));
#14722=CARTESIAN_POINT('Origin',(-12.000006475,199.999894479,6.7));
#14723=CARTESIAN_POINT('',(-9.100006475,199.999894479,6.65000000000001));
#14724=CARTESIAN_POINT('',(-9.100006475,199.999894479,6.7));
#14725=CARTESIAN_POINT('Origin',(-12.000006475,199.999894479,6.65000000000001));
#14726=CARTESIAN_POINT('Origin',(11.999993525,199.999894479,6.7));
#14727=CARTESIAN_POINT('',(14.899993525,199.999894479,6.65000000000001));
#14728=CARTESIAN_POINT('',(14.899993525,199.999894479,6.7));
#14729=CARTESIAN_POINT('Origin',(11.999993525,199.999894479,6.65000000000001));
#14730=CARTESIAN_POINT('Origin',(-6.474E-6,209.024888971,0.2));
#14731=CARTESIAN_POINT('',(-15.2312614009997,209.024888971,0.0997128710827449));
#14732=CARTESIAN_POINT('Origin',(-15.2312614009997,210.524888971,0.0997128710827449));
#14733=CARTESIAN_POINT('Origin',(-7.61563393774989,208.524888971,-0.000574257834503265));
#14734=CARTESIAN_POINT('Origin',(1.49999352550002,208.524888971,-0.000574257834500798));
#14735=CARTESIAN_POINT('Origin',(10.6156209887499,208.524888971,-0.000574257834498331));
#14736=CARTESIAN_POINT('Origin',(21.2312484519998,228.029907358645,0.199425742165675));
#14737=CARTESIAN_POINT('',(20.3979151186664,229.27712648757,0.199425742165668));
#14738=CARTESIAN_POINT('Origin',(19.7312484519998,230.27490179071,0.199425742165663));
#14739=CARTESIAN_POINT('',(20.9312484519997,230.27490175871,6.69942574216567));
#14740=CARTESIAN_POINT('Origin',(20.9312486629998,238.09989614271,0.199425742165673));
#14741=CARTESIAN_POINT('Origin',(-12.0000064750003,235.99989626971,6.69942574216541));
#14742=CARTESIAN_POINT('',(-12.6950064750003,235.99989626971,6.65000000000001));
#14743=CARTESIAN_POINT('',(-6.00000648293151,235.99989626971,6.65000000000001));
#14744=CARTESIAN_POINT('',(-12.6950064750003,235.99989626971,6.69942574216541));
#14745=CARTESIAN_POINT('Origin',(-12.6950064750003,236.62739627071,6.69942574216541));
#14746=CARTESIAN_POINT('',(-12.6950064750003,237.25489627071,6.65000000000001));
#14747=CARTESIAN_POINT('',(-12.6950064750003,227.838645825782,6.65000000000001));
#14748=CARTESIAN_POINT('',(-12.6950064750003,237.25489627071,6.69942574216541));
#14749=CARTESIAN_POINT('Origin',(-12.8450064750003,237.25489627071,6.6994257421654));
#14750=CARTESIAN_POINT('',(-12.8450064750003,237.40489627071,6.65000000000001));
#14751=CARTESIAN_POINT('Origin',(-12.8450064750003,237.25489627071,6.64999999999991));
#14752=CARTESIAN_POINT('',(-12.8450064750003,237.40489627071,6.6994257421654));
#14753=CARTESIAN_POINT('Origin',(-13.4725064750003,237.40489627071,6.6994257421654));
#14754=CARTESIAN_POINT('',(-14.1000064750003,237.40489627071,6.65000000000001));
#14755=CARTESIAN_POINT('',(-6.73625648293151,237.40489627071,6.65000000000001));
#14756=CARTESIAN_POINT('',(-14.1000064750003,237.40489627071,6.69942574216539));
#14757=CARTESIAN_POINT('Origin',(-14.1000064750003,238.09989626971,6.69942574216539));
#14758=CARTESIAN_POINT('',(-14.1000064750003,238.79489627071,6.65000000000001));
#14759=CARTESIAN_POINT('',(-14.1000064750003,228.574895825282,6.65000000000001));
#14760=CARTESIAN_POINT('',(-14.1000064750003,238.79489627071,6.69942574216539));
#14761=CARTESIAN_POINT('Origin',(-13.4725064750003,238.79489627071,6.6994257421654));
#14762=CARTESIAN_POINT('',(-12.8450064750003,238.79489627071,6.65000000000001));
#14763=CARTESIAN_POINT('',(-6.73625648293151,238.79489627071,6.65000000000001));
#14764=CARTESIAN_POINT('',(-12.8450064750003,238.79489627071,6.6994257421654));
#14765=CARTESIAN_POINT('Origin',(-12.8450064750003,238.94489626971,6.6994257421654));
#14766=CARTESIAN_POINT('',(-12.6950064750003,238.94489626971,6.65000000000001));
#14767=CARTESIAN_POINT('Origin',(-12.8450064750003,238.94489626971,6.64999999999991));
#14768=CARTESIAN_POINT('',(-12.6950064750003,238.94489626971,6.69942574216541));
#14769=CARTESIAN_POINT('Origin',(-12.6950064750003,239.57239626971,6.69942574216541));
#14770=CARTESIAN_POINT('',(-12.6950064750003,229.311145825282,6.65000000000001));
#14771=CARTESIAN_POINT('Origin',(11.1549935249997,238.94489626971,6.6994257421656));
#14772=CARTESIAN_POINT('',(11.3049935249997,238.94489626971,6.65000000000001));
#14773=CARTESIAN_POINT('Origin',(11.1549935249997,238.94489626971,6.6500000000001));
#14774=CARTESIAN_POINT('',(11.3049935249997,238.94489626971,6.6994257421656));
#14775=CARTESIAN_POINT('Origin',(11.3049935249997,239.57239626971,6.6994257421656));
#14776=CARTESIAN_POINT('',(11.3049935249997,240.19989626971,6.65000000000001));
#14777=CARTESIAN_POINT('',(11.3049935249997,229.311145825282,6.65000000000001));
#14778=CARTESIAN_POINT('',(11.3049935249997,240.19989626971,6.6994257421656));
#14779=CARTESIAN_POINT('Origin',(11.9999935249997,240.19989626971,6.6994257421656));
#14780=CARTESIAN_POINT('',(12.6949935249997,240.19989626971,6.65000000000001));
#14781=CARTESIAN_POINT('',(5.99999351706849,240.19989626971,6.65000000000001));
#14782=CARTESIAN_POINT('',(12.6949935249997,240.19989626971,6.69942574216561));
#14783=CARTESIAN_POINT('Origin',(12.6949935249997,239.57239626971,6.69942574216561));
#14784=CARTESIAN_POINT('',(12.6949935249997,238.94489626971,6.65000000000001));
#14785=CARTESIAN_POINT('',(12.6949935249997,229.311145825282,6.65000000000001));
#14786=CARTESIAN_POINT('',(12.6949935249997,238.94489626971,6.69942574216561));
#14787=CARTESIAN_POINT('Origin',(12.8449935249997,238.94489626971,6.69942574216561));
#14788=CARTESIAN_POINT('',(12.8449935249997,238.79489626971,6.65000000000001));
#14789=CARTESIAN_POINT('Origin',(12.8449935249997,238.94489626971,6.65000000000011));
#14790=CARTESIAN_POINT('',(12.8449935249997,238.79489626971,6.69942574216561));
#14791=CARTESIAN_POINT('Origin',(13.4724935249997,238.79489627071,6.69942574216561));
#14792=CARTESIAN_POINT('',(14.0999935249997,238.79489627071,6.65000000000001));
#14793=CARTESIAN_POINT('',(6.73624351706849,238.79489627071,6.65000000000001));
#14794=CARTESIAN_POINT('',(14.0999935249997,238.79489627071,6.69942574216562));
#14795=CARTESIAN_POINT('Origin',(14.0999935249997,238.09989626971,6.69942574216562));
#14796=CARTESIAN_POINT('',(14.0999935249997,237.40489627071,6.65000000000001));
#14797=CARTESIAN_POINT('',(14.0999935249997,228.574895825282,6.65000000000001));
#14798=CARTESIAN_POINT('',(14.0999935249997,237.40489627071,6.69942574216562));
#14799=CARTESIAN_POINT('Origin',(13.4724935249997,237.40489627071,6.69942574216561));
#14800=CARTESIAN_POINT('',(6.73624351706849,237.40489627071,6.65000000000001));
#14801=CARTESIAN_POINT('Origin',(-19.1312616120003,245.32489076171,5.89942574216535));
#14802=CARTESIAN_POINT('',(-19.1312616120003,245.92489076171,6.69942574216535));
#14803=CARTESIAN_POINT('Origin',(-2.95551991949301E-13,245.92489076171,
5.89942574216551));
#14804=CARTESIAN_POINT('',(19.1312486629997,245.92489076171,1.19942574216566));
#14805=CARTESIAN_POINT('Origin',(19.1312486629997,245.32489076171,5.89942574216566));
#14806=CARTESIAN_POINT('',(19.7312486629997,245.32489076171,6.69942574216566));
#14807=CARTESIAN_POINT('Origin',(19.7312486629997,238.10000179071,5.89942574216566));
#14808=CARTESIAN_POINT('Origin',(-12.000006475,197.899894479,6.7));
#14809=CARTESIAN_POINT('',(-12.695006475,197.899894479,6.65000000000001));
#14810=CARTESIAN_POINT('',(-6.00000648293136,197.899894479,6.65000000000001));
#14811=CARTESIAN_POINT('',(-12.695006475,197.899894479,6.7));
#14812=CARTESIAN_POINT('Origin',(-12.695006475,198.52739448,6.7));
#14813=CARTESIAN_POINT('',(-12.695006475,199.15489448,6.65000000000001));
#14814=CARTESIAN_POINT('',(-12.695006475,208.788644930427,6.65000000000001));
#14815=CARTESIAN_POINT('',(-12.695006475,199.15489448,6.7));
#14816=CARTESIAN_POINT('Origin',(-12.845006475,199.15489448,6.7));
#14817=CARTESIAN_POINT('',(-12.845006475,199.30489448,6.65000000000001));
#14818=CARTESIAN_POINT('Origin',(-12.845006475,199.15489448,6.65000000000001));
#14819=CARTESIAN_POINT('',(-12.845006475,199.30489448,6.7));
#14820=CARTESIAN_POINT('Origin',(-13.472506475,199.30489448,6.7));
#14821=CARTESIAN_POINT('',(-14.100006475,199.30489448,6.65000000000001));
#14822=CARTESIAN_POINT('',(-6.73625648293136,199.30489448,6.65000000000001));
#14823=CARTESIAN_POINT('',(-14.100006475,199.30489448,6.7));
#14824=CARTESIAN_POINT('Origin',(-14.100006475,199.999894479,6.7));
#14825=CARTESIAN_POINT('',(-14.100006475,200.69489448,6.65000000000001));
#14826=CARTESIAN_POINT('',(-14.100006475,209.524894929927,6.65000000000001));
#14827=CARTESIAN_POINT('',(-14.100006475,200.69489448,6.7));
#14828=CARTESIAN_POINT('Origin',(-13.472506475,200.69489448,6.7));
#14829=CARTESIAN_POINT('',(-12.845006475,200.69489448,6.65000000000001));
#14830=CARTESIAN_POINT('',(-6.73625648293136,200.69489448,6.65000000000001));
#14831=CARTESIAN_POINT('',(-12.845006475,200.69489448,6.7));
#14832=CARTESIAN_POINT('Origin',(-12.845006475,200.844894479,6.7));
#14833=CARTESIAN_POINT('',(-12.695006475,200.844894479,6.65000000000001));
#14834=CARTESIAN_POINT('Origin',(-12.845006475,200.844894479,6.65000000000001));
#14835=CARTESIAN_POINT('',(-12.695006475,200.844894479,6.7));
#14836=CARTESIAN_POINT('Origin',(-12.695006475,201.472394479,6.7));
#14837=CARTESIAN_POINT('',(-12.695006475,210.261144929927,6.65000000000001));
#14838=CARTESIAN_POINT('Origin',(11.154993525,200.844894479,6.7));
#14839=CARTESIAN_POINT('',(11.304993525,200.844894479,6.65000000000001));
#14840=CARTESIAN_POINT('Origin',(11.154993525,200.844894479,6.65000000000001));
#14841=CARTESIAN_POINT('',(11.304993525,200.844894479,6.7));
#14842=CARTESIAN_POINT('Origin',(11.304993525,201.472394479,6.7));
#14843=CARTESIAN_POINT('',(11.304993525,202.099894479,6.65000000000001));
#14844=CARTESIAN_POINT('',(11.304993525,210.261144929927,6.65000000000001));
#14845=CARTESIAN_POINT('',(11.304993525,202.099894479,6.7));
#14846=CARTESIAN_POINT('Origin',(11.999993525,202.099894479,6.7));
#14847=CARTESIAN_POINT('',(12.694993525,202.099894479,6.65000000000001));
#14848=CARTESIAN_POINT('',(5.99999351706864,202.099894479,6.65000000000001));
#14849=CARTESIAN_POINT('',(12.694993525,202.099894479,6.7));
#14850=CARTESIAN_POINT('Origin',(12.694993525,201.472394479,6.7));
#14851=CARTESIAN_POINT('',(12.694993525,200.844894479,6.65000000000001));
#14852=CARTESIAN_POINT('',(12.694993525,210.261144929927,6.65000000000001));
#14853=CARTESIAN_POINT('',(12.694993525,200.844894479,6.7));
#14854=CARTESIAN_POINT('Origin',(12.844993525,200.844894479,6.7));
#14855=CARTESIAN_POINT('',(12.844993525,200.694894479,6.65000000000001));
#14856=CARTESIAN_POINT('Origin',(12.844993525,200.844894479,6.65000000000001));
#14857=CARTESIAN_POINT('',(12.844993525,200.694894479,6.7));
#14858=CARTESIAN_POINT('Origin',(13.472493525,200.69489448,6.7));
#14859=CARTESIAN_POINT('',(14.099993525,200.69489448,6.65000000000001));
#14860=CARTESIAN_POINT('',(6.73624351706864,200.69489448,6.65000000000001));
#14861=CARTESIAN_POINT('',(14.099993525,200.69489448,6.7));
#14862=CARTESIAN_POINT('Origin',(14.099993525,199.999894479,6.7));
#14863=CARTESIAN_POINT('',(14.099993525,199.30489448,6.65000000000001));
#14864=CARTESIAN_POINT('',(14.099993525,209.524894929927,6.65000000000001));
#14865=CARTESIAN_POINT('',(14.099993525,199.30489448,6.7));
#14866=CARTESIAN_POINT('Origin',(13.472493525,199.30489448,6.7));
#14867=CARTESIAN_POINT('',(6.73624351706864,199.30489448,6.65000000000001));
#14868=CARTESIAN_POINT('Origin',(-19.131261612,207.224888971,5.9));
#14869=CARTESIAN_POINT('',(-19.131261612,207.824888971,6.7));
#14870=CARTESIAN_POINT('Origin',(0.,207.824888971,5.9));
#14871=CARTESIAN_POINT('',(19.131248663,207.824888971,1.2));
#14872=CARTESIAN_POINT('Origin',(19.131248663,207.224888971,5.9));
#14873=CARTESIAN_POINT('',(19.731248663,207.224888971,6.7));
#14874=CARTESIAN_POINT('Origin',(19.731248663,200.,5.9));
#14875=CARTESIAN_POINT('Origin',(-6.49086272064281E-6,219.049895380855,
6.65000000000001));
#14876=CARTESIAN_POINT('Origin',(-6.49086272064281E-6,219.049895380855,
6.65000000000001));
#14877=CARTESIAN_POINT('Origin',(-6.49086272064281E-6,219.049895380855,
6.65000000000001));
#14878=CARTESIAN_POINT('Origin',(-6.49086272064281E-6,219.049895380855,
6.65000000000001));
#14879=CARTESIAN_POINT('Origin',(-6.49086272064281E-6,219.049895380855,
6.65000000000001));
#14880=CARTESIAN_POINT('',(14.899993525,199.999894479,6.65000000000001));
#14881=CARTESIAN_POINT('Origin',(11.999993525,199.999894479,6.65000000000001));
#14882=CARTESIAN_POINT('',(11.154993525,200.69489448,6.65000000000001));
#14883=CARTESIAN_POINT('',(11.304993525,200.844894479,6.65000000000001));
#14884=CARTESIAN_POINT('Origin',(11.154993525,200.844894479,6.65000000000001));
#14885=CARTESIAN_POINT('',(9.899993525,200.69489448,6.65000000000001));
#14886=CARTESIAN_POINT('',(5.26374351706864,200.69489448,6.65000000000001));
#14887=CARTESIAN_POINT('',(9.899993525,199.30489448,6.65000000000001));
#14888=CARTESIAN_POINT('',(9.899993525,209.524894929927,6.65000000000001));
#14889=CARTESIAN_POINT('',(11.154993525,199.30489448,6.65000000000001));
#14890=CARTESIAN_POINT('',(5.26374351706864,199.30489448,6.65000000000001));
#14891=CARTESIAN_POINT('',(11.304993525,199.15489448,6.65000000000001));
#14892=CARTESIAN_POINT('Origin',(11.154993525,199.15489448,6.65000000000001));
#14893=CARTESIAN_POINT('',(11.304993525,197.899894479,6.65000000000001));
#14894=CARTESIAN_POINT('',(11.304993525,208.788644930427,6.65000000000001));
#14895=CARTESIAN_POINT('',(12.694993525,197.899894479,6.65000000000001));
#14896=CARTESIAN_POINT('',(5.99999351706864,197.899894479,6.65000000000001));
#14897=CARTESIAN_POINT('',(12.694993525,199.15489448,6.65000000000001));
#14898=CARTESIAN_POINT('',(12.694993525,208.788644930427,6.65000000000001));
#14899=CARTESIAN_POINT('',(12.844993525,199.30489448,6.65000000000001));
#14900=CARTESIAN_POINT('Origin',(12.844993525,199.15489448,6.65000000000001));
#14901=CARTESIAN_POINT('',(14.099993525,199.30489448,6.65000000000001));
#14902=CARTESIAN_POINT('',(6.73624351706864,199.30489448,6.65000000000001));
#14903=CARTESIAN_POINT('',(14.099993525,200.69489448,6.65000000000001));
#14904=CARTESIAN_POINT('',(14.099993525,209.524894929927,6.65000000000001));
#14905=CARTESIAN_POINT('',(12.844993525,200.694894479,6.65000000000001));
#14906=CARTESIAN_POINT('',(6.73624351706864,200.69489448,6.65000000000001));
#14907=CARTESIAN_POINT('',(12.694993525,200.844894479,6.65000000000001));
#14908=CARTESIAN_POINT('Origin',(12.844993525,200.844894479,6.65000000000001));
#14909=CARTESIAN_POINT('',(12.694993525,202.099894479,6.65000000000001));
#14910=CARTESIAN_POINT('',(12.694993525,210.261144929927,6.65000000000001));
#14911=CARTESIAN_POINT('',(11.304993525,202.099894479,6.65000000000001));
#14912=CARTESIAN_POINT('',(5.99999351706864,202.099894479,6.65000000000001));
#14913=CARTESIAN_POINT('',(11.304993525,210.261144929927,6.65000000000001));
#14914=CARTESIAN_POINT('Origin',(12.844993525,199.15489448,6.7));
#14915=CARTESIAN_POINT('',(12.694993525,199.15489448,6.7));
#14916=CARTESIAN_POINT('',(12.694993525,199.15489448,6.7));
#14917=CARTESIAN_POINT('',(12.844993525,199.30489448,6.7));
#14918=CARTESIAN_POINT('Origin',(12.844993525,199.15489448,6.7));
#14919=CARTESIAN_POINT('',(12.844993525,199.30489448,6.7));
#14920=CARTESIAN_POINT('Origin',(12.694993525,198.52739448,6.7));
#14921=CARTESIAN_POINT('',(12.694993525,197.899894479,6.7));
#14922=CARTESIAN_POINT('',(12.694993525,197.899894479,6.7));
#14923=CARTESIAN_POINT('',(12.694993525,199.15489448,6.7));
#14924=CARTESIAN_POINT('Origin',(11.999993525,197.899894479,6.7));
#14925=CARTESIAN_POINT('',(11.304993525,197.899894479,6.7));
#14926=CARTESIAN_POINT('',(11.304993525,197.899894479,6.7));
#14927=CARTESIAN_POINT('',(12.694993525,197.899894479,6.7));
#14928=CARTESIAN_POINT('Origin',(11.304993525,198.52739448,6.7));
#14929=CARTESIAN_POINT('',(11.304993525,199.15489448,6.7));
#14930=CARTESIAN_POINT('',(11.304993525,199.15489448,6.7));
#14931=CARTESIAN_POINT('',(11.304993525,197.89989448,6.7));
#14932=CARTESIAN_POINT('Origin',(11.154993525,199.15489448,6.7));
#14933=CARTESIAN_POINT('',(11.154993525,199.30489448,6.7));
#14934=CARTESIAN_POINT('',(11.154993525,199.30489448,6.7));
#14935=CARTESIAN_POINT('Origin',(11.154993525,199.15489448,6.7));
#14936=CARTESIAN_POINT('Origin',(10.527493525,199.30489448,6.7));
#14937=CARTESIAN_POINT('',(9.899993525,199.30489448,6.7));
#14938=CARTESIAN_POINT('',(9.899993525,199.30489448,6.7));
#14939=CARTESIAN_POINT('',(11.154993525,199.30489448,6.7));
#14940=CARTESIAN_POINT('Origin',(9.899993525,199.999894479,6.7));
#14941=CARTESIAN_POINT('',(9.899993525,200.69489448,6.7));
#14942=CARTESIAN_POINT('',(9.899993525,200.69489448,6.7));
#14943=CARTESIAN_POINT('',(9.899993525,199.30489448,6.7));
#14944=CARTESIAN_POINT('Origin',(10.527493525,200.69489448,6.7));
#14945=CARTESIAN_POINT('',(11.154993525,200.69489448,6.7));
#14946=CARTESIAN_POINT('',(11.154993525,200.69489448,6.7));
#14947=CARTESIAN_POINT('',(9.899993525,200.69489448,6.7));
#14948=CARTESIAN_POINT('Origin',(0.,0.,6.7));
#14949=CARTESIAN_POINT('',(14.899993525,199.999894479,6.7));
#14950=CARTESIAN_POINT('Origin',(11.999993525,199.999894479,6.7));
#14951=CARTESIAN_POINT('',(11.304993525,200.844894479,6.7));
#14952=CARTESIAN_POINT('',(11.304993525,202.099894479,6.7));
#14953=CARTESIAN_POINT('',(11.304993525,200.844894479,6.7));
#14954=CARTESIAN_POINT('',(12.694993525,202.099894479,6.7));
#14955=CARTESIAN_POINT('',(11.304993525,202.099894479,6.7));
#14956=CARTESIAN_POINT('',(12.694993525,200.844894479,6.7));
#14957=CARTESIAN_POINT('',(12.694993525,202.099894479,6.7));
#14958=CARTESIAN_POINT('',(12.844993525,200.694894479,6.7));
#14959=CARTESIAN_POINT('Origin',(12.844993525,200.844894479,6.7));
#14960=CARTESIAN_POINT('',(14.099993525,200.69489448,6.7));
#14961=CARTESIAN_POINT('',(12.844993525,200.69489448,6.7));
#14962=CARTESIAN_POINT('',(14.099993525,199.30489448,6.7));
#14963=CARTESIAN_POINT('',(14.099993525,200.694894479,6.7));
#14964=CARTESIAN_POINT('',(14.099993525,199.30489448,6.7));
#14965=CARTESIAN_POINT('Origin',(11.154993525,200.844894479,6.7));
#14966=CARTESIAN_POINT('Origin',(11.154993525,200.844894479,6.7));
#14967=CARTESIAN_POINT('',(11.304993525,200.844894479,6.7));
#14968=CARTESIAN_POINT('Origin',(11.999993525,199.999894479,6.7));
#14969=CARTESIAN_POINT('',(14.899993525,199.999894479,6.7));
#14970=CARTESIAN_POINT('Origin',(13.472493525,199.30489448,6.7));
#14971=CARTESIAN_POINT('',(14.099993525,199.30489448,6.7));
#14972=CARTESIAN_POINT('Origin',(14.099993525,199.999894479,6.7));
#14973=CARTESIAN_POINT('',(14.099993525,200.69489448,6.7));
#14974=CARTESIAN_POINT('Origin',(13.472493525,200.69489448,6.7));
#14975=CARTESIAN_POINT('',(12.844993525,200.694894479,6.7));
#14976=CARTESIAN_POINT('Origin',(12.844993525,200.844894479,6.7));
#14977=CARTESIAN_POINT('',(12.694993525,200.844894479,6.7));
#14978=CARTESIAN_POINT('Origin',(12.694993525,201.472394479,6.7));
#14979=CARTESIAN_POINT('',(12.694993525,202.099894479,6.7));
#14980=CARTESIAN_POINT('Origin',(11.999993525,202.099894479,6.7));
#14981=CARTESIAN_POINT('',(11.304993525,202.099894479,6.7));
#14982=CARTESIAN_POINT('Origin',(11.304993525,201.472394479,6.7));
#14983=CARTESIAN_POINT('Origin',(-12.6950064750003,236.62739627071,6.69942574216541));
#14984=CARTESIAN_POINT('',(-12.6950064750003,235.99989626971,6.65000000000001));
#14985=CARTESIAN_POINT('',(-12.6950064750003,237.25489627071,6.65000000000001));
#14986=CARTESIAN_POINT('',(-12.6950064750003,227.838645825782,6.65000000000001));
#14987=CARTESIAN_POINT('',(-12.6950064750003,237.25489627071,6.69942574216541));
#14988=CARTESIAN_POINT('',(-12.6950064750003,237.25489627071,6.69942574216541));
#14989=CARTESIAN_POINT('',(-12.6950064750003,235.99989626971,6.69942574216541));
#14990=CARTESIAN_POINT('',(-12.6950064750003,235.99989627071,6.69942574216541));
#14991=CARTESIAN_POINT('',(-12.6950064750003,235.99989626971,6.69942574216541));
#14992=CARTESIAN_POINT('Origin',(-12.8450064750003,237.25489627071,6.6994257421654));
#14993=CARTESIAN_POINT('',(-12.8450064750003,237.40489627071,6.65000000000001));
#14994=CARTESIAN_POINT('Origin',(-12.8450064750003,237.25489627071,6.64999999999991));
#14995=CARTESIAN_POINT('',(-12.8450064750003,237.40489627071,6.6994257421654));
#14996=CARTESIAN_POINT('',(-12.8450064750003,237.40489627071,6.6994257421654));
#14997=CARTESIAN_POINT('Origin',(-12.8450064750003,237.25489627071,6.6994257421654));
#14998=CARTESIAN_POINT('Origin',(-13.4725064750003,237.40489627071,6.6994257421654));
#14999=CARTESIAN_POINT('',(-14.1000064750003,237.40489627071,6.65000000000001));
#15000=CARTESIAN_POINT('',(-6.73625648293151,237.40489627071,6.65000000000001));
#15001=CARTESIAN_POINT('',(-14.1000064750003,237.40489627071,6.69942574216539));
#15002=CARTESIAN_POINT('',(-14.1000064750003,237.40489627071,6.69942574216539));
#15003=CARTESIAN_POINT('',(-12.8450064750003,237.40489627071,6.6994257421654));
#15004=CARTESIAN_POINT('Origin',(-14.1000064750003,238.09989626971,6.69942574216539));
#15005=CARTESIAN_POINT('',(-14.1000064750003,238.79489627071,6.65000000000001));
#15006=CARTESIAN_POINT('',(-14.1000064750003,228.574895825282,6.65000000000001));
#15007=CARTESIAN_POINT('',(-14.1000064750003,238.79489627071,6.69942574216539));
#15008=CARTESIAN_POINT('',(-14.1000064750003,238.79489627071,6.69942574216539));
#15009=CARTESIAN_POINT('',(-14.1000064750003,237.40489627071,6.69942574216539));
#15010=CARTESIAN_POINT('Origin',(-13.4725064750003,238.79489627071,6.6994257421654));
#15011=CARTESIAN_POINT('',(-12.8450064750003,238.79489627071,6.65000000000001));
#15012=CARTESIAN_POINT('',(-6.73625648293151,238.79489627071,6.65000000000001));
#15013=CARTESIAN_POINT('',(-12.8450064750003,238.79489627071,6.6994257421654));
#15014=CARTESIAN_POINT('',(-12.8450064750003,238.79489627071,6.6994257421654));
#15015=CARTESIAN_POINT('',(-14.1000064750003,238.79489627071,6.69942574216539));
#15016=CARTESIAN_POINT('Origin',(-12.8450064750003,238.94489626971,6.6994257421654));
#15017=CARTESIAN_POINT('',(-12.6950064750003,238.94489626971,6.65000000000001));
#15018=CARTESIAN_POINT('Origin',(-12.8450064750003,238.94489626971,6.64999999999991));
#15019=CARTESIAN_POINT('',(-12.6950064750003,238.94489626971,6.69942574216541));
#15020=CARTESIAN_POINT('',(-12.6950064750003,238.94489626971,6.69942574216541));
#15021=CARTESIAN_POINT('Origin',(-12.8450064750003,238.94489626971,6.6994257421654));
#15022=CARTESIAN_POINT('Origin',(-12.6950064750003,239.57239626971,6.69942574216541));
#15023=CARTESIAN_POINT('',(-12.6950064750003,240.19989626971,6.65000000000001));
#15024=CARTESIAN_POINT('',(-12.6950064750003,229.311145825282,6.65000000000001));
#15025=CARTESIAN_POINT('',(-12.6950064750003,240.19989626971,6.69942574216541));
#15026=CARTESIAN_POINT('',(-12.6950064750003,240.19989626971,6.69942574216541));
#15027=CARTESIAN_POINT('',(-12.6950064750003,238.94489626971,6.69942574216541));
#15028=CARTESIAN_POINT('Origin',(-12.0000064750003,238.09989626971,6.69942574216541));
#15029=CARTESIAN_POINT('',(-9.1000064750003,238.09989626971,6.64999999999994));
#15030=CARTESIAN_POINT('Origin',(-12.0000064750003,238.09989626971,6.64999999999991));
#15031=CARTESIAN_POINT('',(-9.1000064750003,238.09989626971,6.69942574216543));
#15032=CARTESIAN_POINT('',(-9.1000064750003,238.09989626971,6.69942574216543));
#15033=CARTESIAN_POINT('Origin',(-12.0000064750003,238.09989626971,6.69942574216541));
#15034=CARTESIAN_POINT('Origin',(-12.0000064750003,235.99989626971,6.69942574216541));
#15035=CARTESIAN_POINT('',(-11.3050064750003,235.99989626971,6.65000000000001));
#15036=CARTESIAN_POINT('',(-6.00000648293151,235.99989626971,6.65000000000001));
#15037=CARTESIAN_POINT('',(-11.3050064750003,235.99989626971,6.69942574216542));
#15038=CARTESIAN_POINT('',(-11.3050064750003,235.99989626971,6.69942574216542));
#15039=CARTESIAN_POINT('',(-11.3050064750003,235.99989626971,6.69942574216542));
#15040=CARTESIAN_POINT('Origin',(-3.01878178810385E-13,38.1000017907095,
6.69942574216551));
#15041=CARTESIAN_POINT('',(-11.3050064750003,240.19989626971,6.69942574216542));
#15042=CARTESIAN_POINT('',(-12.6950064750003,240.19989626971,6.69942574216541));
#15043=CARTESIAN_POINT('',(-11.3050064750003,238.94489626971,6.69942574216542));
#15044=CARTESIAN_POINT('',(-11.3050064750003,240.19989626971,6.69942574216542));
#15045=CARTESIAN_POINT('',(-11.1550064750003,238.79489626971,6.69942574216542));
#15046=CARTESIAN_POINT('Origin',(-11.1550064750003,238.94489626971,6.69942574216542));
#15047=CARTESIAN_POINT('',(-9.9000064750003,238.79489627071,6.69942574216543));
#15048=CARTESIAN_POINT('',(-11.1550064750003,238.79489627071,6.69942574216542));
#15049=CARTESIAN_POINT('',(-9.9000064750003,237.40489627071,6.69942574216543));
#15050=CARTESIAN_POINT('',(-9.9000064750003,238.79489626971,6.69942574216543));
#15051=CARTESIAN_POINT('',(-11.1550064750003,237.40489627071,6.69942574216542));
#15052=CARTESIAN_POINT('',(-9.9000064750003,237.40489627071,6.69942574216543));
#15053=CARTESIAN_POINT('',(-11.3050064750003,237.25489627071,6.69942574216542));
#15054=CARTESIAN_POINT('Origin',(-11.1550064750003,237.25489627071,6.69942574216542));
#15055=CARTESIAN_POINT('',(-11.3050064750003,237.25489627071,6.69942574216542));
#15056=CARTESIAN_POINT('Origin',(-11.3050064750003,236.62739627071,6.69942574216542));
#15057=CARTESIAN_POINT('',(-11.3050064750003,237.25489627071,6.65000000000001));
#15058=CARTESIAN_POINT('',(-11.3050064750003,227.838645825782,6.65000000000001));
#15059=CARTESIAN_POINT('',(-11.3050064750003,237.25489627071,6.69942574216542));
#15060=CARTESIAN_POINT('Origin',(-11.1550064750003,237.25489627071,6.69942574216542));
#15061=CARTESIAN_POINT('',(-11.1550064750003,237.40489627071,6.65000000000001));
#15062=CARTESIAN_POINT('Origin',(-11.1550064750003,237.25489627071,6.64999999999992));
#15063=CARTESIAN_POINT('',(-11.1550064750003,237.40489627071,6.69942574216542));
#15064=CARTESIAN_POINT('Origin',(-10.5275064750003,237.40489627071,6.69942574216542));
#15065=CARTESIAN_POINT('',(-9.9000064750003,237.40489627071,6.65000000000001));
#15066=CARTESIAN_POINT('',(-5.26375648293151,237.40489627071,6.65000000000001));
#15067=CARTESIAN_POINT('',(-9.9000064750003,237.40489627071,6.69942574216543));
#15068=CARTESIAN_POINT('Origin',(-9.9000064750003,238.09989626971,6.69942574216543));
#15069=CARTESIAN_POINT('',(-9.9000064750003,238.79489627071,6.65000000000001));
#15070=CARTESIAN_POINT('',(-9.9000064750003,228.574895825282,6.65000000000001));
#15071=CARTESIAN_POINT('',(-9.9000064750003,238.79489627071,6.69942574216543));
#15072=CARTESIAN_POINT('Origin',(-10.5275064750003,238.79489627071,6.69942574216542));
#15073=CARTESIAN_POINT('',(-11.1550064750003,238.79489626971,6.65000000000001));
#15074=CARTESIAN_POINT('',(-5.26375648293151,238.79489627071,6.65000000000001));
#15075=CARTESIAN_POINT('',(-11.1550064750003,238.79489626971,6.69942574216542));
#15076=CARTESIAN_POINT('Origin',(-11.1550064750003,238.94489626971,6.69942574216542));
#15077=CARTESIAN_POINT('',(-11.3050064750003,238.94489626971,6.65000000000001));
#15078=CARTESIAN_POINT('Origin',(-11.1550064750003,238.94489626971,6.64999999999992));
#15079=CARTESIAN_POINT('',(-11.3050064750003,238.94489626971,6.69942574216542));
#15080=CARTESIAN_POINT('Origin',(-11.3050064750003,239.57239626971,6.69942574216542));
#15081=CARTESIAN_POINT('',(-11.3050064750003,240.19989626971,6.65000000000001));
#15082=CARTESIAN_POINT('',(-11.3050064750003,229.311145825282,6.65000000000001));
#15083=CARTESIAN_POINT('',(-11.3050064750003,240.19989626971,6.69942574216542));
#15084=CARTESIAN_POINT('Origin',(-12.0000064750003,240.19989626971,6.69942574216541));
#15085=CARTESIAN_POINT('',(-6.00000648293151,240.19989626971,6.65000000000001));
#15086=CARTESIAN_POINT('Origin',(-6.49086272064281E-6,219.049895380855,
6.65000000000001));
#15087=CARTESIAN_POINT('Origin',(-6.49086272064281E-6,219.049895380855,
6.65000000000001));
#15088=CARTESIAN_POINT('',(-9.100006475,199.999894479,6.65000000000001));
#15089=CARTESIAN_POINT('Origin',(-12.000006475,199.999894479,6.65000000000001));
#15090=CARTESIAN_POINT('',(-11.305006475,197.899894479,6.65000000000001));
#15091=CARTESIAN_POINT('',(-12.695006475,197.899894479,6.65000000000001));
#15092=CARTESIAN_POINT('',(-6.00000648293136,197.899894479,6.65000000000001));
#15093=CARTESIAN_POINT('',(-11.305006475,199.15489448,6.65000000000001));
#15094=CARTESIAN_POINT('',(-11.305006475,208.788644930427,6.65000000000001));
#15095=CARTESIAN_POINT('',(-11.155006475,199.30489448,6.65000000000001));
#15096=CARTESIAN_POINT('Origin',(-11.155006475,199.15489448,6.65000000000001));
#15097=CARTESIAN_POINT('',(-9.900006475,199.30489448,6.65000000000001));
#15098=CARTESIAN_POINT('',(-5.26375648293136,199.30489448,6.65000000000001));
#15099=CARTESIAN_POINT('',(-9.900006475,200.69489448,6.65000000000001));
#15100=CARTESIAN_POINT('',(-9.900006475,209.524894929927,6.65000000000001));
#15101=CARTESIAN_POINT('',(-11.155006475,200.694894479,6.65000000000001));
#15102=CARTESIAN_POINT('',(-5.26375648293136,200.69489448,6.65000000000001));
#15103=CARTESIAN_POINT('',(-11.305006475,200.844894479,6.65000000000001));
#15104=CARTESIAN_POINT('Origin',(-11.155006475,200.844894479,6.65000000000001));
#15105=CARTESIAN_POINT('',(-11.305006475,202.099894479,6.65000000000001));
#15106=CARTESIAN_POINT('',(-11.305006475,210.261144929927,6.65000000000001));
#15107=CARTESIAN_POINT('',(-12.695006475,202.099894479,6.65000000000001));
#15108=CARTESIAN_POINT('',(-6.00000648293136,202.099894479,6.65000000000001));
#15109=CARTESIAN_POINT('',(-12.695006475,200.844894479,6.65000000000001));
#15110=CARTESIAN_POINT('',(-12.695006475,210.261144929927,6.65000000000001));
#15111=CARTESIAN_POINT('',(-12.845006475,200.69489448,6.65000000000001));
#15112=CARTESIAN_POINT('Origin',(-12.845006475,200.844894479,6.65000000000001));
#15113=CARTESIAN_POINT('',(-14.100006475,200.69489448,6.65000000000001));
#15114=CARTESIAN_POINT('',(-6.73625648293136,200.69489448,6.65000000000001));
#15115=CARTESIAN_POINT('',(-14.100006475,199.30489448,6.65000000000001));
#15116=CARTESIAN_POINT('',(-14.100006475,209.524894929927,6.65000000000001));
#15117=CARTESIAN_POINT('',(-12.845006475,199.30489448,6.65000000000001));
#15118=CARTESIAN_POINT('',(-6.73625648293136,199.30489448,6.65000000000001));
#15119=CARTESIAN_POINT('',(-12.695006475,199.15489448,6.65000000000001));
#15120=CARTESIAN_POINT('Origin',(-12.845006475,199.15489448,6.65000000000001));
#15121=CARTESIAN_POINT('',(-12.695006475,208.788644930427,6.65000000000001));
#15122=CARTESIAN_POINT('Origin',(-12.000006475,202.099894479,6.7));
#15123=CARTESIAN_POINT('',(-11.305006475,202.099894479,6.7));
#15124=CARTESIAN_POINT('',(-11.305006475,202.099894479,6.7));
#15125=CARTESIAN_POINT('',(-12.695006475,202.099894479,6.7));
#15126=CARTESIAN_POINT('',(-12.695006475,202.099894479,6.7));
#15127=CARTESIAN_POINT('',(-12.695006475,202.099894479,6.7));
#15128=CARTESIAN_POINT('Origin',(-11.305006475,201.472394479,6.7));
#15129=CARTESIAN_POINT('',(-11.305006475,200.844894479,6.7));
#15130=CARTESIAN_POINT('',(-11.305006475,200.844894479,6.7));
#15131=CARTESIAN_POINT('',(-11.305006475,202.099894479,6.7));
#15132=CARTESIAN_POINT('Origin',(-11.155006475,200.844894479,6.7));
#15133=CARTESIAN_POINT('',(-11.155006475,200.694894479,6.7));
#15134=CARTESIAN_POINT('',(-11.155006475,200.694894479,6.7));
#15135=CARTESIAN_POINT('Origin',(-11.155006475,200.844894479,6.7));
#15136=CARTESIAN_POINT('Origin',(-10.527506475,200.69489448,6.7));
#15137=CARTESIAN_POINT('',(-9.900006475,200.69489448,6.7));
#15138=CARTESIAN_POINT('',(-9.900006475,200.69489448,6.7));
#15139=CARTESIAN_POINT('',(-11.155006475,200.69489448,6.7));
#15140=CARTESIAN_POINT('Origin',(-9.900006475,199.999894479,6.7));
#15141=CARTESIAN_POINT('',(-9.900006475,199.30489448,6.7));
#15142=CARTESIAN_POINT('',(-9.900006475,199.30489448,6.7));
#15143=CARTESIAN_POINT('',(-9.900006475,200.694894479,6.7));
#15144=CARTESIAN_POINT('Origin',(-10.527506475,199.30489448,6.7));
#15145=CARTESIAN_POINT('',(-11.155006475,199.30489448,6.7));
#15146=CARTESIAN_POINT('',(-11.155006475,199.30489448,6.7));
#15147=CARTESIAN_POINT('',(-9.900006475,199.30489448,6.7));
#15148=CARTESIAN_POINT('Origin',(-11.155006475,199.15489448,6.7));
#15149=CARTESIAN_POINT('',(-11.305006475,199.15489448,6.7));
#15150=CARTESIAN_POINT('',(-11.305006475,199.15489448,6.7));
#15151=CARTESIAN_POINT('Origin',(-11.155006475,199.15489448,6.7));
#15152=CARTESIAN_POINT('Origin',(-11.305006475,198.52739448,6.7));
#15153=CARTESIAN_POINT('',(-11.305006475,197.899894479,6.7));
#15154=CARTESIAN_POINT('',(-11.305006475,197.899894479,6.7));
#15155=CARTESIAN_POINT('',(-11.305006475,199.15489448,6.7));
#15156=CARTESIAN_POINT('Origin',(0.,0.,6.7));
#15157=CARTESIAN_POINT('',(-9.100006475,199.999894479,6.7));
#15158=CARTESIAN_POINT('Origin',(-12.000006475,199.999894479,6.7));
#15159=CARTESIAN_POINT('',(-12.695006475,197.899894479,6.7));
#15160=CARTESIAN_POINT('',(-12.695006475,199.15489448,6.7));
#15161=CARTESIAN_POINT('',(-12.695006475,197.89989448,6.7));
#15162=CARTESIAN_POINT('',(-12.845006475,199.30489448,6.7));
#15163=CARTESIAN_POINT('Origin',(-12.845006475,199.15489448,6.7));
#15164=CARTESIAN_POINT('',(-14.100006475,199.30489448,6.7));
#15165=CARTESIAN_POINT('',(-12.845006475,199.30489448,6.7));
#15166=CARTESIAN_POINT('',(-14.100006475,200.69489448,6.7));
#15167=CARTESIAN_POINT('',(-14.100006475,199.30489448,6.7));
#15168=CARTESIAN_POINT('',(-12.845006475,200.69489448,6.7));
#15169=CARTESIAN_POINT('',(-14.100006475,200.69489448,6.7));
#15170=CARTESIAN_POINT('',(-12.695006475,200.844894479,6.7));
#15171=CARTESIAN_POINT('Origin',(-12.845006475,200.844894479,6.7));
#15172=CARTESIAN_POINT('',(-12.695006475,200.844894479,6.7));
#15173=CARTESIAN_POINT('',(-11.305006475,197.899894479,6.7));
#15174=CARTESIAN_POINT('Origin',(-12.000006475,197.899894479,6.7));
#15175=CARTESIAN_POINT('',(-12.695006475,197.899894479,6.7));
#15176=CARTESIAN_POINT('Origin',(-12.000006475,199.999894479,6.7));
#15177=CARTESIAN_POINT('',(-9.100006475,199.999894479,6.7));
#15178=CARTESIAN_POINT('Origin',(-12.695006475,201.472394479,6.7));
#15179=CARTESIAN_POINT('',(-12.695006475,200.844894479,6.7));
#15180=CARTESIAN_POINT('Origin',(-12.845006475,200.844894479,6.7));
#15181=CARTESIAN_POINT('',(-12.845006475,200.69489448,6.7));
#15182=CARTESIAN_POINT('Origin',(-13.472506475,200.69489448,6.7));
#15183=CARTESIAN_POINT('',(-14.100006475,200.69489448,6.7));
#15184=CARTESIAN_POINT('Origin',(-14.100006475,199.999894479,6.7));
#15185=CARTESIAN_POINT('',(-14.100006475,199.30489448,6.7));
#15186=CARTESIAN_POINT('Origin',(-13.472506475,199.30489448,6.7));
#15187=CARTESIAN_POINT('',(-12.845006475,199.30489448,6.7));
#15188=CARTESIAN_POINT('Origin',(-12.845006475,199.15489448,6.7));
#15189=CARTESIAN_POINT('',(-12.695006475,199.15489448,6.7));
#15190=CARTESIAN_POINT('Origin',(-12.695006475,198.52739448,6.7));
#15191=CARTESIAN_POINT('Origin',(11.3049935249997,239.57239626971,6.6994257421656));
#15192=CARTESIAN_POINT('',(11.3049935249997,238.94489626971,6.65000000000001));
#15193=CARTESIAN_POINT('',(11.3049935249997,240.19989626971,6.65000000000001));
#15194=CARTESIAN_POINT('',(11.3049935249997,229.311145825282,6.65000000000001));
#15195=CARTESIAN_POINT('',(11.3049935249997,240.19989626971,6.6994257421656));
#15196=CARTESIAN_POINT('',(11.3049935249997,240.19989626971,6.6994257421656));
#15197=CARTESIAN_POINT('',(11.3049935249997,238.94489626971,6.6994257421656));
#15198=CARTESIAN_POINT('',(11.3049935249997,238.94489626971,6.6994257421656));
#15199=CARTESIAN_POINT('',(11.3049935249997,238.94489626971,6.6994257421656));
#15200=CARTESIAN_POINT('Origin',(11.9999935249997,240.19989626971,6.6994257421656));
#15201=CARTESIAN_POINT('',(12.6949935249997,240.19989626971,6.65000000000001));
#15202=CARTESIAN_POINT('',(5.99999351706849,240.19989626971,6.65000000000001));
#15203=CARTESIAN_POINT('',(12.6949935249997,240.19989626971,6.69942574216561));
#15204=CARTESIAN_POINT('',(12.6949935249997,240.19989626971,6.69942574216561));
#15205=CARTESIAN_POINT('',(11.3049935249997,240.19989626971,6.6994257421656));
#15206=CARTESIAN_POINT('Origin',(12.6949935249997,239.57239626971,6.69942574216561));
#15207=CARTESIAN_POINT('',(12.6949935249997,238.94489626971,6.65000000000001));
#15208=CARTESIAN_POINT('',(12.6949935249997,229.311145825282,6.65000000000001));
#15209=CARTESIAN_POINT('',(12.6949935249997,238.94489626971,6.69942574216561));
#15210=CARTESIAN_POINT('',(12.6949935249997,238.94489626971,6.69942574216561));
#15211=CARTESIAN_POINT('',(12.6949935249997,240.19989626971,6.69942574216561));
#15212=CARTESIAN_POINT('Origin',(12.8449935249997,238.94489626971,6.69942574216561));
#15213=CARTESIAN_POINT('',(12.8449935249997,238.79489626971,6.65000000000001));
#15214=CARTESIAN_POINT('Origin',(12.8449935249997,238.94489626971,6.65000000000011));
#15215=CARTESIAN_POINT('',(12.8449935249997,238.79489626971,6.69942574216561));
#15216=CARTESIAN_POINT('',(12.8449935249997,238.79489626971,6.69942574216561));
#15217=CARTESIAN_POINT('Origin',(12.8449935249997,238.94489626971,6.69942574216561));
#15218=CARTESIAN_POINT('Origin',(13.4724935249997,238.79489627071,6.69942574216561));
#15219=CARTESIAN_POINT('',(14.0999935249997,238.79489627071,6.65000000000001));
#15220=CARTESIAN_POINT('',(6.73624351706849,238.79489627071,6.65000000000001));
#15221=CARTESIAN_POINT('',(14.0999935249997,238.79489627071,6.69942574216562));
#15222=CARTESIAN_POINT('',(14.0999935249997,238.79489627071,6.69942574216562));
#15223=CARTESIAN_POINT('',(12.8449935249997,238.79489627071,6.69942574216561));
#15224=CARTESIAN_POINT('Origin',(14.0999935249997,238.09989626971,6.69942574216562));
#15225=CARTESIAN_POINT('',(14.0999935249997,237.40489627071,6.65000000000001));
#15226=CARTESIAN_POINT('',(14.0999935249997,228.574895825282,6.65000000000001));
#15227=CARTESIAN_POINT('',(14.0999935249997,237.40489627071,6.69942574216562));
#15228=CARTESIAN_POINT('',(14.0999935249997,237.40489627071,6.69942574216562));
#15229=CARTESIAN_POINT('',(14.0999935249997,238.79489626971,6.69942574216562));
#15230=CARTESIAN_POINT('Origin',(13.4724935249997,237.40489627071,6.69942574216561));
#15231=CARTESIAN_POINT('',(12.8449935249997,237.40489627071,6.65000000000001));
#15232=CARTESIAN_POINT('',(6.73624351706849,237.40489627071,6.65000000000001));
#15233=CARTESIAN_POINT('',(12.8449935249997,237.40489627071,6.69942574216561));
#15234=CARTESIAN_POINT('',(12.8449935249997,237.40489627071,6.69942574216561));
#15235=CARTESIAN_POINT('',(14.0999935249997,237.40489627071,6.69942574216562));
#15236=CARTESIAN_POINT('Origin',(11.9999935249997,238.09989626971,6.6994257421656));
#15237=CARTESIAN_POINT('',(14.8999935249997,238.09989626971,6.65000000000013));
#15238=CARTESIAN_POINT('Origin',(11.9999935249997,238.09989626971,6.65000000000011));
#15239=CARTESIAN_POINT('',(14.8999935249997,238.09989626971,6.69942574216563));
#15240=CARTESIAN_POINT('',(14.8999935249997,238.09989626971,6.69942574216563));
#15241=CARTESIAN_POINT('Origin',(11.9999935249997,238.09989626971,6.6994257421656));
#15242=CARTESIAN_POINT('Origin',(11.1549935249997,238.94489626971,6.6994257421656));
#15243=CARTESIAN_POINT('',(11.1549935249997,238.79489627071,6.65000000000001));
#15244=CARTESIAN_POINT('Origin',(11.1549935249997,238.94489626971,6.6500000000001));
#15245=CARTESIAN_POINT('',(11.1549935249997,238.79489627071,6.6994257421656));
#15246=CARTESIAN_POINT('Origin',(11.1549935249997,238.94489626971,6.6994257421656));
#15247=CARTESIAN_POINT('',(11.1549935249997,238.79489627071,6.6994257421656));
#15248=CARTESIAN_POINT('Origin',(-3.01878178810385E-13,38.1000017907095,
6.69942574216551));
#15249=CARTESIAN_POINT('',(12.6949935249997,237.25489627071,6.69942574216561));
#15250=CARTESIAN_POINT('Origin',(12.8449935249997,237.25489627071,6.69942574216561));
#15251=CARTESIAN_POINT('',(12.6949935249997,235.99989626971,6.69942574216561));
#15252=CARTESIAN_POINT('',(12.6949935249997,237.25489627071,6.69942574216561));
#15253=CARTESIAN_POINT('',(11.3049935249997,235.99989626971,6.6994257421656));
#15254=CARTESIAN_POINT('',(12.6949935249997,235.99989626971,6.69942574216561));
#15255=CARTESIAN_POINT('',(11.3049935249997,237.25489627071,6.6994257421656));
#15256=CARTESIAN_POINT('',(11.3049935249997,235.99989627071,6.6994257421656));
#15257=CARTESIAN_POINT('',(11.1549935249997,237.40489627071,6.6994257421656));
#15258=CARTESIAN_POINT('Origin',(11.1549935249997,237.25489627071,6.6994257421656));
#15259=CARTESIAN_POINT('',(9.8999935249997,237.40489627071,6.69942574216559));
#15260=CARTESIAN_POINT('',(11.1549935249997,237.40489627071,6.6994257421656));
#15261=CARTESIAN_POINT('',(9.8999935249997,238.79489627071,6.69942574216559));
#15262=CARTESIAN_POINT('',(9.8999935249997,237.40489627071,6.69942574216559));
#15263=CARTESIAN_POINT('',(9.8999935249997,238.79489627071,6.69942574216559));
#15264=CARTESIAN_POINT('Origin',(10.5274935249997,238.79489627071,6.69942574216559));
#15265=CARTESIAN_POINT('',(9.8999935249997,238.79489627071,6.65000000000001));
#15266=CARTESIAN_POINT('',(5.26374351706849,238.79489627071,6.65000000000001));
#15267=CARTESIAN_POINT('',(9.8999935249997,238.79489627071,6.69942574216559));
#15268=CARTESIAN_POINT('Origin',(9.8999935249997,238.09989626971,6.69942574216559));
#15269=CARTESIAN_POINT('',(9.8999935249997,237.40489627071,6.65000000000001));
#15270=CARTESIAN_POINT('',(9.8999935249997,228.574895825282,6.65000000000001));
#15271=CARTESIAN_POINT('',(9.8999935249997,237.40489627071,6.69942574216559));
#15272=CARTESIAN_POINT('Origin',(10.5274935249997,237.40489627071,6.69942574216559));
#15273=CARTESIAN_POINT('',(11.1549935249997,237.40489627071,6.65000000000001));
#15274=CARTESIAN_POINT('',(5.26374351706849,237.40489627071,6.65000000000001));
#15275=CARTESIAN_POINT('',(11.1549935249997,237.40489627071,6.6994257421656));
#15276=CARTESIAN_POINT('Origin',(11.1549935249997,237.25489627071,6.6994257421656));
#15277=CARTESIAN_POINT('',(11.3049935249997,237.25489627071,6.65000000000001));
#15278=CARTESIAN_POINT('Origin',(11.1549935249997,237.25489627071,6.6500000000001));
#15279=CARTESIAN_POINT('',(11.3049935249997,237.25489627071,6.6994257421656));
#15280=CARTESIAN_POINT('Origin',(11.3049935249997,236.62739627071,6.6994257421656));
#15281=CARTESIAN_POINT('',(11.3049935249997,235.99989626971,6.65000000000001));
#15282=CARTESIAN_POINT('',(11.3049935249997,227.838645825782,6.65000000000001));
#15283=CARTESIAN_POINT('',(11.3049935249997,235.99989626971,6.6994257421656));
#15284=CARTESIAN_POINT('Origin',(11.9999935249997,235.99989626971,6.6994257421656));
#15285=CARTESIAN_POINT('',(12.6949935249997,235.99989626971,6.65000000000001));
#15286=CARTESIAN_POINT('',(5.99999351706849,235.99989626971,6.65000000000001));
#15287=CARTESIAN_POINT('',(12.6949935249997,235.99989626971,6.69942574216561));
#15288=CARTESIAN_POINT('Origin',(12.6949935249997,236.62739627071,6.69942574216561));
#15289=CARTESIAN_POINT('',(12.6949935249997,237.25489627071,6.65000000000001));
#15290=CARTESIAN_POINT('',(12.6949935249997,227.838645825782,6.65000000000001));
#15291=CARTESIAN_POINT('',(12.6949935249997,237.25489627071,6.69942574216561));
#15292=CARTESIAN_POINT('Origin',(12.8449935249997,237.25489627071,6.69942574216561));
#15293=CARTESIAN_POINT('Origin',(12.8449935249997,237.25489627071,6.65000000000011));
#15294=CARTESIAN_POINT('Origin',(-6.49086272064281E-6,219.049895380855,
6.65000000000001));
#15295=CARTESIAN_POINT('',(-175.000006474999,-394.049289544003,92.0997469258975));
#15296=UNCERTAINTY_MEASURE_WITH_UNIT(LENGTH_MEASURE(0.01),#15302,
'DISTANCE_ACCURACY_VALUE',
'Maximum model space distance between geometric entities at asserted c
onnectivities');
#15297=UNCERTAINTY_MEASURE_WITH_UNIT(LENGTH_MEASURE(0.01),#15302,
'DISTANCE_ACCURACY_VALUE',
'Maximum model space distance between geometric entities at asserted c
onnectivities');
#15298=UNCERTAINTY_MEASURE_WITH_UNIT(LENGTH_MEASURE(0.01),#15302,
'DISTANCE_ACCURACY_VALUE',
'Maximum model space distance between geometric entities at asserted c
onnectivities');
#15299=(
GEOMETRIC_REPRESENTATION_CONTEXT(3)
GLOBAL_UNCERTAINTY_ASSIGNED_CONTEXT((#15296))
GLOBAL_UNIT_ASSIGNED_CONTEXT((#15302,#15304,#15305))
REPRESENTATION_CONTEXT('','3D')
);
#15300=(
GEOMETRIC_REPRESENTATION_CONTEXT(3)
GLOBAL_UNCERTAINTY_ASSIGNED_CONTEXT((#15297))
GLOBAL_UNIT_ASSIGNED_CONTEXT((#15302,#15304,#15305))
REPRESENTATION_CONTEXT('','3D')
);
#15301=(
GEOMETRIC_REPRESENTATION_CONTEXT(3)
GLOBAL_UNCERTAINTY_ASSIGNED_CONTEXT((#15298))
GLOBAL_UNIT_ASSIGNED_CONTEXT((#15302,#15304,#15305))
REPRESENTATION_CONTEXT('','3D')
);
#15302=(
LENGTH_UNIT()
NAMED_UNIT(*)
SI_UNIT(.MILLI.,.METRE.)
);
#15303=(
LENGTH_UNIT()
NAMED_UNIT(*)
SI_UNIT($,.METRE.)
);
#15304=(
NAMED_UNIT(*)
PLANE_ANGLE_UNIT()
SI_UNIT($,.RADIAN.)
);
#15305=(
NAMED_UNIT(*)
SI_UNIT($,.STERADIAN.)
SOLID_ANGLE_UNIT()
);
#15306=SHAPE_DEFINITION_REPRESENTATION(#15308,#15311);
#15307=SHAPE_DEFINITION_REPRESENTATION(#15309,#15312);
#15308=PRODUCT_DEFINITION_SHAPE('',$,#15314);
#15309=PRODUCT_DEFINITION_SHAPE('',$,#15315);
#15310=PRODUCT_DEFINITION_SHAPE($,$,#14);
#15311=SHAPE_REPRESENTATION('',(#9314,#10072),#15299);
#15312=SHAPE_REPRESENTATION('',(#9315),#15300);
#15313=PRODUCT_DEFINITION_CONTEXT('part definition',#15321,'design');
#15314=PRODUCT_DEFINITION('Wood Button','Wood Button v2',#15316,#15313);
#15315=PRODUCT_DEFINITION('2.25u','2.25u v1',#15317,#15313);
#15316=PRODUCT_DEFINITION_FORMATION('',$,#15323);
#15317=PRODUCT_DEFINITION_FORMATION('',$,#15324);
#15318=PRODUCT_RELATED_PRODUCT_CATEGORY('Wood Button v2',
'Wood Button v2',(#15323));
#15319=PRODUCT_RELATED_PRODUCT_CATEGORY('2.25u v1','2.25u v1',(#15324));
#15320=APPLICATION_PROTOCOL_DEFINITION('international standard',
'automotive_design',2009,#15321);
#15321=APPLICATION_CONTEXT(
'Core Data for Automotive Mechanical Design Process');
#15322=PRODUCT_CONTEXT('part definition',#15321,'mechanical');
#15323=PRODUCT('Wood Button','Wood Button v2',$,(#15322));
#15324=PRODUCT('2.25u','2.25u v1','HOOPS Exchange Step',(#15322));
#15325=PRESENTATION_STYLE_ASSIGNMENT((#15329));
#15326=PRESENTATION_STYLE_ASSIGNMENT((#15330));
#15327=PRESENTATION_STYLE_ASSIGNMENT((#15331));
#15328=PRESENTATION_STYLE_ASSIGNMENT((#15332));
#15329=SURFACE_STYLE_USAGE(.BOTH.,#15333);
#15330=SURFACE_STYLE_USAGE(.BOTH.,#15334);
#15331=SURFACE_STYLE_USAGE(.BOTH.,#15335);
#15332=SURFACE_STYLE_USAGE(.BOTH.,#15336);
#15333=SURFACE_SIDE_STYLE('',(#15337));
#15334=SURFACE_SIDE_STYLE('',(#15338));
#15335=SURFACE_SIDE_STYLE('',(#15339));
#15336=SURFACE_SIDE_STYLE('',(#15340));
#15337=SURFACE_STYLE_FILL_AREA(#15341);
#15338=SURFACE_STYLE_FILL_AREA(#15342);
#15339=SURFACE_STYLE_FILL_AREA(#15343);
#15340=SURFACE_STYLE_FILL_AREA(#15344);
#15341=FILL_AREA_STYLE('ABS (White)',(#15345));
#15342=FILL_AREA_STYLE('Steel - Satin',(#15346));
#15343=FILL_AREA_STYLE('Paint - Enamel Glossy (Blue)',(#15347));
#15344=FILL_AREA_STYLE('Opaque(126,126,134)',(#15348));
#15345=FILL_AREA_STYLE_COLOUR('ABS (White)',#15349);
#15346=FILL_AREA_STYLE_COLOUR('Steel - Satin',#15350);
#15347=FILL_AREA_STYLE_COLOUR('Paint - Enamel Glossy (Blue)',#15351);
#15348=FILL_AREA_STYLE_COLOUR('Opaque(126,126,134)',#15352);
#15349=COLOUR_RGB('ABS (White)',0.964705882352941,0.964705882352941,0.952941176470588);
#15350=COLOUR_RGB('Steel - Satin',0.627450980392157,0.627450980392157,0.627450980392157);
#15351=COLOUR_RGB('Paint - Enamel Glossy (Blue)',0.188235294117647,0.231372549019608,
0.588235294117647);
#15352=COLOUR_RGB('Opaque(126,126,134)',0.494117647058824,0.494117647058824,
0.525490196078431);
ENDSEC;
END-ISO-10303-21;
