ISO-10303-21;
HEADER;
/* Generated by software containing ST-Developer
 * from STEP Tools, Inc. (www.steptools.com) 
 */

FILE_DESCRIPTION(
/* description */ ('HOOPS Exchange Step'),
/* implementation_level */ '2;1');

FILE_NAME(
/* name */ 'heart_key.step',
/* time_stamp */ '2026-09-03T16:51:45+08:00',
/* author */ (''),
/* organization */ (''),
/* preprocessor_version */ 'ST-DEVELOPER v20.1',
/* originating_system */ 'Autodesk Translation Framework v15.8.0.0',
/* authorisation */ '');

FILE_SCHEMA (('AUTOMOTIVE_DESIGN { 1 0 10303 214 3 1 1 }'));
ENDSEC;

DATA;
#10=MECHANICAL_DESIGN_GEOMETRIC_PRESENTATION_REPRESENTATION('',(#15,#16,
#17),#4158);
#11=SHAPE_REPRESENTATION_RELATIONSHIP('SRR','None',#4165,#12);
#12=ADVANCED_BREP_SHAPE_REPRESENTATION('',(#18,#14,#19),#4157);
#13=ORIENTED_CLOSED_SHELL('',*,#1444,.F.);
#14=BREP_WITH_VOIDS('Body2',#1443,(#13));
#15=STYLED_ITEM('',(#4175),#18);
#16=STYLED_ITEM('',(#4174),#14);
#17=STYLED_ITEM('',(#4175),#19);
#18=MANIFOLD_SOLID_BREP('Body1',#1442);
#19=MANIFOLD_SOLID_BREP('Body6',#1445);
#20=ELLIPSE('',#1527,1.373822998,1.25);
#21=ELLIPSE('',#1528,1.373822998,1.25);
#22=ELLIPSE('',#1529,1.373822998,1.25);
#23=ELLIPSE('',#1530,1.373822998,1.25);
#24=ELLIPSE('',#1541,0.633942176091104,0.615530175064352);
#25=FACE_BOUND('',#457,.T.);
#26=FACE_BOUND('',#460,.T.);
#27=FACE_BOUND('',#463,.T.);
#28=SPHERICAL_SURFACE('',#1480,44.6018934696992);
#29=SPHERICAL_SURFACE('',#1535,43.832980308);
#30=SPHERICAL_SURFACE('',#1581,43.832980308);
#31=SPHERICAL_SURFACE('',#1588,44.6018934696992);
#32=SPHERICAL_SURFACE('',#1589,44.6018934696992);
#33=SPHERICAL_SURFACE('',#1595,44.6018934696992);
#34=PLANE('',#1473);
#35=PLANE('',#1475);
#36=PLANE('',#1478);
#37=PLANE('',#1481);
#38=PLANE('',#1484);
#39=PLANE('',#1488);
#40=PLANE('',#1490);
#41=PLANE('',#1492);
#42=PLANE('',#1494);
#43=PLANE('',#1495);
#44=PLANE('',#1496);
#45=PLANE('',#1497);
#46=PLANE('',#1498);
#47=PLANE('',#1499);
#48=PLANE('',#1500);
#49=PLANE('',#1501);
#50=PLANE('',#1502);
#51=PLANE('',#1503);
#52=PLANE('',#1504);
#53=PLANE('',#1505);
#54=PLANE('',#1506);
#55=PLANE('',#1507);
#56=PLANE('',#1508);
#57=PLANE('',#1509);
#58=PLANE('',#1510);
#59=PLANE('',#1511);
#60=PLANE('',#1512);
#61=PLANE('',#1513);
#62=PLANE('',#1514);
#63=PLANE('',#1515);
#64=PLANE('',#1516);
#65=PLANE('',#1517);
#66=PLANE('',#1518);
#67=PLANE('',#1519);
#68=PLANE('',#1523);
#69=PLANE('',#1524);
#70=PLANE('',#1526);
#71=PLANE('',#1531);
#72=PLANE('',#1532);
#73=PLANE('',#1533);
#74=PLANE('',#1534);
#75=PLANE('',#1574);
#76=PLANE('',#1576);
#77=PLANE('',#1578);
#78=PLANE('',#1584);
#79=PLANE('',#1586);
#80=PLANE('',#1592);
#81=PLANE('',#1593);
#82=LINE('',#2353,#191);
#83=LINE('',#2366,#192);
#84=LINE('',#2388,#193);
#85=LINE('',#2397,#194);
#86=LINE('',#2401,#195);
#87=LINE('',#2410,#196);
#88=LINE('',#2411,#197);
#89=LINE('',#2414,#198);
#90=LINE('',#2439,#199);
#91=LINE('',#2444,#200);
#92=LINE('',#2447,#201);
#93=LINE('',#2451,#202);
#94=LINE('',#2496,#203);
#95=LINE('',#2500,#204);
#96=LINE('',#2501,#205);
#97=LINE('',#2505,#206);
#98=LINE('',#2509,#207);
#99=LINE('',#2510,#208);
#100=LINE('',#2514,#209);
#101=LINE('',#2518,#210);
#102=LINE('',#2519,#211);
#103=LINE('',#2523,#212);
#104=LINE('',#2525,#213);
#105=LINE('',#2527,#214);
#106=LINE('',#2529,#215);
#107=LINE('',#2531,#216);
#108=LINE('',#2533,#217);
#109=LINE('',#2535,#218);
#110=LINE('',#2537,#219);
#111=LINE('',#2539,#220);
#112=LINE('',#2541,#221);
#113=LINE('',#2543,#222);
#114=LINE('',#2544,#223);
#115=LINE('',#2547,#224);
#116=LINE('',#2549,#225);
#117=LINE('',#2550,#226);
#118=LINE('',#2553,#227);
#119=LINE('',#2554,#228);
#120=LINE('',#2557,#229);
#121=LINE('',#2558,#230);
#122=LINE('',#2561,#231);
#123=LINE('',#2562,#232);
#124=LINE('',#2565,#233);
#125=LINE('',#2566,#234);
#126=LINE('',#2569,#235);
#127=LINE('',#2570,#236);
#128=LINE('',#2573,#237);
#129=LINE('',#2574,#238);
#130=LINE('',#2577,#239);
#131=LINE('',#2578,#240);
#132=LINE('',#2581,#241);
#133=LINE('',#2582,#242);
#134=LINE('',#2585,#243);
#135=LINE('',#2586,#244);
#136=LINE('',#2589,#245);
#137=LINE('',#2590,#246);
#138=LINE('',#2592,#247);
#139=LINE('',#2595,#248);
#140=LINE('',#2597,#249);
#141=LINE('',#2598,#250);
#142=LINE('',#2601,#251);
#143=LINE('',#2602,#252);
#144=LINE('',#2605,#253);
#145=LINE('',#2606,#254);
#146=LINE('',#2609,#255);
#147=LINE('',#2610,#256);
#148=LINE('',#2613,#257);
#149=LINE('',#2614,#258);
#150=LINE('',#2617,#259);
#151=LINE('',#2618,#260);
#152=LINE('',#2621,#261);
#153=LINE('',#2622,#262);
#154=LINE('',#2625,#263);
#155=LINE('',#2626,#264);
#156=LINE('',#2629,#265);
#157=LINE('',#2630,#266);
#158=LINE('',#2633,#267);
#159=LINE('',#2634,#268);
#160=LINE('',#2637,#269);
#161=LINE('',#2638,#270);
#162=LINE('',#2640,#271);
#163=LINE('',#2647,#272);
#164=LINE('',#2651,#273);
#165=LINE('',#2653,#274);
#166=LINE('',#2655,#275);
#167=LINE('',#2656,#276);
#168=LINE('',#2660,#277);
#169=LINE('',#2664,#278);
#170=LINE('',#2665,#279);
#171=LINE('',#2673,#280);
#172=LINE('',#2675,#281);
#173=LINE('',#2677,#282);
#174=LINE('',#2678,#283);
#175=LINE('',#2680,#284);
#176=LINE('',#2681,#285);
#177=LINE('',#2683,#286);
#178=LINE('',#2685,#287);
#179=LINE('',#3997,#288);
#180=LINE('',#4019,#289);
#181=LINE('',#4022,#290);
#182=LINE('',#4048,#291);
#183=LINE('',#4061,#292);
#184=LINE('',#4066,#293);
#185=LINE('',#4097,#294);
#186=LINE('',#4100,#295);
#187=LINE('',#4103,#296);
#188=LINE('',#4105,#297);
#189=LINE('',#4108,#298);
#190=LINE('',#4115,#299);
#191=VECTOR('',#1619,10.);
#192=VECTOR('',#1620,10.);
#193=VECTOR('',#1623,10.);
#194=VECTOR('',#1628,10.);
#195=VECTOR('',#1631,10.);
#196=VECTOR('',#1636,10.);
#197=VECTOR('',#1637,10.);
#198=VECTOR('',#1642,10.);
#199=VECTOR('',#1653,10.);
#200=VECTOR('',#1658,10.);
#201=VECTOR('',#1661,10.);
#202=VECTOR('',#1666,10.);
#203=VECTOR('',#1671,7.58228277463269);
#204=VECTOR('',#1674,7.58228277463269);
#205=VECTOR('',#1675,15.924999301);
#206=VECTOR('',#1678,7.58228277463269);
#207=VECTOR('',#1681,7.58228277463269);
#208=VECTOR('',#1682,15.924999301);
#209=VECTOR('',#1685,7.57543541163303);
#210=VECTOR('',#1688,7.57543541163303);
#211=VECTOR('',#1689,15.915856396);
#212=VECTOR('',#1692,1.315);
#213=VECTOR('',#1693,1.315);
#214=VECTOR('',#1694,1.47);
#215=VECTOR('',#1695,1.315);
#216=VECTOR('',#1696,1.315);
#217=VECTOR('',#1697,1.47);
#218=VECTOR('',#1698,1.315);
#219=VECTOR('',#1699,1.315);
#220=VECTOR('',#1700,1.47);
#221=VECTOR('',#1701,1.315);
#222=VECTOR('',#1702,1.315);
#223=VECTOR('',#1703,1.47);
#224=VECTOR('',#1706,3.4);
#225=VECTOR('',#1707,1.47);
#226=VECTOR('',#1708,3.4);
#227=VECTOR('',#1711,1.315);
#228=VECTOR('',#1712,3.4);
#229=VECTOR('',#1715,1.315);
#230=VECTOR('',#1716,3.4);
#231=VECTOR('',#1719,1.47);
#232=VECTOR('',#1720,3.4);
#233=VECTOR('',#1723,1.315);
#234=VECTOR('',#1724,3.4);
#235=VECTOR('',#1727,1.315);
#236=VECTOR('',#1728,3.4);
#237=VECTOR('',#1731,1.47);
#238=VECTOR('',#1732,3.4);
#239=VECTOR('',#1735,1.315);
#240=VECTOR('',#1736,3.4);
#241=VECTOR('',#1739,1.315);
#242=VECTOR('',#1740,3.4);
#243=VECTOR('',#1743,1.47);
#244=VECTOR('',#1744,3.4);
#245=VECTOR('',#1747,1.315);
#246=VECTOR('',#1748,3.4);
#247=VECTOR('',#1751,1.315);
#248=VECTOR('',#1754,0.519615241829337);
#249=VECTOR('',#1755,0.519615241829337);
#250=VECTOR('',#1756,2.07);
#251=VECTOR('',#1759,0.519615241829337);
#252=VECTOR('',#1760,1.315);
#253=VECTOR('',#1763,0.519615241829337);
#254=VECTOR('',#1764,1.315);
#255=VECTOR('',#1767,0.519615241829337);
#256=VECTOR('',#1768,2.07);
#257=VECTOR('',#1771,1.315);
#258=VECTOR('',#1772,0.519615241829337);
#259=VECTOR('',#1775,1.315);
#260=VECTOR('',#1776,0.519615241829337);
#261=VECTOR('',#1779,2.07);
#262=VECTOR('',#1780,0.519615241829337);
#263=VECTOR('',#1783,1.315);
#264=VECTOR('',#1784,0.519615241829337);
#265=VECTOR('',#1787,1.315);
#266=VECTOR('',#1788,0.519615241829337);
#267=VECTOR('',#1791,2.07);
#268=VECTOR('',#1792,0.519615241829337);
#269=VECTOR('',#1795,1.315);
#270=VECTOR('',#1796,0.519615241829337);
#271=VECTOR('',#1799,1.315);
#272=VECTOR('',#1808,2.8);
#273=VECTOR('',#1811,11.601639344);
#274=VECTOR('',#1812,11.447540984);
#275=VECTOR('',#1813,11.601639344);
#276=VECTOR('',#1814,11.447540984);
#277=VECTOR('',#1817,7.57543541163303);
#278=VECTOR('',#1820,7.57543541163303);
#279=VECTOR('',#1821,15.915856396);
#280=VECTOR('',#1832,15.3);
#281=VECTOR('',#1833,15.3);
#282=VECTOR('',#1834,15.3);
#283=VECTOR('',#1835,15.3);
#284=VECTOR('',#1838,5.40553679198919);
#285=VECTOR('',#1839,5.40553679198919);
#286=VECTOR('',#1842,5.40553679198919);
#287=VECTOR('',#1845,5.40553679198919);
#288=VECTOR('',#1912,10.);
#289=VECTOR('',#1913,10.);
#290=VECTOR('',#1916,10.);
#291=VECTOR('',#1921,10.);
#292=VECTOR('',#1922,10.);
#293=VECTOR('',#1927,10.);
#294=VECTOR('',#1930,10.);
#295=VECTOR('',#1933,10.);
#296=VECTOR('',#1936,10.);
#297=VECTOR('',#1937,10.);
#298=VECTOR('',#1942,10.);
#299=VECTOR('',#1951,10.);
#300=CYLINDRICAL_SURFACE('',#1467,0.798825017499796);
#301=CYLINDRICAL_SURFACE('',#1469,3.23941909200896);
#302=CYLINDRICAL_SURFACE('',#1471,0.798825017499796);
#303=CYLINDRICAL_SURFACE('',#1477,3.23941909200898);
#304=CYLINDRICAL_SURFACE('',#1486,2.72727272727266);
#305=CYLINDRICAL_SURFACE('',#1487,2.72727272727268);
#306=CYLINDRICAL_SURFACE('',#1521,2.8);
#307=CYLINDRICAL_SURFACE('',#1542,1.25);
#308=CYLINDRICAL_SURFACE('',#1543,1.25);
#309=CYLINDRICAL_SURFACE('',#1544,1.25);
#310=CYLINDRICAL_SURFACE('',#1545,1.25);
#311=CYLINDRICAL_SURFACE('',#1566,2.72727272727268);
#312=CYLINDRICAL_SURFACE('',#1567,2.72727272727266);
#313=CYLINDRICAL_SURFACE('',#1568,0.798825017499796);
#314=CYLINDRICAL_SURFACE('',#1570,3.23941909200896);
#315=CYLINDRICAL_SURFACE('',#1572,0.798825017499796);
#316=CYLINDRICAL_SURFACE('',#1585,3.23941909200898);
#317=TOROIDAL_SURFACE('',#1460,44.015119606419,0.437439949849796);
#318=TOROIDAL_SURFACE('',#1463,44.015119606419,0.437439949849796);
#319=TOROIDAL_SURFACE('',#1546,43.7929271,0.625);
#320=TOROIDAL_SURFACE('',#1551,43.894379344,0.625);
#321=TOROIDAL_SURFACE('',#1553,43.894379344,0.625);
#322=TOROIDAL_SURFACE('',#1557,43.7929271,0.625);
#323=TOROIDAL_SURFACE('',#1559,44.015119606419,0.437439949849796);
#324=TOROIDAL_SURFACE('',#1562,44.015119606419,0.437439949849796);
#325=FACE_OUTER_BOUND('',#412,.T.);
#326=FACE_OUTER_BOUND('',#413,.T.);
#327=FACE_OUTER_BOUND('',#414,.T.);
#328=FACE_OUTER_BOUND('',#415,.T.);
#329=FACE_OUTER_BOUND('',#416,.T.);
#330=FACE_OUTER_BOUND('',#417,.T.);
#331=FACE_OUTER_BOUND('',#418,.T.);
#332=FACE_OUTER_BOUND('',#419,.T.);
#333=FACE_OUTER_BOUND('',#420,.T.);
#334=FACE_OUTER_BOUND('',#421,.T.);
#335=FACE_OUTER_BOUND('',#422,.T.);
#336=FACE_OUTER_BOUND('',#423,.T.);
#337=FACE_OUTER_BOUND('',#424,.T.);
#338=FACE_OUTER_BOUND('',#425,.T.);
#339=FACE_OUTER_BOUND('',#426,.T.);
#340=FACE_OUTER_BOUND('',#427,.T.);
#341=FACE_OUTER_BOUND('',#428,.T.);
#342=FACE_OUTER_BOUND('',#429,.T.);
#343=FACE_OUTER_BOUND('',#430,.T.);
#344=FACE_OUTER_BOUND('',#431,.T.);
#345=FACE_OUTER_BOUND('',#432,.T.);
#346=FACE_OUTER_BOUND('',#433,.T.);
#347=FACE_OUTER_BOUND('',#434,.T.);
#348=FACE_OUTER_BOUND('',#435,.T.);
#349=FACE_OUTER_BOUND('',#436,.T.);
#350=FACE_OUTER_BOUND('',#437,.T.);
#351=FACE_OUTER_BOUND('',#438,.T.);
#352=FACE_OUTER_BOUND('',#439,.T.);
#353=FACE_OUTER_BOUND('',#440,.T.);
#354=FACE_OUTER_BOUND('',#441,.T.);
#355=FACE_OUTER_BOUND('',#442,.T.);
#356=FACE_OUTER_BOUND('',#443,.T.);
#357=FACE_OUTER_BOUND('',#444,.T.);
#358=FACE_OUTER_BOUND('',#445,.T.);
#359=FACE_OUTER_BOUND('',#446,.T.);
#360=FACE_OUTER_BOUND('',#447,.T.);
#361=FACE_OUTER_BOUND('',#448,.T.);
#362=FACE_OUTER_BOUND('',#449,.T.);
#363=FACE_OUTER_BOUND('',#450,.T.);
#364=FACE_OUTER_BOUND('',#451,.T.);
#365=FACE_OUTER_BOUND('',#452,.T.);
#366=FACE_OUTER_BOUND('',#453,.T.);
#367=FACE_OUTER_BOUND('',#454,.T.);
#368=FACE_OUTER_BOUND('',#455,.T.);
#369=FACE_OUTER_BOUND('',#456,.T.);
#370=FACE_OUTER_BOUND('',#458,.T.);
#371=FACE_OUTER_BOUND('',#459,.T.);
#372=FACE_OUTER_BOUND('',#461,.T.);
#373=FACE_OUTER_BOUND('',#462,.T.);
#374=FACE_OUTER_BOUND('',#464,.T.);
#375=FACE_OUTER_BOUND('',#465,.T.);
#376=FACE_OUTER_BOUND('',#466,.T.);
#377=FACE_OUTER_BOUND('',#467,.T.);
#378=FACE_OUTER_BOUND('',#468,.T.);
#379=FACE_OUTER_BOUND('',#469,.T.);
#380=FACE_OUTER_BOUND('',#470,.T.);
#381=FACE_OUTER_BOUND('',#471,.T.);
#382=FACE_OUTER_BOUND('',#472,.T.);
#383=FACE_OUTER_BOUND('',#473,.T.);
#384=FACE_OUTER_BOUND('',#474,.T.);
#385=FACE_OUTER_BOUND('',#475,.T.);
#386=FACE_OUTER_BOUND('',#476,.T.);
#387=FACE_OUTER_BOUND('',#477,.T.);
#388=FACE_OUTER_BOUND('',#478,.T.);
#389=FACE_OUTER_BOUND('',#479,.T.);
#390=FACE_OUTER_BOUND('',#480,.T.);
#391=FACE_OUTER_BOUND('',#481,.T.);
#392=FACE_OUTER_BOUND('',#482,.T.);
#393=FACE_OUTER_BOUND('',#483,.T.);
#394=FACE_OUTER_BOUND('',#484,.T.);
#395=FACE_OUTER_BOUND('',#485,.T.);
#396=FACE_OUTER_BOUND('',#486,.T.);
#397=FACE_OUTER_BOUND('',#487,.T.);
#398=FACE_OUTER_BOUND('',#488,.T.);
#399=FACE_OUTER_BOUND('',#489,.T.);
#400=FACE_OUTER_BOUND('',#490,.T.);
#401=FACE_OUTER_BOUND('',#491,.T.);
#402=FACE_OUTER_BOUND('',#492,.T.);
#403=FACE_OUTER_BOUND('',#493,.T.);
#404=FACE_OUTER_BOUND('',#494,.T.);
#405=FACE_OUTER_BOUND('',#495,.T.);
#406=FACE_OUTER_BOUND('',#496,.T.);
#407=FACE_OUTER_BOUND('',#497,.T.);
#408=FACE_OUTER_BOUND('',#498,.T.);
#409=FACE_OUTER_BOUND('',#499,.T.);
#410=FACE_OUTER_BOUND('',#500,.T.);
#411=FACE_OUTER_BOUND('',#501,.T.);
#412=EDGE_LOOP('',(#933,#934,#935,#936));
#413=EDGE_LOOP('',(#937,#938,#939,#940,#941));
#414=EDGE_LOOP('',(#942,#943,#944,#945,#946));
#415=EDGE_LOOP('',(#947,#948,#949,#950));
#416=EDGE_LOOP('',(#951,#952,#953,#954));
#417=EDGE_LOOP('',(#955,#956,#957,#958));
#418=EDGE_LOOP('',(#959,#960,#961,#962,#963,#964,#965));
#419=EDGE_LOOP('',(#966,#967,#968,#969));
#420=EDGE_LOOP('',(#970,#971,#972,#973,#974,#975));
#421=EDGE_LOOP('',(#976,#977,#978,#979));
#422=EDGE_LOOP('',(#980,#981,#982,#983));
#423=EDGE_LOOP('',(#984,#985,#986,#987,#988,#989,#990,#991,#992,#993,#994));
#424=EDGE_LOOP('',(#995,#996,#997,#998,#999));
#425=EDGE_LOOP('',(#1000,#1001,#1002,#1003));
#426=EDGE_LOOP('',(#1004,#1005,#1006,#1007));
#427=EDGE_LOOP('',(#1008,#1009,#1010,#1011));
#428=EDGE_LOOP('',(#1012,#1013,#1014,#1015));
#429=EDGE_LOOP('',(#1016,#1017,#1018,#1019));
#430=EDGE_LOOP('',(#1020,#1021,#1022,#1023));
#431=EDGE_LOOP('',(#1024,#1025,#1026,#1027,#1028,#1029,#1030,#1031,#1032,
#1033,#1034,#1035));
#432=EDGE_LOOP('',(#1036,#1037,#1038,#1039));
#433=EDGE_LOOP('',(#1040,#1041,#1042,#1043));
#434=EDGE_LOOP('',(#1044,#1045,#1046,#1047));
#435=EDGE_LOOP('',(#1048,#1049,#1050,#1051));
#436=EDGE_LOOP('',(#1052,#1053,#1054,#1055));
#437=EDGE_LOOP('',(#1056,#1057,#1058,#1059));
#438=EDGE_LOOP('',(#1060,#1061,#1062,#1063));
#439=EDGE_LOOP('',(#1064,#1065,#1066,#1067));
#440=EDGE_LOOP('',(#1068,#1069,#1070,#1071));
#441=EDGE_LOOP('',(#1072,#1073,#1074,#1075));
#442=EDGE_LOOP('',(#1076,#1077,#1078,#1079));
#443=EDGE_LOOP('',(#1080,#1081,#1082,#1083));
#444=EDGE_LOOP('',(#1084,#1085,#1086,#1087));
#445=EDGE_LOOP('',(#1088,#1089,#1090,#1091));
#446=EDGE_LOOP('',(#1092,#1093,#1094,#1095));
#447=EDGE_LOOP('',(#1096,#1097,#1098,#1099));
#448=EDGE_LOOP('',(#1100,#1101,#1102,#1103));
#449=EDGE_LOOP('',(#1104,#1105,#1106,#1107));
#450=EDGE_LOOP('',(#1108,#1109,#1110,#1111));
#451=EDGE_LOOP('',(#1112,#1113,#1114,#1115));
#452=EDGE_LOOP('',(#1116,#1117,#1118,#1119));
#453=EDGE_LOOP('',(#1120,#1121,#1122,#1123));
#454=EDGE_LOOP('',(#1124,#1125,#1126,#1127));
#455=EDGE_LOOP('',(#1128,#1129,#1130,#1131));
#456=EDGE_LOOP('',(#1132));
#457=EDGE_LOOP('',(#1133,#1134,#1135,#1136,#1137,#1138,#1139,#1140,#1141,
#1142,#1143,#1144));
#458=EDGE_LOOP('',(#1145,#1146,#1147,#1148));
#459=EDGE_LOOP('',(#1149,#1150,#1151,#1152));
#460=EDGE_LOOP('',(#1153));
#461=EDGE_LOOP('',(#1154,#1155,#1156,#1157));
#462=EDGE_LOOP('',(#1158,#1159,#1160,#1161,#1162,#1163,#1164,#1165));
#463=EDGE_LOOP('',(#1166,#1167,#1168,#1169));
#464=EDGE_LOOP('',(#1170,#1171,#1172,#1173));
#465=EDGE_LOOP('',(#1174,#1175,#1176,#1177));
#466=EDGE_LOOP('',(#1178,#1179,#1180,#1181));
#467=EDGE_LOOP('',(#1182,#1183,#1184,#1185));
#468=EDGE_LOOP('',(#1186,#1187,#1188,#1189,#1190,#1191,#1192,#1193,#1194,
#1195,#1196,#1197,#1198,#1199,#1200,#1201,#1202));
#469=EDGE_LOOP('',(#1203,#1204,#1205,#1206));
#470=EDGE_LOOP('',(#1207,#1208,#1209,#1210));
#471=EDGE_LOOP('',(#1211,#1212,#1213,#1214));
#472=EDGE_LOOP('',(#1215,#1216,#1217,#1218));
#473=EDGE_LOOP('',(#1219,#1220,#1221,#1222));
#474=EDGE_LOOP('',(#1223,#1224,#1225,#1226,#1227));
#475=EDGE_LOOP('',(#1228,#1229,#1230,#1231));
#476=EDGE_LOOP('',(#1232,#1233,#1234,#1235));
#477=EDGE_LOOP('',(#1236,#1237,#1238,#1239));
#478=EDGE_LOOP('',(#1240,#1241,#1242,#1243));
#479=EDGE_LOOP('',(#1244,#1245,#1246,#1247,#1248));
#480=EDGE_LOOP('',(#1249,#1250,#1251,#1252));
#481=EDGE_LOOP('',(#1253,#1254,#1255,#1256));
#482=EDGE_LOOP('',(#1257,#1258,#1259,#1260,#1261));
#483=EDGE_LOOP('',(#1262,#1263,#1264,#1265,#1266));
#484=EDGE_LOOP('',(#1267,#1268,#1269,#1270));
#485=EDGE_LOOP('',(#1271,#1272,#1273,#1274));
#486=EDGE_LOOP('',(#1275,#1276,#1277,#1278));
#487=EDGE_LOOP('',(#1279,#1280,#1281,#1282));
#488=EDGE_LOOP('',(#1283,#1284,#1285,#1286));
#489=EDGE_LOOP('',(#1287,#1288,#1289,#1290,#1291,#1292,#1293));
#490=EDGE_LOOP('',(#1294,#1295,#1296,#1297));
#491=EDGE_LOOP('',(#1298,#1299,#1300,#1301,#1302,#1303));
#492=EDGE_LOOP('',(#1304,#1305,#1306,#1307,#1308));
#493=EDGE_LOOP('',(#1309,#1310,#1311,#1312,#1313,#1314,#1315));
#494=EDGE_LOOP('',(#1316,#1317,#1318,#1319));
#495=EDGE_LOOP('',(#1320,#1321,#1322,#1323));
#496=EDGE_LOOP('',(#1324,#1325,#1326,#1327));
#497=EDGE_LOOP('',(#1328,#1329,#1330,#1331,#1332,#1333,#1334,#1335,#1336,
#1337,#1338));
#498=EDGE_LOOP('',(#1339,#1340,#1341));
#499=EDGE_LOOP('',(#1342));
#500=EDGE_LOOP('',(#1343));
#501=EDGE_LOOP('',(#1344,#1345,#1346));
#502=CIRCLE('',#1459,0.437439949849793);
#503=CIRCLE('',#1461,44.4510804341605);
#504=CIRCLE('',#1462,44.015119606419);
#505=CIRCLE('',#1464,44.015119606419);
#506=CIRCLE('',#1465,0.4374399498498);
#507=CIRCLE('',#1466,44.4510804341606);
#508=CIRCLE('',#1468,0.798825017499796);
#509=CIRCLE('',#1470,3.23941909200896);
#510=CIRCLE('',#1472,0.798825017499796);
#511=CIRCLE('',#1474,44.447867550481);
#512=CIRCLE('',#1476,3.23941909200898);
#513=CIRCLE('',#1479,44.447867550481);
#514=CIRCLE('',#1482,43.716648702461);
#515=CIRCLE('',#1483,43.716648702461);
#516=CIRCLE('',#1485,43.716648702461);
#517=CIRCLE('',#1489,43.7929271);
#518=CIRCLE('',#1491,43.7929271);
#519=CIRCLE('',#1493,43.894379344);
#520=CIRCLE('',#1520,2.8);
#521=CIRCLE('',#1522,2.8);
#522=CIRCLE('',#1525,43.894379344);
#523=CIRCLE('',#1536,43.177276563);
#524=CIRCLE('',#1537,43.27730257);
#525=CIRCLE('',#1538,43.832980308);
#526=CIRCLE('',#1539,43.177276563);
#527=CIRCLE('',#1540,43.27730257);
#528=CIRCLE('',#1547,0.625);
#529=CIRCLE('',#1548,0.625);
#530=CIRCLE('',#1549,0.625);
#531=CIRCLE('',#1550,0.625);
#532=CIRCLE('',#1552,0.625);
#533=CIRCLE('',#1554,0.625);
#534=CIRCLE('',#1555,0.625);
#535=CIRCLE('',#1556,0.625);
#536=CIRCLE('',#1558,0.437439949849793);
#537=CIRCLE('',#1560,44.015119606419);
#538=CIRCLE('',#1561,44.4510804341605);
#539=CIRCLE('',#1563,44.4510804341606);
#540=CIRCLE('',#1564,0.4374399498498);
#541=CIRCLE('',#1565,44.015119606419);
#542=CIRCLE('',#1569,0.798825017499796);
#543=CIRCLE('',#1571,3.23941909200896);
#544=CIRCLE('',#1573,0.798825017499796);
#545=CIRCLE('',#1575,44.447867550481);
#546=CIRCLE('',#1577,3.23941909200898);
#547=CIRCLE('',#1579,43.716648702461);
#548=CIRCLE('',#1580,43.716648702461);
#549=CIRCLE('',#1582,43.832980308);
#550=CIRCLE('',#1583,43.716648702461);
#551=CIRCLE('',#1587,44.447867550481);
#552=CIRCLE('',#1590,2.75607679728201);
#553=CIRCLE('',#1591,44.6018934696991);
#554=CIRCLE('',#1594,2.75607679728201);
#555=CIRCLE('',#1596,44.6018934696991);
#556=B_SPLINE_CURVE_WITH_KNOTS('',3,(#2042,#2043,#2044,#2045,#2046,#2047,
#2048,#2049,#2050,#2051,#2052,#2053,#2054,#2055,#2056,#2057,#2058,#2059,
#2060,#2061,#2062,#2063,#2064,#2065,#2066),.UNSPECIFIED.,.F.,.F.,(4,3,3,
3,3,3,3,3,4),(0.954826840400109,1.00173868583585,1.04129205109969,1.19950551215503,
1.35771897321038,1.51593243426573,1.67414589532107,1.83235935637642,1.99057281743175),
 .UNSPECIFIED.);
#557=B_SPLINE_CURVE_WITH_KNOTS('',3,(#2068,#2069,#2070,#2071,#2072,#2073,
#2074,#2075,#2076,#2077,#2078,#2079,#2080,#2081),.UNSPECIFIED.,.F.,.F.,
(4,2,2,2,2,2,4),(-0.0895694695023804,-0.089185321932059,-0.0587441627267732,
-0.0322840100566984,-0.0171854384618864,-0.00784588580080448,0.),
 .UNSPECIFIED.);
#558=B_SPLINE_CURVE_WITH_KNOTS('',3,(#2083,#2084,#2085,#2086,#2087,#2088,
#2089,#2090,#2091,#2092,#2093,#2094,#2095,#2096,#2097,#2098,#2099,#2100,
#2101,#2102,#2103,#2104,#2105,#2106,#2107,#2108,#2109,#2110,#2111,#2112,
#2113,#2114,#2115,#2116,#2117,#2118,#2119,#2120,#2121,#2122,#2123,#2124,
#2125,#2126,#2127,#2128,#2129,#2130,#2131,#2132,#2133,#2134,#2135,#2136,
#2137,#2138,#2139,#2140,#2141,#2142,#2143,#2144,#2145,#2146,#2147,#2148,
#2149,#2150,#2151,#2152,#2153,#2154,#2155,#2156,#2157,#2158,#2159,#2160,
#2161),.UNSPECIFIED.,.F.,.F.,(4,3,3,3,3,3,3,3,3,3,3,3,3,3,3,3,3,3,3,3,3,
3,3,3,3,3,4),(-1.99057281743175,-1.91319372286571,-1.86469436514008,-1.83235854861187,
-1.75009639244796,-1.73929870830161,-1.6858549982898,-1.67416060694967,
-1.62073883949187,-1.61416255856316,-1.52787958064858,-1.51596669384676,
-1.48985585400599,-1.42961863499676,-1.36938141598753,-1.35775623322996,
-1.2736477430055,-1.25033493623882,-1.1995283007173,-1.14385934411253,-1.13016902476445,
-1.05207509226427,-1.0412993957326,-1.00744235311119,-1.00174072000152,
-0.913005644806307,-0.883254369194538),.UNSPECIFIED.);
#559=B_SPLINE_CURVE_WITH_KNOTS('',3,(#2166,#2167,#2168,#2169,#2170,#2171,
#2172),.UNSPECIFIED.,.F.,.F.,(4,3,4),(0.527134757032851,0.536983511441901,
0.563737495068592),.UNSPECIFIED.);
#560=B_SPLINE_CURVE_WITH_KNOTS('',3,(#2176,#2177,#2178,#2179,#2180,#2181,
#2182,#2183,#2184,#2185,#2186,#2187),.UNSPECIFIED.,.F.,.F.,(4,2,2,2,2,4),
(0.0241523896129197,0.0349504837159022,0.0594371393243113,0.0783921070020705,
0.094367591250926,0.0963560347247461),.UNSPECIFIED.);
#561=B_SPLINE_CURVE_WITH_KNOTS('',3,(#2190,#2191,#2192,#2193,#2194,#2195,
#2196,#2197),.UNSPECIFIED.,.F.,.F.,(4,2,2,4),(0.433708415663822,0.439973193893533,
0.465666724935963,0.470560631353102),.UNSPECIFIED.);
#562=B_SPLINE_CURVE_WITH_KNOTS('',3,(#2258,#2259,#2260,#2261,#2262,#2263,
#2264,#2265,#2266,#2267,#2268,#2269,#2270,#2271,#2272,#2273,#2274,#2275,
#2276,#2277,#2278,#2279,#2280,#2281,#2282,#2283,#2284,#2285,#2286,#2287,
#2288,#2289,#2290,#2291,#2292,#2293,#2294,#2295,#2296,#2297,#2298,#2299,
#2300,#2301,#2302,#2303,#2304,#2305,#2306,#2307,#2308,#2309,#2310,#2311,
#2312,#2313,#2314,#2315,#2316,#2317,#2318,#2319,#2320,#2321,#2322,#2323,
#2324,#2325,#2326,#2327,#2328,#2329,#2330,#2331,#2332,#2333,#2334,#2335,
#2336),.UNSPECIFIED.,.F.,.F.,(4,3,3,3,3,3,3,3,3,3,3,3,3,3,3,3,3,3,3,3,3,
3,3,3,3,3,4),(-3.0978912665722,-3.01598647753186,-2.97370136884146,-2.93985219777801,
-2.86693731006438,-2.85097493584136,-2.79671803609197,-2.78165551880564,
-2.73080973792369,-2.64684008011942,-2.62345813572364,-2.61176423205043,
-2.55152735467067,-2.49129047729091,-2.46524906249567,-2.38750749395195,
-2.36698342782807,-2.31173264011606,-2.30702504139309,-2.25173137609725,
-2.24184731450802,-2.15557213476197,-2.1487938731652,-2.11645171719912,
-2.10923506138164,-2.01656027553023,-1.99057281800317),.UNSPECIFIED.);
#563=B_SPLINE_CURVE_WITH_KNOTS('',3,(#2337,#2338,#2339,#2340,#2341,#2342,
#2343,#2344,#2345,#2346,#2347),.UNSPECIFIED.,.F.,.F.,(4,1,1,1,1,1,1,1,4),
(1.99057281800317,2.10923291383039,2.14878627910613,2.30699974020908,2.46521320131204,
2.62342666241499,2.78164012351795,2.9398535846209,3.02631879526384),
 .UNSPECIFIED.);
#564=B_SPLINE_CURVE_WITH_KNOTS('',3,(#2355,#2356,#2357,#2358,#2359,#2360,
#2361,#2362,#2363,#2364,#2365),.UNSPECIFIED.,.F.,.F.,(4,2,3,2,4),(-0.0494214227450118,
-0.0300812734364334,0.,0.0300812734364331,0.049421419453211),
 .UNSPECIFIED.);
#565=B_SPLINE_CURVE_WITH_KNOTS('',3,(#2369,#2370,#2371,#2372,#2373,#2374,
#2375,#2376,#2377,#2378,#2379,#2380,#2381,#2382,#2383,#2384,#2385,#2386),
 .UNSPECIFIED.,.F.,.F.,(4,2,2,2,2,2,2,2,4),(0.867041595957183,0.977259328987808,
1.09942845839634,1.22159758780488,1.34361267464684,1.4656277614888,1.58777638992111,
1.70992501835343,1.8127618175489),.UNSPECIFIED.);
#566=B_SPLINE_CURVE_WITH_KNOTS('',3,(#2392,#2393,#2394,#2395),
 .UNSPECIFIED.,.F.,.F.,(4,4),(0.424958156454669,0.448924858475246),
 .UNSPECIFIED.);
#567=B_SPLINE_CURVE_WITH_KNOTS('',3,(#2402,#2403,#2404,#2405),
 .UNSPECIFIED.,.F.,.F.,(4,4),(0.515898620430459,0.539865322451036),
 .UNSPECIFIED.);
#568=B_SPLINE_CURVE_WITH_KNOTS('',3,(#2416,#2417,#2418,#2419,#2420,#2421,
#2422,#2423,#2424,#2425,#2426,#2427,#2428,#2429,#2430,#2431,#2432,#2433),
 .UNSPECIFIED.,.F.,.F.,(4,2,2,2,2,2,2,2,4),(1.01021480589556,1.09958039736182,
1.22190270416534,1.34394538446304,1.46598806476074,1.58798177250342,1.70997548024611,
1.83225006553908,1.95452465083205),.UNSPECIFIED.);
#569=B_SPLINE_CURVE_WITH_KNOTS('',3,(#2452,#2453,#2454,#2455,#2456,#2457,
#2458,#2459,#2460,#2461,#2462,#2463,#2464,#2465,#2466,#2467,#2468,#2469,
#2470,#2471),.UNSPECIFIED.,.F.,.F.,(4,2,2,2,2,2,2,2,2,4),(-0.915591830336187,
-0.822791745591057,-0.719933312890111,-0.617074880189164,-0.514350419021069,
-0.411625957852975,-0.308785382095251,-0.205944806337527,-0.102972403168764,
0.),.UNSPECIFIED.);
#570=B_SPLINE_CURVE_WITH_KNOTS('',3,(#2473,#2474,#2475,#2476,#2477,#2478,
#2479,#2480,#2481,#2482,#2483,#2484,#2485,#2486,#2487,#2488,#2489,#2490,
#2491,#2492),.UNSPECIFIED.,.F.,.F.,(4,2,2,2,2,2,2,2,2,4),(-0.915591451876779,
-0.822792653903122,-0.719800816442714,-0.616808978982305,-0.514060560812826,
-0.411312142643347,-0.308606288883968,-0.205900435124588,-0.102950217562294,
0.),.UNSPECIFIED.);
#571=B_SPLINE_CURVE_WITH_KNOTS('',3,(#2690,#2691,#2692,#2693,#2694,#2695,
#2696,#2697,#2698,#2699,#2700,#2701,#2702),.UNSPECIFIED.,.F.,.F.,(4,3,3,
3,4),(0.000461529930283696,0.000576558792251068,0.00069187,0.000807182062765664,
0.000922494),.UNSPECIFIED.);
#572=B_SPLINE_CURVE_WITH_KNOTS('',3,(#2706,#2707,#2708,#2709,#2710,#2711,
#2712,#2713,#2714,#2715,#2716,#2717,#2718,#2719,#2720,#2721,#2722,#2723,
#2724,#2725,#2726,#2727,#2728,#2729,#2730),.UNSPECIFIED.,.F.,.F.,(4,3,3,
3,3,3,3,3,4),(0.,0.000115311479827266,0.000230623,0.000345934707983126,
0.000461246833333324,0.000576558459226673,0.00069187,0.000807181728688383,
0.000922494),.UNSPECIFIED.);
#573=B_SPLINE_CURVE_WITH_KNOTS('',3,(#2734,#2735,#2736,#2737,#2738,#2739,
#2740,#2741,#2742,#2743,#2744,#2745,#2746,#2747,#2748,#2749),
 .UNSPECIFIED.,.F.,.F.,(4,3,3,3,3,4),(0.,0.000115311812956737,0.000230623,
0.000345935040761602,0.000461246833333332,0.000461529931727168),
 .UNSPECIFIED.);
#574=B_SPLINE_CURVE_WITH_KNOTS('',3,(#2752,#2753,#2754,#2755,#2756,#2757,
#2758,#2759,#2760,#2761,#2762,#2763,#2764),.UNSPECIFIED.,.F.,.F.,(4,3,3,
3,4),(0.000461529931727168,0.000576558792251033,0.00069187,0.00080718206276567,
0.000922494),.UNSPECIFIED.);
#575=B_SPLINE_CURVE_WITH_KNOTS('',3,(#2768,#2769,#2770,#2771,#2772,#2773,
#2774,#2775,#2776,#2777,#2778,#2779,#2780,#2781,#2782,#2783,#2784,#2785,
#2786,#2787,#2788,#2789,#2790,#2791,#2792),.UNSPECIFIED.,.F.,.F.,(4,3,3,
3,3,3,3,3,4),(0.,0.000115309208042481,0.000230619,0.000345928165033469,
0.000461238,0.000576547146232643,0.000691857,0.000807165938018322,0.000922475),
 .UNSPECIFIED.);
#576=B_SPLINE_CURVE_WITH_KNOTS('',3,(#2797,#2798,#2799,#2800,#2801,#2802,
#2803,#2804,#2805,#2806,#2807,#2808,#2809,#2810,#2811,#2812,#2813,#2814,
#2815,#2816,#2817,#2818,#2819,#2820,#2821),.UNSPECIFIED.,.F.,.F.,(4,3,3,
3,3,3,3,3,4),(0.,0.000115309526200043,0.00023061872217815,0.000345928,0.000461237666666667,
0.000576547,0.000691856666666665,0.000807166,0.000922475),.UNSPECIFIED.);
#577=B_SPLINE_CURVE_WITH_KNOTS('',3,(#2823,#2824,#2825,#2826,#2827,#2828,
#2829,#2830,#2831,#2832,#2833,#2834,#2835,#2836,#2837,#2838,#2839,#2840,
#2841,#2842,#2843,#2844,#2845,#2846,#2847),.UNSPECIFIED.,.F.,.F.,(4,3,3,
3,3,3,3,3,4),(0.,0.000115312,0.000230623,0.000345935,0.000461247,0.000576559,
0.00069187,0.000807182068910707,0.000922494),.UNSPECIFIED.);
#578=B_SPLINE_CURVE_WITH_KNOTS('',3,(#2849,#2850,#2851,#2852,#2853,#2854,
#2855,#2856,#2857,#2858,#2859,#2860,#2861,#2862,#2863,#2864,#2865,#2866,
#2867,#2868,#2869,#2870,#2871,#2872,#2873),.UNSPECIFIED.,.F.,.F.,(4,3,3,
3,3,3,3,3,4),(0.,0.00011531147293226,0.000230623,0.000345934833332612,0.000461247,
0.000576558833333332,0.00069187,0.000807181833332611,0.000922494),
 .UNSPECIFIED.);
#579=B_SPLINE_CURVE_WITH_KNOTS('',3,(#2875,#2876,#2877,#2878,#2879,#2880,
#2881,#2882,#2883,#2884,#2885,#2886,#2887,#2888,#2889,#2890,#2891,#2892,
#2893,#2894,#2895,#2896,#2897,#2898,#2899),.UNSPECIFIED.,.F.,.F.,(4,3,3,
3,3,3,3,3,4),(0.,0.00011531147293226,0.000230623,0.000345934833332609,0.000461247,
0.000576558833333332,0.00069187,0.000807181833332613,0.000922494),
 .UNSPECIFIED.);
#580=B_SPLINE_CURVE_WITH_KNOTS('',3,(#3689,#3690,#3691,#3692,#3693,#3694,
#3695,#3696,#3697,#3698,#3699,#3700,#3701,#3702,#3703,#3704,#3705,#3706,
#3707,#3708,#3709,#3710,#3711,#3712,#3713),.UNSPECIFIED.,.F.,.F.,(4,3,3,
3,3,3,3,3,4),(0.954826840400109,1.00173868583585,1.04129205109969,1.19950551215503,
1.35771897321038,1.51593243426573,1.67414589532107,1.83235935637642,1.99057281743175),
 .UNSPECIFIED.);
#581=B_SPLINE_CURVE_WITH_KNOTS('',3,(#3717,#3718,#3719,#3720,#3721,#3722,
#3723,#3724,#3725,#3726,#3727,#3728,#3729,#3730,#3731,#3732,#3733,#3734,
#3735,#3736,#3737,#3738,#3739,#3740,#3741,#3742,#3743,#3744,#3745,#3746,
#3747,#3748,#3749,#3750,#3751,#3752,#3753,#3754,#3755,#3756,#3757,#3758,
#3759,#3760,#3761,#3762,#3763,#3764,#3765,#3766,#3767,#3768,#3769,#3770,
#3771,#3772,#3773,#3774,#3775,#3776,#3777,#3778,#3779,#3780,#3781,#3782,
#3783,#3784,#3785,#3786,#3787,#3788,#3789,#3790,#3791,#3792,#3793,#3794,
#3795),.UNSPECIFIED.,.F.,.F.,(4,3,3,3,3,3,3,3,3,3,3,3,3,3,3,3,3,3,3,3,3,
3,3,3,3,3,4),(-1.99057281743175,-1.91319372286571,-1.86469436514008,-1.83235854861187,
-1.75009639244796,-1.73929870830161,-1.6858549982898,-1.67416060694967,
-1.62073883949187,-1.61416255856316,-1.52787958064858,-1.51596669384676,
-1.48985585400599,-1.42961863499676,-1.36938141598753,-1.35775623322996,
-1.2736477430055,-1.25033493623882,-1.1995283007173,-1.14385934411253,-1.13016902476445,
-1.05207509226427,-1.0412993957326,-1.00744235311119,-1.00174072000152,
-0.913005644806307,-0.883254369194538),.UNSPECIFIED.);
#582=B_SPLINE_CURVE_WITH_KNOTS('',3,(#3796,#3797,#3798,#3799,#3800,#3801,
#3802,#3803,#3804,#3805,#3806,#3807,#3808,#3809),.UNSPECIFIED.,.F.,.F.,
(4,2,2,2,2,2,4),(-0.0895694695023804,-0.089185321932059,-0.0587441627267732,
-0.0322840100566984,-0.0171854384618864,-0.00784588580080448,0.),
 .UNSPECIFIED.);
#583=B_SPLINE_CURVE_WITH_KNOTS('',3,(#3813,#3814,#3815,#3816,#3817,#3818,
#3819),.UNSPECIFIED.,.F.,.F.,(4,3,4),(0.527134757032851,0.536983511441901,
0.563737495068592),.UNSPECIFIED.);
#584=B_SPLINE_CURVE_WITH_KNOTS('',3,(#3821,#3822,#3823,#3824,#3825,#3826,
#3827,#3828,#3829,#3830,#3831,#3832),.UNSPECIFIED.,.F.,.F.,(4,2,2,2,2,4),
(0.0241523896129197,0.0349504837159022,0.0594371393243113,0.0783921070020705,
0.094367591250926,0.0963560347247461),.UNSPECIFIED.);
#585=B_SPLINE_CURVE_WITH_KNOTS('',3,(#3837,#3838,#3839,#3840,#3841,#3842,
#3843,#3844),.UNSPECIFIED.,.F.,.F.,(4,2,2,4),(0.433708415663822,0.439973193893533,
0.465666724935963,0.470560631353102),.UNSPECIFIED.);
#586=B_SPLINE_CURVE_WITH_KNOTS('',3,(#3905,#3906,#3907,#3908,#3909,#3910,
#3911,#3912,#3913,#3914,#3915,#3916,#3917,#3918,#3919,#3920,#3921,#3922,
#3923,#3924,#3925,#3926,#3927,#3928,#3929,#3930,#3931,#3932,#3933,#3934,
#3935,#3936,#3937,#3938,#3939,#3940,#3941,#3942,#3943,#3944,#3945,#3946,
#3947,#3948,#3949,#3950,#3951,#3952,#3953,#3954,#3955,#3956,#3957,#3958,
#3959,#3960,#3961,#3962,#3963,#3964,#3965,#3966,#3967,#3968,#3969,#3970,
#3971,#3972,#3973,#3974,#3975,#3976,#3977,#3978,#3979,#3980,#3981,#3982,
#3983),.UNSPECIFIED.,.F.,.F.,(4,3,3,3,3,3,3,3,3,3,3,3,3,3,3,3,3,3,3,3,3,
3,3,3,3,3,4),(-3.0978912665722,-3.01598647753186,-2.97370136884146,-2.93985219777801,
-2.86693731006438,-2.85097493584136,-2.79671803609197,-2.78165551880564,
-2.73080973792369,-2.64684008011942,-2.62345813572364,-2.61176423205043,
-2.55152735467067,-2.49129047729091,-2.46524906249567,-2.38750749395195,
-2.36698342782807,-2.31173264011606,-2.30702504139309,-2.25173137609725,
-2.24184731450802,-2.15557213476197,-2.1487938731652,-2.11645171719912,
-2.10923506138164,-2.01656027553023,-1.99057281800317),.UNSPECIFIED.);
#587=B_SPLINE_CURVE_WITH_KNOTS('',3,(#3984,#3985,#3986,#3987,#3988,#3989,
#3990,#3991,#3992,#3993,#3994),.UNSPECIFIED.,.F.,.F.,(4,1,1,1,1,1,1,1,4),
(1.99057281800317,2.10923291383039,2.14878627910613,2.30699974020908,2.46521320131204,
2.62342666241499,2.78164012351795,2.9398535846209,3.02631879526384),
 .UNSPECIFIED.);
#588=B_SPLINE_CURVE_WITH_KNOTS('',3,(#3999,#4000,#4001,#4002,#4003,#4004,
#4005,#4006,#4007,#4008,#4009,#4010,#4011,#4012,#4013,#4014,#4015,#4016,
#4017,#4018),.UNSPECIFIED.,.F.,.F.,(4,2,2,2,2,2,2,2,2,4),(0.,0.102950217562294,
0.205900435124588,0.308606288883968,0.411312142643347,0.514060560812826,
0.616808978982305,0.719800816442714,0.822792653903122,0.915591451886672),
 .UNSPECIFIED.);
#589=B_SPLINE_CURVE_WITH_KNOTS('',3,(#4023,#4024,#4025,#4026,#4027,#4028,
#4029,#4030,#4031,#4032,#4033,#4034,#4035,#4036,#4037,#4038,#4039,#4040,
#4041,#4042),.UNSPECIFIED.,.F.,.F.,(4,2,2,2,2,2,2,2,2,4),(0.,0.102972403168763,
0.205944806337527,0.308785382095251,0.411625957852975,0.51435041902107,
0.617074880189165,0.719933312890111,0.822791745591058,0.915591830347768),
 .UNSPECIFIED.);
#590=B_SPLINE_CURVE_WITH_KNOTS('',3,(#4050,#4051,#4052,#4053,#4054,#4055,
#4056,#4057,#4058,#4059,#4060),.UNSPECIFIED.,.F.,.F.,(4,2,3,2,4),(-0.0494214227450118,
-0.0300812734364334,0.,0.0300812734364331,0.049421419453211),
 .UNSPECIFIED.);
#591=B_SPLINE_CURVE_WITH_KNOTS('',3,(#4067,#4068,#4069,#4070,#4071,#4072,
#4073,#4074,#4075,#4076,#4077,#4078,#4079,#4080,#4081,#4082,#4083,#4084),
 .UNSPECIFIED.,.F.,.F.,(4,2,2,2,2,2,2,2,4),(0.867041595957183,0.977259328987808,
1.09942845839634,1.22159758780488,1.34361267464684,1.4656277614888,1.58777638992111,
1.70992501835343,1.8127618175489),.UNSPECIFIED.);
#592=B_SPLINE_CURVE_WITH_KNOTS('',3,(#4087,#4088,#4089,#4090),
 .UNSPECIFIED.,.F.,.F.,(4,4),(0.424958156454669,0.448924858475246),
 .UNSPECIFIED.);
#593=B_SPLINE_CURVE_WITH_KNOTS('',3,(#4092,#4093,#4094,#4095),
 .UNSPECIFIED.,.F.,.F.,(4,4),(0.515898620430459,0.539865322451036),
 .UNSPECIFIED.);
#594=B_SPLINE_CURVE_WITH_KNOTS('',3,(#4122,#4123,#4124,#4125,#4126,#4127,
#4128,#4129,#4130,#4131,#4132,#4133,#4134,#4135,#4136,#4137,#4138,#4139),
 .UNSPECIFIED.,.F.,.F.,(4,2,2,2,2,2,2,2,4),(1.01021480589556,1.09958039736182,
1.22190270416534,1.34394538446304,1.46598806476074,1.58798177250342,1.70997548024611,
1.83225006553908,1.95452465083205),.UNSPECIFIED.);
#595=VERTEX_POINT('',#2040);
#596=VERTEX_POINT('',#2041);
#597=VERTEX_POINT('',#2067);
#598=VERTEX_POINT('',#2082);
#599=VERTEX_POINT('',#2164);
#600=VERTEX_POINT('',#2165);
#601=VERTEX_POINT('',#2174);
#602=VERTEX_POINT('',#2189);
#603=VERTEX_POINT('',#2198);
#604=VERTEX_POINT('',#2200);
#605=VERTEX_POINT('',#2349);
#606=VERTEX_POINT('',#2350);
#607=VERTEX_POINT('',#2352);
#608=VERTEX_POINT('',#2354);
#609=VERTEX_POINT('',#2368);
#610=VERTEX_POINT('',#2387);
#611=VERTEX_POINT('',#2391);
#612=VERTEX_POINT('',#2396);
#613=VERTEX_POINT('',#2398);
#614=VERTEX_POINT('',#2400);
#615=VERTEX_POINT('',#2407);
#616=VERTEX_POINT('',#2409);
#617=VERTEX_POINT('',#2438);
#618=VERTEX_POINT('',#2440);
#619=VERTEX_POINT('',#2442);
#620=VERTEX_POINT('',#2446);
#621=VERTEX_POINT('',#2450);
#622=VERTEX_POINT('',#2494);
#623=VERTEX_POINT('',#2495);
#624=VERTEX_POINT('',#2497);
#625=VERTEX_POINT('',#2499);
#626=VERTEX_POINT('',#2503);
#627=VERTEX_POINT('',#2504);
#628=VERTEX_POINT('',#2506);
#629=VERTEX_POINT('',#2508);
#630=VERTEX_POINT('',#2512);
#631=VERTEX_POINT('',#2513);
#632=VERTEX_POINT('',#2515);
#633=VERTEX_POINT('',#2517);
#634=VERTEX_POINT('',#2521);
#635=VERTEX_POINT('',#2522);
#636=VERTEX_POINT('',#2524);
#637=VERTEX_POINT('',#2526);
#638=VERTEX_POINT('',#2528);
#639=VERTEX_POINT('',#2530);
#640=VERTEX_POINT('',#2532);
#641=VERTEX_POINT('',#2534);
#642=VERTEX_POINT('',#2536);
#643=VERTEX_POINT('',#2538);
#644=VERTEX_POINT('',#2540);
#645=VERTEX_POINT('',#2542);
#646=VERTEX_POINT('',#2546);
#647=VERTEX_POINT('',#2548);
#648=VERTEX_POINT('',#2552);
#649=VERTEX_POINT('',#2556);
#650=VERTEX_POINT('',#2560);
#651=VERTEX_POINT('',#2564);
#652=VERTEX_POINT('',#2568);
#653=VERTEX_POINT('',#2572);
#654=VERTEX_POINT('',#2576);
#655=VERTEX_POINT('',#2580);
#656=VERTEX_POINT('',#2584);
#657=VERTEX_POINT('',#2588);
#658=VERTEX_POINT('',#2594);
#659=VERTEX_POINT('',#2596);
#660=VERTEX_POINT('',#2600);
#661=VERTEX_POINT('',#2604);
#662=VERTEX_POINT('',#2608);
#663=VERTEX_POINT('',#2612);
#664=VERTEX_POINT('',#2616);
#665=VERTEX_POINT('',#2620);
#666=VERTEX_POINT('',#2624);
#667=VERTEX_POINT('',#2628);
#668=VERTEX_POINT('',#2632);
#669=VERTEX_POINT('',#2636);
#670=VERTEX_POINT('',#2642);
#671=VERTEX_POINT('',#2645);
#672=VERTEX_POINT('',#2649);
#673=VERTEX_POINT('',#2650);
#674=VERTEX_POINT('',#2652);
#675=VERTEX_POINT('',#2654);
#676=VERTEX_POINT('',#2658);
#677=VERTEX_POINT('',#2659);
#678=VERTEX_POINT('',#2661);
#679=VERTEX_POINT('',#2663);
#680=VERTEX_POINT('',#2671);
#681=VERTEX_POINT('',#2672);
#682=VERTEX_POINT('',#2674);
#683=VERTEX_POINT('',#2676);
#684=VERTEX_POINT('',#2688);
#685=VERTEX_POINT('',#2689);
#686=VERTEX_POINT('',#2703);
#687=VERTEX_POINT('',#2705);
#688=VERTEX_POINT('',#2731);
#689=VERTEX_POINT('',#2733);
#690=VERTEX_POINT('',#2751);
#691=VERTEX_POINT('',#2765);
#692=VERTEX_POINT('',#2767);
#693=VERTEX_POINT('',#2793);
#694=VERTEX_POINT('',#3687);
#695=VERTEX_POINT('',#3688);
#696=VERTEX_POINT('',#3714);
#697=VERTEX_POINT('',#3716);
#698=VERTEX_POINT('',#3811);
#699=VERTEX_POINT('',#3812);
#700=VERTEX_POINT('',#3820);
#701=VERTEX_POINT('',#3836);
#702=VERTEX_POINT('',#3845);
#703=VERTEX_POINT('',#3847);
#704=VERTEX_POINT('',#3996);
#705=VERTEX_POINT('',#3998);
#706=VERTEX_POINT('',#4021);
#707=VERTEX_POINT('',#4044);
#708=VERTEX_POINT('',#4045);
#709=VERTEX_POINT('',#4047);
#710=VERTEX_POINT('',#4049);
#711=VERTEX_POINT('',#4063);
#712=VERTEX_POINT('',#4065);
#713=VERTEX_POINT('',#4086);
#714=VERTEX_POINT('',#4091);
#715=VERTEX_POINT('',#4096);
#716=VERTEX_POINT('',#4098);
#717=VERTEX_POINT('',#4102);
#718=VERTEX_POINT('',#4104);
#719=VERTEX_POINT('',#4111);
#720=VERTEX_POINT('',#4113);
#721=VERTEX_POINT('',#4117);
#722=VERTEX_POINT('',#4144);
#723=VERTEX_POINT('',#4146);
#724=VERTEX_POINT('',#4150);
#725=VERTEX_POINT('',#4153);
#726=EDGE_CURVE('',#595,#596,#556,.T.);
#727=EDGE_CURVE('',#595,#597,#557,.T.);
#728=EDGE_CURVE('',#598,#597,#558,.T.);
#729=EDGE_CURVE('',#596,#598,#502,.T.);
#730=EDGE_CURVE('',#599,#600,#559,.F.);
#731=EDGE_CURVE('',#596,#600,#503,.T.);
#732=EDGE_CURVE('',#601,#598,#504,.T.);
#733=EDGE_CURVE('',#599,#601,#560,.T.);
#734=EDGE_CURVE('',#602,#599,#561,.F.);
#735=EDGE_CURVE('',#603,#601,#505,.T.);
#736=EDGE_CURVE('',#604,#603,#506,.T.);
#737=EDGE_CURVE('',#602,#604,#507,.T.);
#738=EDGE_CURVE('',#597,#603,#562,.T.);
#739=EDGE_CURVE('',#604,#595,#563,.T.);
#740=EDGE_CURVE('',#605,#606,#508,.T.);
#741=EDGE_CURVE('',#607,#605,#82,.T.);
#742=EDGE_CURVE('',#608,#607,#564,.T.);
#743=EDGE_CURVE('',#606,#608,#83,.T.);
#744=EDGE_CURVE('',#608,#609,#565,.F.);
#745=EDGE_CURVE('',#610,#609,#84,.T.);
#746=EDGE_CURVE('',#610,#606,#509,.F.);
#747=EDGE_CURVE('',#611,#602,#566,.T.);
#748=EDGE_CURVE('',#612,#611,#85,.T.);
#749=EDGE_CURVE('',#613,#612,#510,.T.);
#750=EDGE_CURVE('',#614,#613,#86,.T.);
#751=EDGE_CURVE('',#600,#614,#567,.T.);
#752=EDGE_CURVE('',#611,#615,#511,.F.);
#753=EDGE_CURVE('',#616,#615,#87,.T.);
#754=EDGE_CURVE('',#616,#612,#88,.F.);
#755=EDGE_CURVE('',#605,#616,#512,.F.);
#756=EDGE_CURVE('',#613,#610,#89,.F.);
#757=EDGE_CURVE('',#615,#607,#568,.F.);
#758=EDGE_CURVE('',#609,#614,#513,.F.);
#759=EDGE_CURVE('',#601,#617,#90,.T.);
#760=EDGE_CURVE('',#618,#617,#514,.T.);
#761=EDGE_CURVE('',#619,#618,#515,.T.);
#762=EDGE_CURVE('',#603,#619,#91,.T.);
#763=EDGE_CURVE('',#598,#620,#92,.T.);
#764=EDGE_CURVE('',#617,#620,#516,.T.);
#765=EDGE_CURVE('',#597,#621,#93,.T.);
#766=EDGE_CURVE('',#620,#621,#569,.T.);
#767=EDGE_CURVE('',#621,#619,#570,.T.);
#768=EDGE_CURVE('',#622,#623,#94,.T.);
#769=EDGE_CURVE('',#623,#624,#517,.T.);
#770=EDGE_CURVE('',#624,#625,#95,.T.);
#771=EDGE_CURVE('',#625,#622,#96,.T.);
#772=EDGE_CURVE('',#626,#627,#97,.T.);
#773=EDGE_CURVE('',#627,#628,#518,.T.);
#774=EDGE_CURVE('',#628,#629,#98,.T.);
#775=EDGE_CURVE('',#629,#626,#99,.T.);
#776=EDGE_CURVE('',#630,#631,#100,.T.);
#777=EDGE_CURVE('',#631,#632,#519,.T.);
#778=EDGE_CURVE('',#632,#633,#101,.T.);
#779=EDGE_CURVE('',#633,#630,#102,.T.);
#780=EDGE_CURVE('',#634,#635,#103,.T.);
#781=EDGE_CURVE('',#635,#636,#104,.T.);
#782=EDGE_CURVE('',#636,#637,#105,.T.);
#783=EDGE_CURVE('',#637,#638,#106,.T.);
#784=EDGE_CURVE('',#638,#639,#107,.T.);
#785=EDGE_CURVE('',#639,#640,#108,.T.);
#786=EDGE_CURVE('',#640,#641,#109,.T.);
#787=EDGE_CURVE('',#641,#642,#110,.T.);
#788=EDGE_CURVE('',#642,#643,#111,.T.);
#789=EDGE_CURVE('',#643,#644,#112,.T.);
#790=EDGE_CURVE('',#644,#645,#113,.T.);
#791=EDGE_CURVE('',#645,#634,#114,.T.);
#792=EDGE_CURVE('',#646,#645,#115,.T.);
#793=EDGE_CURVE('',#646,#647,#116,.T.);
#794=EDGE_CURVE('',#647,#634,#117,.T.);
#795=EDGE_CURVE('',#647,#648,#118,.T.);
#796=EDGE_CURVE('',#648,#635,#119,.T.);
#797=EDGE_CURVE('',#648,#649,#120,.T.);
#798=EDGE_CURVE('',#649,#636,#121,.T.);
#799=EDGE_CURVE('',#649,#650,#122,.T.);
#800=EDGE_CURVE('',#650,#637,#123,.T.);
#801=EDGE_CURVE('',#650,#651,#124,.T.);
#802=EDGE_CURVE('',#651,#638,#125,.T.);
#803=EDGE_CURVE('',#651,#652,#126,.T.);
#804=EDGE_CURVE('',#652,#639,#127,.T.);
#805=EDGE_CURVE('',#652,#653,#128,.T.);
#806=EDGE_CURVE('',#653,#640,#129,.T.);
#807=EDGE_CURVE('',#653,#654,#130,.T.);
#808=EDGE_CURVE('',#654,#641,#131,.T.);
#809=EDGE_CURVE('',#654,#655,#132,.T.);
#810=EDGE_CURVE('',#655,#642,#133,.T.);
#811=EDGE_CURVE('',#655,#656,#134,.T.);
#812=EDGE_CURVE('',#656,#643,#135,.T.);
#813=EDGE_CURVE('',#656,#657,#136,.T.);
#814=EDGE_CURVE('',#657,#644,#137,.T.);
#815=EDGE_CURVE('',#657,#646,#138,.T.);
#816=EDGE_CURVE('',#658,#647,#139,.T.);
#817=EDGE_CURVE('',#659,#646,#140,.T.);
#818=EDGE_CURVE('',#658,#659,#141,.T.);
#819=EDGE_CURVE('',#660,#648,#142,.T.);
#820=EDGE_CURVE('',#660,#658,#143,.T.);
#821=EDGE_CURVE('',#661,#649,#144,.T.);
#822=EDGE_CURVE('',#661,#660,#145,.T.);
#823=EDGE_CURVE('',#662,#650,#146,.T.);
#824=EDGE_CURVE('',#662,#661,#147,.T.);
#825=EDGE_CURVE('',#663,#662,#148,.T.);
#826=EDGE_CURVE('',#651,#663,#149,.T.);
#827=EDGE_CURVE('',#664,#663,#150,.T.);
#828=EDGE_CURVE('',#652,#664,#151,.T.);
#829=EDGE_CURVE('',#665,#664,#152,.T.);
#830=EDGE_CURVE('',#653,#665,#153,.T.);
#831=EDGE_CURVE('',#666,#665,#154,.T.);
#832=EDGE_CURVE('',#654,#666,#155,.T.);
#833=EDGE_CURVE('',#667,#666,#156,.T.);
#834=EDGE_CURVE('',#655,#667,#157,.T.);
#835=EDGE_CURVE('',#668,#667,#158,.T.);
#836=EDGE_CURVE('',#656,#668,#159,.T.);
#837=EDGE_CURVE('',#669,#668,#160,.T.);
#838=EDGE_CURVE('',#669,#657,#161,.T.);
#839=EDGE_CURVE('',#659,#669,#162,.T.);
#840=EDGE_CURVE('',#670,#670,#520,.T.);
#841=EDGE_CURVE('',#671,#671,#521,.T.);
#842=EDGE_CURVE('',#671,#670,#163,.T.);
#843=EDGE_CURVE('',#672,#673,#164,.T.);
#844=EDGE_CURVE('',#673,#674,#165,.T.);
#845=EDGE_CURVE('',#675,#674,#166,.T.);
#846=EDGE_CURVE('',#672,#675,#167,.T.);
#847=EDGE_CURVE('',#676,#677,#168,.T.);
#848=EDGE_CURVE('',#677,#678,#522,.T.);
#849=EDGE_CURVE('',#678,#679,#169,.T.);
#850=EDGE_CURVE('',#679,#676,#170,.T.);
#851=EDGE_CURVE('',#629,#676,#20,.T.);
#852=EDGE_CURVE('',#679,#622,#21,.T.);
#853=EDGE_CURVE('',#625,#630,#22,.T.);
#854=EDGE_CURVE('',#633,#626,#23,.T.);
#855=EDGE_CURVE('',#680,#681,#171,.T.);
#856=EDGE_CURVE('',#681,#682,#172,.T.);
#857=EDGE_CURVE('',#682,#683,#173,.T.);
#858=EDGE_CURVE('',#683,#680,#174,.T.);
#859=EDGE_CURVE('',#673,#681,#175,.T.);
#860=EDGE_CURVE('',#682,#672,#176,.T.);
#861=EDGE_CURVE('',#683,#675,#177,.T.);
#862=EDGE_CURVE('',#680,#674,#178,.T.);
#863=EDGE_CURVE('',#684,#685,#571,.T.);
#864=EDGE_CURVE('',#685,#686,#523,.T.);
#865=EDGE_CURVE('',#686,#687,#572,.T.);
#866=EDGE_CURVE('',#687,#688,#524,.T.);
#867=EDGE_CURVE('',#688,#689,#573,.T.);
#868=EDGE_CURVE('',#689,#618,#525,.T.);
#869=EDGE_CURVE('',#689,#690,#574,.T.);
#870=EDGE_CURVE('',#690,#691,#526,.T.);
#871=EDGE_CURVE('',#691,#692,#575,.T.);
#872=EDGE_CURVE('',#692,#693,#527,.T.);
#873=EDGE_CURVE('',#693,#684,#24,.T.);
#874=EDGE_CURVE('',#678,#623,#576,.T.);
#875=EDGE_CURVE('',#632,#627,#577,.T.);
#876=EDGE_CURVE('',#624,#631,#578,.T.);
#877=EDGE_CURVE('',#628,#677,#579,.T.);
#878=EDGE_CURVE('',#691,#623,#528,.T.);
#879=EDGE_CURVE('',#624,#690,#529,.T.);
#880=EDGE_CURVE('',#631,#688,#530,.T.);
#881=EDGE_CURVE('',#692,#678,#531,.T.);
#882=EDGE_CURVE('',#632,#687,#532,.T.);
#883=EDGE_CURVE('',#693,#677,#533,.T.);
#884=EDGE_CURVE('',#627,#686,#534,.T.);
#885=EDGE_CURVE('',#685,#628,#535,.T.);
#886=EDGE_CURVE('',#694,#695,#580,.T.);
#887=EDGE_CURVE('',#695,#696,#536,.T.);
#888=EDGE_CURVE('',#696,#697,#581,.T.);
#889=EDGE_CURVE('',#694,#697,#582,.T.);
#890=EDGE_CURVE('',#698,#699,#583,.F.);
#891=EDGE_CURVE('',#698,#700,#584,.T.);
#892=EDGE_CURVE('',#700,#696,#537,.T.);
#893=EDGE_CURVE('',#695,#699,#538,.T.);
#894=EDGE_CURVE('',#701,#698,#585,.F.);
#895=EDGE_CURVE('',#701,#702,#539,.T.);
#896=EDGE_CURVE('',#702,#703,#540,.T.);
#897=EDGE_CURVE('',#703,#700,#541,.T.);
#898=EDGE_CURVE('',#697,#703,#586,.T.);
#899=EDGE_CURVE('',#702,#694,#587,.T.);
#900=EDGE_CURVE('',#697,#704,#179,.T.);
#901=EDGE_CURVE('',#705,#704,#588,.T.);
#902=EDGE_CURVE('',#703,#705,#180,.T.);
#903=EDGE_CURVE('',#696,#706,#181,.T.);
#904=EDGE_CURVE('',#704,#706,#589,.T.);
#905=EDGE_CURVE('',#707,#708,#542,.T.);
#906=EDGE_CURVE('',#708,#709,#182,.T.);
#907=EDGE_CURVE('',#709,#710,#590,.T.);
#908=EDGE_CURVE('',#710,#707,#183,.T.);
#909=EDGE_CURVE('',#711,#708,#543,.F.);
#910=EDGE_CURVE('',#711,#712,#184,.T.);
#911=EDGE_CURVE('',#709,#712,#591,.F.);
#912=EDGE_CURVE('',#713,#701,#592,.T.);
#913=EDGE_CURVE('',#699,#714,#593,.T.);
#914=EDGE_CURVE('',#714,#715,#185,.T.);
#915=EDGE_CURVE('',#715,#716,#544,.T.);
#916=EDGE_CURVE('',#716,#713,#186,.T.);
#917=EDGE_CURVE('',#717,#716,#187,.F.);
#918=EDGE_CURVE('',#717,#718,#188,.T.);
#919=EDGE_CURVE('',#713,#718,#545,.F.);
#920=EDGE_CURVE('',#715,#711,#189,.F.);
#921=EDGE_CURVE('',#707,#717,#546,.F.);
#922=EDGE_CURVE('',#719,#705,#547,.T.);
#923=EDGE_CURVE('',#720,#719,#548,.T.);
#924=EDGE_CURVE('',#700,#720,#190,.T.);
#925=EDGE_CURVE('',#719,#721,#549,.T.);
#926=EDGE_CURVE('',#706,#720,#550,.T.);
#927=EDGE_CURVE('',#718,#710,#594,.F.);
#928=EDGE_CURVE('',#712,#714,#551,.F.);
#929=EDGE_CURVE('',#722,#722,#552,.T.);
#930=EDGE_CURVE('',#722,#723,#553,.T.);
#931=EDGE_CURVE('',#724,#724,#554,.T.);
#932=EDGE_CURVE('',#725,#724,#555,.T.);
#933=ORIENTED_EDGE('',*,*,#726,.F.);
#934=ORIENTED_EDGE('',*,*,#727,.T.);
#935=ORIENTED_EDGE('',*,*,#728,.F.);
#936=ORIENTED_EDGE('',*,*,#729,.F.);
#937=ORIENTED_EDGE('',*,*,#730,.T.);
#938=ORIENTED_EDGE('',*,*,#731,.F.);
#939=ORIENTED_EDGE('',*,*,#729,.T.);
#940=ORIENTED_EDGE('',*,*,#732,.F.);
#941=ORIENTED_EDGE('',*,*,#733,.F.);
#942=ORIENTED_EDGE('',*,*,#734,.T.);
#943=ORIENTED_EDGE('',*,*,#733,.T.);
#944=ORIENTED_EDGE('',*,*,#735,.F.);
#945=ORIENTED_EDGE('',*,*,#736,.F.);
#946=ORIENTED_EDGE('',*,*,#737,.F.);
#947=ORIENTED_EDGE('',*,*,#738,.F.);
#948=ORIENTED_EDGE('',*,*,#727,.F.);
#949=ORIENTED_EDGE('',*,*,#739,.F.);
#950=ORIENTED_EDGE('',*,*,#736,.T.);
#951=ORIENTED_EDGE('',*,*,#740,.F.);
#952=ORIENTED_EDGE('',*,*,#741,.F.);
#953=ORIENTED_EDGE('',*,*,#742,.F.);
#954=ORIENTED_EDGE('',*,*,#743,.F.);
#955=ORIENTED_EDGE('',*,*,#743,.T.);
#956=ORIENTED_EDGE('',*,*,#744,.T.);
#957=ORIENTED_EDGE('',*,*,#745,.F.);
#958=ORIENTED_EDGE('',*,*,#746,.T.);
#959=ORIENTED_EDGE('',*,*,#747,.F.);
#960=ORIENTED_EDGE('',*,*,#748,.F.);
#961=ORIENTED_EDGE('',*,*,#749,.F.);
#962=ORIENTED_EDGE('',*,*,#750,.F.);
#963=ORIENTED_EDGE('',*,*,#751,.F.);
#964=ORIENTED_EDGE('',*,*,#730,.F.);
#965=ORIENTED_EDGE('',*,*,#734,.F.);
#966=ORIENTED_EDGE('',*,*,#748,.T.);
#967=ORIENTED_EDGE('',*,*,#752,.T.);
#968=ORIENTED_EDGE('',*,*,#753,.F.);
#969=ORIENTED_EDGE('',*,*,#754,.T.);
#970=ORIENTED_EDGE('',*,*,#749,.T.);
#971=ORIENTED_EDGE('',*,*,#754,.F.);
#972=ORIENTED_EDGE('',*,*,#755,.F.);
#973=ORIENTED_EDGE('',*,*,#740,.T.);
#974=ORIENTED_EDGE('',*,*,#746,.F.);
#975=ORIENTED_EDGE('',*,*,#756,.F.);
#976=ORIENTED_EDGE('',*,*,#741,.T.);
#977=ORIENTED_EDGE('',*,*,#755,.T.);
#978=ORIENTED_EDGE('',*,*,#753,.T.);
#979=ORIENTED_EDGE('',*,*,#757,.T.);
#980=ORIENTED_EDGE('',*,*,#750,.T.);
#981=ORIENTED_EDGE('',*,*,#756,.T.);
#982=ORIENTED_EDGE('',*,*,#745,.T.);
#983=ORIENTED_EDGE('',*,*,#758,.T.);
#984=ORIENTED_EDGE('',*,*,#737,.T.);
#985=ORIENTED_EDGE('',*,*,#739,.T.);
#986=ORIENTED_EDGE('',*,*,#726,.T.);
#987=ORIENTED_EDGE('',*,*,#731,.T.);
#988=ORIENTED_EDGE('',*,*,#751,.T.);
#989=ORIENTED_EDGE('',*,*,#758,.F.);
#990=ORIENTED_EDGE('',*,*,#744,.F.);
#991=ORIENTED_EDGE('',*,*,#742,.T.);
#992=ORIENTED_EDGE('',*,*,#757,.F.);
#993=ORIENTED_EDGE('',*,*,#752,.F.);
#994=ORIENTED_EDGE('',*,*,#747,.T.);
#995=ORIENTED_EDGE('',*,*,#735,.T.);
#996=ORIENTED_EDGE('',*,*,#759,.T.);
#997=ORIENTED_EDGE('',*,*,#760,.F.);
#998=ORIENTED_EDGE('',*,*,#761,.F.);
#999=ORIENTED_EDGE('',*,*,#762,.F.);
#1000=ORIENTED_EDGE('',*,*,#732,.T.);
#1001=ORIENTED_EDGE('',*,*,#763,.T.);
#1002=ORIENTED_EDGE('',*,*,#764,.F.);
#1003=ORIENTED_EDGE('',*,*,#759,.F.);
#1004=ORIENTED_EDGE('',*,*,#728,.T.);
#1005=ORIENTED_EDGE('',*,*,#765,.T.);
#1006=ORIENTED_EDGE('',*,*,#766,.F.);
#1007=ORIENTED_EDGE('',*,*,#763,.F.);
#1008=ORIENTED_EDGE('',*,*,#738,.T.);
#1009=ORIENTED_EDGE('',*,*,#762,.T.);
#1010=ORIENTED_EDGE('',*,*,#767,.F.);
#1011=ORIENTED_EDGE('',*,*,#765,.F.);
#1012=ORIENTED_EDGE('',*,*,#768,.T.);
#1013=ORIENTED_EDGE('',*,*,#769,.T.);
#1014=ORIENTED_EDGE('',*,*,#770,.T.);
#1015=ORIENTED_EDGE('',*,*,#771,.T.);
#1016=ORIENTED_EDGE('',*,*,#772,.T.);
#1017=ORIENTED_EDGE('',*,*,#773,.T.);
#1018=ORIENTED_EDGE('',*,*,#774,.T.);
#1019=ORIENTED_EDGE('',*,*,#775,.T.);
#1020=ORIENTED_EDGE('',*,*,#776,.T.);
#1021=ORIENTED_EDGE('',*,*,#777,.T.);
#1022=ORIENTED_EDGE('',*,*,#778,.T.);
#1023=ORIENTED_EDGE('',*,*,#779,.T.);
#1024=ORIENTED_EDGE('',*,*,#780,.T.);
#1025=ORIENTED_EDGE('',*,*,#781,.T.);
#1026=ORIENTED_EDGE('',*,*,#782,.T.);
#1027=ORIENTED_EDGE('',*,*,#783,.T.);
#1028=ORIENTED_EDGE('',*,*,#784,.T.);
#1029=ORIENTED_EDGE('',*,*,#785,.T.);
#1030=ORIENTED_EDGE('',*,*,#786,.T.);
#1031=ORIENTED_EDGE('',*,*,#787,.T.);
#1032=ORIENTED_EDGE('',*,*,#788,.T.);
#1033=ORIENTED_EDGE('',*,*,#789,.T.);
#1034=ORIENTED_EDGE('',*,*,#790,.T.);
#1035=ORIENTED_EDGE('',*,*,#791,.T.);
#1036=ORIENTED_EDGE('',*,*,#792,.F.);
#1037=ORIENTED_EDGE('',*,*,#793,.T.);
#1038=ORIENTED_EDGE('',*,*,#794,.T.);
#1039=ORIENTED_EDGE('',*,*,#791,.F.);
#1040=ORIENTED_EDGE('',*,*,#794,.F.);
#1041=ORIENTED_EDGE('',*,*,#795,.T.);
#1042=ORIENTED_EDGE('',*,*,#796,.T.);
#1043=ORIENTED_EDGE('',*,*,#780,.F.);
#1044=ORIENTED_EDGE('',*,*,#796,.F.);
#1045=ORIENTED_EDGE('',*,*,#797,.T.);
#1046=ORIENTED_EDGE('',*,*,#798,.T.);
#1047=ORIENTED_EDGE('',*,*,#781,.F.);
#1048=ORIENTED_EDGE('',*,*,#798,.F.);
#1049=ORIENTED_EDGE('',*,*,#799,.T.);
#1050=ORIENTED_EDGE('',*,*,#800,.T.);
#1051=ORIENTED_EDGE('',*,*,#782,.F.);
#1052=ORIENTED_EDGE('',*,*,#800,.F.);
#1053=ORIENTED_EDGE('',*,*,#801,.T.);
#1054=ORIENTED_EDGE('',*,*,#802,.T.);
#1055=ORIENTED_EDGE('',*,*,#783,.F.);
#1056=ORIENTED_EDGE('',*,*,#802,.F.);
#1057=ORIENTED_EDGE('',*,*,#803,.T.);
#1058=ORIENTED_EDGE('',*,*,#804,.T.);
#1059=ORIENTED_EDGE('',*,*,#784,.F.);
#1060=ORIENTED_EDGE('',*,*,#804,.F.);
#1061=ORIENTED_EDGE('',*,*,#805,.T.);
#1062=ORIENTED_EDGE('',*,*,#806,.T.);
#1063=ORIENTED_EDGE('',*,*,#785,.F.);
#1064=ORIENTED_EDGE('',*,*,#806,.F.);
#1065=ORIENTED_EDGE('',*,*,#807,.T.);
#1066=ORIENTED_EDGE('',*,*,#808,.T.);
#1067=ORIENTED_EDGE('',*,*,#786,.F.);
#1068=ORIENTED_EDGE('',*,*,#808,.F.);
#1069=ORIENTED_EDGE('',*,*,#809,.T.);
#1070=ORIENTED_EDGE('',*,*,#810,.T.);
#1071=ORIENTED_EDGE('',*,*,#787,.F.);
#1072=ORIENTED_EDGE('',*,*,#810,.F.);
#1073=ORIENTED_EDGE('',*,*,#811,.T.);
#1074=ORIENTED_EDGE('',*,*,#812,.T.);
#1075=ORIENTED_EDGE('',*,*,#788,.F.);
#1076=ORIENTED_EDGE('',*,*,#812,.F.);
#1077=ORIENTED_EDGE('',*,*,#813,.T.);
#1078=ORIENTED_EDGE('',*,*,#814,.T.);
#1079=ORIENTED_EDGE('',*,*,#789,.F.);
#1080=ORIENTED_EDGE('',*,*,#814,.F.);
#1081=ORIENTED_EDGE('',*,*,#815,.T.);
#1082=ORIENTED_EDGE('',*,*,#792,.T.);
#1083=ORIENTED_EDGE('',*,*,#790,.F.);
#1084=ORIENTED_EDGE('',*,*,#816,.T.);
#1085=ORIENTED_EDGE('',*,*,#793,.F.);
#1086=ORIENTED_EDGE('',*,*,#817,.F.);
#1087=ORIENTED_EDGE('',*,*,#818,.F.);
#1088=ORIENTED_EDGE('',*,*,#819,.T.);
#1089=ORIENTED_EDGE('',*,*,#795,.F.);
#1090=ORIENTED_EDGE('',*,*,#816,.F.);
#1091=ORIENTED_EDGE('',*,*,#820,.F.);
#1092=ORIENTED_EDGE('',*,*,#821,.T.);
#1093=ORIENTED_EDGE('',*,*,#797,.F.);
#1094=ORIENTED_EDGE('',*,*,#819,.F.);
#1095=ORIENTED_EDGE('',*,*,#822,.F.);
#1096=ORIENTED_EDGE('',*,*,#823,.T.);
#1097=ORIENTED_EDGE('',*,*,#799,.F.);
#1098=ORIENTED_EDGE('',*,*,#821,.F.);
#1099=ORIENTED_EDGE('',*,*,#824,.F.);
#1100=ORIENTED_EDGE('',*,*,#823,.F.);
#1101=ORIENTED_EDGE('',*,*,#825,.F.);
#1102=ORIENTED_EDGE('',*,*,#826,.F.);
#1103=ORIENTED_EDGE('',*,*,#801,.F.);
#1104=ORIENTED_EDGE('',*,*,#826,.T.);
#1105=ORIENTED_EDGE('',*,*,#827,.F.);
#1106=ORIENTED_EDGE('',*,*,#828,.F.);
#1107=ORIENTED_EDGE('',*,*,#803,.F.);
#1108=ORIENTED_EDGE('',*,*,#828,.T.);
#1109=ORIENTED_EDGE('',*,*,#829,.F.);
#1110=ORIENTED_EDGE('',*,*,#830,.F.);
#1111=ORIENTED_EDGE('',*,*,#805,.F.);
#1112=ORIENTED_EDGE('',*,*,#830,.T.);
#1113=ORIENTED_EDGE('',*,*,#831,.F.);
#1114=ORIENTED_EDGE('',*,*,#832,.F.);
#1115=ORIENTED_EDGE('',*,*,#807,.F.);
#1116=ORIENTED_EDGE('',*,*,#832,.T.);
#1117=ORIENTED_EDGE('',*,*,#833,.F.);
#1118=ORIENTED_EDGE('',*,*,#834,.F.);
#1119=ORIENTED_EDGE('',*,*,#809,.F.);
#1120=ORIENTED_EDGE('',*,*,#834,.T.);
#1121=ORIENTED_EDGE('',*,*,#835,.F.);
#1122=ORIENTED_EDGE('',*,*,#836,.F.);
#1123=ORIENTED_EDGE('',*,*,#811,.F.);
#1124=ORIENTED_EDGE('',*,*,#836,.T.);
#1125=ORIENTED_EDGE('',*,*,#837,.F.);
#1126=ORIENTED_EDGE('',*,*,#838,.T.);
#1127=ORIENTED_EDGE('',*,*,#813,.F.);
#1128=ORIENTED_EDGE('',*,*,#817,.T.);
#1129=ORIENTED_EDGE('',*,*,#815,.F.);
#1130=ORIENTED_EDGE('',*,*,#838,.F.);
#1131=ORIENTED_EDGE('',*,*,#839,.F.);
#1132=ORIENTED_EDGE('',*,*,#840,.F.);
#1133=ORIENTED_EDGE('',*,*,#839,.T.);
#1134=ORIENTED_EDGE('',*,*,#837,.T.);
#1135=ORIENTED_EDGE('',*,*,#835,.T.);
#1136=ORIENTED_EDGE('',*,*,#833,.T.);
#1137=ORIENTED_EDGE('',*,*,#831,.T.);
#1138=ORIENTED_EDGE('',*,*,#829,.T.);
#1139=ORIENTED_EDGE('',*,*,#827,.T.);
#1140=ORIENTED_EDGE('',*,*,#825,.T.);
#1141=ORIENTED_EDGE('',*,*,#824,.T.);
#1142=ORIENTED_EDGE('',*,*,#822,.T.);
#1143=ORIENTED_EDGE('',*,*,#820,.T.);
#1144=ORIENTED_EDGE('',*,*,#818,.T.);
#1145=ORIENTED_EDGE('',*,*,#841,.T.);
#1146=ORIENTED_EDGE('',*,*,#842,.T.);
#1147=ORIENTED_EDGE('',*,*,#840,.T.);
#1148=ORIENTED_EDGE('',*,*,#842,.F.);
#1149=ORIENTED_EDGE('',*,*,#843,.T.);
#1150=ORIENTED_EDGE('',*,*,#844,.T.);
#1151=ORIENTED_EDGE('',*,*,#845,.F.);
#1152=ORIENTED_EDGE('',*,*,#846,.F.);
#1153=ORIENTED_EDGE('',*,*,#841,.F.);
#1154=ORIENTED_EDGE('',*,*,#847,.T.);
#1155=ORIENTED_EDGE('',*,*,#848,.T.);
#1156=ORIENTED_EDGE('',*,*,#849,.T.);
#1157=ORIENTED_EDGE('',*,*,#850,.T.);
#1158=ORIENTED_EDGE('',*,*,#775,.F.);
#1159=ORIENTED_EDGE('',*,*,#851,.T.);
#1160=ORIENTED_EDGE('',*,*,#850,.F.);
#1161=ORIENTED_EDGE('',*,*,#852,.T.);
#1162=ORIENTED_EDGE('',*,*,#771,.F.);
#1163=ORIENTED_EDGE('',*,*,#853,.T.);
#1164=ORIENTED_EDGE('',*,*,#779,.F.);
#1165=ORIENTED_EDGE('',*,*,#854,.T.);
#1166=ORIENTED_EDGE('',*,*,#855,.T.);
#1167=ORIENTED_EDGE('',*,*,#856,.T.);
#1168=ORIENTED_EDGE('',*,*,#857,.T.);
#1169=ORIENTED_EDGE('',*,*,#858,.T.);
#1170=ORIENTED_EDGE('',*,*,#856,.F.);
#1171=ORIENTED_EDGE('',*,*,#859,.F.);
#1172=ORIENTED_EDGE('',*,*,#843,.F.);
#1173=ORIENTED_EDGE('',*,*,#860,.F.);
#1174=ORIENTED_EDGE('',*,*,#846,.T.);
#1175=ORIENTED_EDGE('',*,*,#861,.F.);
#1176=ORIENTED_EDGE('',*,*,#857,.F.);
#1177=ORIENTED_EDGE('',*,*,#860,.T.);
#1178=ORIENTED_EDGE('',*,*,#845,.T.);
#1179=ORIENTED_EDGE('',*,*,#862,.F.);
#1180=ORIENTED_EDGE('',*,*,#858,.F.);
#1181=ORIENTED_EDGE('',*,*,#861,.T.);
#1182=ORIENTED_EDGE('',*,*,#844,.F.);
#1183=ORIENTED_EDGE('',*,*,#859,.T.);
#1184=ORIENTED_EDGE('',*,*,#855,.F.);
#1185=ORIENTED_EDGE('',*,*,#862,.T.);
#1186=ORIENTED_EDGE('',*,*,#863,.T.);
#1187=ORIENTED_EDGE('',*,*,#864,.T.);
#1188=ORIENTED_EDGE('',*,*,#865,.T.);
#1189=ORIENTED_EDGE('',*,*,#866,.T.);
#1190=ORIENTED_EDGE('',*,*,#867,.T.);
#1191=ORIENTED_EDGE('',*,*,#868,.T.);
#1192=ORIENTED_EDGE('',*,*,#760,.T.);
#1193=ORIENTED_EDGE('',*,*,#764,.T.);
#1194=ORIENTED_EDGE('',*,*,#766,.T.);
#1195=ORIENTED_EDGE('',*,*,#767,.T.);
#1196=ORIENTED_EDGE('',*,*,#761,.T.);
#1197=ORIENTED_EDGE('',*,*,#868,.F.);
#1198=ORIENTED_EDGE('',*,*,#869,.T.);
#1199=ORIENTED_EDGE('',*,*,#870,.T.);
#1200=ORIENTED_EDGE('',*,*,#871,.T.);
#1201=ORIENTED_EDGE('',*,*,#872,.T.);
#1202=ORIENTED_EDGE('',*,*,#873,.T.);
#1203=ORIENTED_EDGE('',*,*,#849,.F.);
#1204=ORIENTED_EDGE('',*,*,#874,.T.);
#1205=ORIENTED_EDGE('',*,*,#768,.F.);
#1206=ORIENTED_EDGE('',*,*,#852,.F.);
#1207=ORIENTED_EDGE('',*,*,#778,.F.);
#1208=ORIENTED_EDGE('',*,*,#875,.T.);
#1209=ORIENTED_EDGE('',*,*,#772,.F.);
#1210=ORIENTED_EDGE('',*,*,#854,.F.);
#1211=ORIENTED_EDGE('',*,*,#770,.F.);
#1212=ORIENTED_EDGE('',*,*,#876,.T.);
#1213=ORIENTED_EDGE('',*,*,#776,.F.);
#1214=ORIENTED_EDGE('',*,*,#853,.F.);
#1215=ORIENTED_EDGE('',*,*,#774,.F.);
#1216=ORIENTED_EDGE('',*,*,#877,.T.);
#1217=ORIENTED_EDGE('',*,*,#847,.F.);
#1218=ORIENTED_EDGE('',*,*,#851,.F.);
#1219=ORIENTED_EDGE('',*,*,#878,.F.);
#1220=ORIENTED_EDGE('',*,*,#870,.F.);
#1221=ORIENTED_EDGE('',*,*,#879,.F.);
#1222=ORIENTED_EDGE('',*,*,#769,.F.);
#1223=ORIENTED_EDGE('',*,*,#879,.T.);
#1224=ORIENTED_EDGE('',*,*,#869,.F.);
#1225=ORIENTED_EDGE('',*,*,#867,.F.);
#1226=ORIENTED_EDGE('',*,*,#880,.F.);
#1227=ORIENTED_EDGE('',*,*,#876,.F.);
#1228=ORIENTED_EDGE('',*,*,#878,.T.);
#1229=ORIENTED_EDGE('',*,*,#874,.F.);
#1230=ORIENTED_EDGE('',*,*,#881,.F.);
#1231=ORIENTED_EDGE('',*,*,#871,.F.);
#1232=ORIENTED_EDGE('',*,*,#880,.T.);
#1233=ORIENTED_EDGE('',*,*,#866,.F.);
#1234=ORIENTED_EDGE('',*,*,#882,.F.);
#1235=ORIENTED_EDGE('',*,*,#777,.F.);
#1236=ORIENTED_EDGE('',*,*,#872,.F.);
#1237=ORIENTED_EDGE('',*,*,#881,.T.);
#1238=ORIENTED_EDGE('',*,*,#848,.F.);
#1239=ORIENTED_EDGE('',*,*,#883,.F.);
#1240=ORIENTED_EDGE('',*,*,#882,.T.);
#1241=ORIENTED_EDGE('',*,*,#865,.F.);
#1242=ORIENTED_EDGE('',*,*,#884,.F.);
#1243=ORIENTED_EDGE('',*,*,#875,.F.);
#1244=ORIENTED_EDGE('',*,*,#883,.T.);
#1245=ORIENTED_EDGE('',*,*,#877,.F.);
#1246=ORIENTED_EDGE('',*,*,#885,.F.);
#1247=ORIENTED_EDGE('',*,*,#863,.F.);
#1248=ORIENTED_EDGE('',*,*,#873,.F.);
#1249=ORIENTED_EDGE('',*,*,#864,.F.);
#1250=ORIENTED_EDGE('',*,*,#885,.T.);
#1251=ORIENTED_EDGE('',*,*,#773,.F.);
#1252=ORIENTED_EDGE('',*,*,#884,.T.);
#1253=ORIENTED_EDGE('',*,*,#886,.T.);
#1254=ORIENTED_EDGE('',*,*,#887,.T.);
#1255=ORIENTED_EDGE('',*,*,#888,.T.);
#1256=ORIENTED_EDGE('',*,*,#889,.F.);
#1257=ORIENTED_EDGE('',*,*,#890,.F.);
#1258=ORIENTED_EDGE('',*,*,#891,.T.);
#1259=ORIENTED_EDGE('',*,*,#892,.T.);
#1260=ORIENTED_EDGE('',*,*,#887,.F.);
#1261=ORIENTED_EDGE('',*,*,#893,.T.);
#1262=ORIENTED_EDGE('',*,*,#894,.F.);
#1263=ORIENTED_EDGE('',*,*,#895,.T.);
#1264=ORIENTED_EDGE('',*,*,#896,.T.);
#1265=ORIENTED_EDGE('',*,*,#897,.T.);
#1266=ORIENTED_EDGE('',*,*,#891,.F.);
#1267=ORIENTED_EDGE('',*,*,#898,.T.);
#1268=ORIENTED_EDGE('',*,*,#896,.F.);
#1269=ORIENTED_EDGE('',*,*,#899,.T.);
#1270=ORIENTED_EDGE('',*,*,#889,.T.);
#1271=ORIENTED_EDGE('',*,*,#898,.F.);
#1272=ORIENTED_EDGE('',*,*,#900,.T.);
#1273=ORIENTED_EDGE('',*,*,#901,.F.);
#1274=ORIENTED_EDGE('',*,*,#902,.F.);
#1275=ORIENTED_EDGE('',*,*,#888,.F.);
#1276=ORIENTED_EDGE('',*,*,#903,.T.);
#1277=ORIENTED_EDGE('',*,*,#904,.F.);
#1278=ORIENTED_EDGE('',*,*,#900,.F.);
#1279=ORIENTED_EDGE('',*,*,#905,.T.);
#1280=ORIENTED_EDGE('',*,*,#906,.T.);
#1281=ORIENTED_EDGE('',*,*,#907,.T.);
#1282=ORIENTED_EDGE('',*,*,#908,.T.);
#1283=ORIENTED_EDGE('',*,*,#906,.F.);
#1284=ORIENTED_EDGE('',*,*,#909,.F.);
#1285=ORIENTED_EDGE('',*,*,#910,.T.);
#1286=ORIENTED_EDGE('',*,*,#911,.F.);
#1287=ORIENTED_EDGE('',*,*,#912,.T.);
#1288=ORIENTED_EDGE('',*,*,#894,.T.);
#1289=ORIENTED_EDGE('',*,*,#890,.T.);
#1290=ORIENTED_EDGE('',*,*,#913,.T.);
#1291=ORIENTED_EDGE('',*,*,#914,.T.);
#1292=ORIENTED_EDGE('',*,*,#915,.T.);
#1293=ORIENTED_EDGE('',*,*,#916,.T.);
#1294=ORIENTED_EDGE('',*,*,#916,.F.);
#1295=ORIENTED_EDGE('',*,*,#917,.F.);
#1296=ORIENTED_EDGE('',*,*,#918,.T.);
#1297=ORIENTED_EDGE('',*,*,#919,.F.);
#1298=ORIENTED_EDGE('',*,*,#915,.F.);
#1299=ORIENTED_EDGE('',*,*,#920,.T.);
#1300=ORIENTED_EDGE('',*,*,#909,.T.);
#1301=ORIENTED_EDGE('',*,*,#905,.F.);
#1302=ORIENTED_EDGE('',*,*,#921,.T.);
#1303=ORIENTED_EDGE('',*,*,#917,.T.);
#1304=ORIENTED_EDGE('',*,*,#897,.F.);
#1305=ORIENTED_EDGE('',*,*,#902,.T.);
#1306=ORIENTED_EDGE('',*,*,#922,.F.);
#1307=ORIENTED_EDGE('',*,*,#923,.F.);
#1308=ORIENTED_EDGE('',*,*,#924,.F.);
#1309=ORIENTED_EDGE('',*,*,#923,.T.);
#1310=ORIENTED_EDGE('',*,*,#925,.T.);
#1311=ORIENTED_EDGE('',*,*,#925,.F.);
#1312=ORIENTED_EDGE('',*,*,#922,.T.);
#1313=ORIENTED_EDGE('',*,*,#901,.T.);
#1314=ORIENTED_EDGE('',*,*,#904,.T.);
#1315=ORIENTED_EDGE('',*,*,#926,.T.);
#1316=ORIENTED_EDGE('',*,*,#892,.F.);
#1317=ORIENTED_EDGE('',*,*,#924,.T.);
#1318=ORIENTED_EDGE('',*,*,#926,.F.);
#1319=ORIENTED_EDGE('',*,*,#903,.F.);
#1320=ORIENTED_EDGE('',*,*,#908,.F.);
#1321=ORIENTED_EDGE('',*,*,#927,.F.);
#1322=ORIENTED_EDGE('',*,*,#918,.F.);
#1323=ORIENTED_EDGE('',*,*,#921,.F.);
#1324=ORIENTED_EDGE('',*,*,#914,.F.);
#1325=ORIENTED_EDGE('',*,*,#928,.F.);
#1326=ORIENTED_EDGE('',*,*,#910,.F.);
#1327=ORIENTED_EDGE('',*,*,#920,.F.);
#1328=ORIENTED_EDGE('',*,*,#895,.F.);
#1329=ORIENTED_EDGE('',*,*,#912,.F.);
#1330=ORIENTED_EDGE('',*,*,#919,.T.);
#1331=ORIENTED_EDGE('',*,*,#927,.T.);
#1332=ORIENTED_EDGE('',*,*,#907,.F.);
#1333=ORIENTED_EDGE('',*,*,#911,.T.);
#1334=ORIENTED_EDGE('',*,*,#928,.T.);
#1335=ORIENTED_EDGE('',*,*,#913,.F.);
#1336=ORIENTED_EDGE('',*,*,#893,.F.);
#1337=ORIENTED_EDGE('',*,*,#886,.F.);
#1338=ORIENTED_EDGE('',*,*,#899,.F.);
#1339=ORIENTED_EDGE('',*,*,#929,.F.);
#1340=ORIENTED_EDGE('',*,*,#930,.T.);
#1341=ORIENTED_EDGE('',*,*,#930,.F.);
#1342=ORIENTED_EDGE('',*,*,#929,.T.);
#1343=ORIENTED_EDGE('',*,*,#931,.T.);
#1344=ORIENTED_EDGE('',*,*,#931,.F.);
#1345=ORIENTED_EDGE('',*,*,#932,.F.);
#1346=ORIENTED_EDGE('',*,*,#932,.T.);
#1347=B_SPLINE_SURFACE_WITH_KNOTS('',3,3,((#1985,#1986,#1987,#1988,#1989,
#1990,#1991,#1992,#1993,#1994,#1995),(#1996,#1997,#1998,#1999,#2000,#2001,
#2002,#2003,#2004,#2005,#2006),(#2007,#2008,#2009,#2010,#2011,#2012,#2013,
#2014,#2015,#2016,#2017),(#2018,#2019,#2020,#2021,#2022,#2023,#2024,#2025,
#2026,#2027,#2028),(#2029,#2030,#2031,#2032,#2033,#2034,#2035,#2036,#2037,
#2038,#2039)),.UNSPECIFIED.,.F.,.F.,.F.,(4,1,4),(4,1,1,1,1,1,1,1,4),(0.,
0.5,1.),(0.88307859004294,1.00173868583677,1.04129205110138,1.19950551215982,
1.35771897321826,1.51593243427671,1.67414589533515,1.83235935639359,1.99057281745203),
 .UNSPECIFIED.);
#1348=B_SPLINE_SURFACE_WITH_KNOTS('',3,3,((#2203,#2204,#2205,#2206,#2207,
#2208,#2209,#2210,#2211,#2212,#2213),(#2214,#2215,#2216,#2217,#2218,#2219,
#2220,#2221,#2222,#2223,#2224),(#2225,#2226,#2227,#2228,#2229,#2230,#2231,
#2232,#2233,#2234,#2235),(#2236,#2237,#2238,#2239,#2240,#2241,#2242,#2243,
#2244,#2245,#2246),(#2247,#2248,#2249,#2250,#2251,#2252,#2253,#2254,#2255,
#2256,#2257)),.UNSPECIFIED.,.F.,.F.,.F.,(4,1,4),(4,1,1,1,1,1,1,1,4),(0.,
0.5,1.),(1.99057281800317,2.10923291383039,2.14878627910613,2.30699974020908,
2.46521320131204,2.62342666241499,2.78164012351795,2.9398535846209,3.09806704572386),
 .UNSPECIFIED.);
#1349=B_SPLINE_SURFACE_WITH_KNOTS('',3,3,((#2903,#2904,#2905,#2906,#2907,
#2908,#2909,#2910,#2911,#2912),(#2913,#2914,#2915,#2916,#2917,#2918,#2919,
#2920,#2921,#2922),(#2923,#2924,#2925,#2926,#2927,#2928,#2929,#2930,#2931,
#2932),(#2933,#2934,#2935,#2936,#2937,#2938,#2939,#2940,#2941,#2942),(#2943,
#2944,#2945,#2946,#2947,#2948,#2949,#2950,#2951,#2952),(#2953,#2954,#2955,
#2956,#2957,#2958,#2959,#2960,#2961,#2962),(#2963,#2964,#2965,#2966,#2967,
#2968,#2969,#2970,#2971,#2972),(#2973,#2974,#2975,#2976,#2977,#2978,#2979,
#2980,#2981,#2982),(#2983,#2984,#2985,#2986,#2987,#2988,#2989,#2990,#2991,
#2992),(#2993,#2994,#2995,#2996,#2997,#2998,#2999,#3000,#3001,#3002),(#3003,
#3004,#3005,#3006,#3007,#3008,#3009,#3010,#3011,#3012),(#3013,#3014,#3015,
#3016,#3017,#3018,#3019,#3020,#3021,#3022),(#3023,#3024,#3025,#3026,#3027,
#3028,#3029,#3030,#3031,#3032),(#3033,#3034,#3035,#3036,#3037,#3038,#3039,
#3040,#3041,#3042),(#3043,#3044,#3045,#3046,#3047,#3048,#3049,#3050,#3051,
#3052),(#3053,#3054,#3055,#3056,#3057,#3058,#3059,#3060,#3061,#3062),(#3063,
#3064,#3065,#3066,#3067,#3068,#3069,#3070,#3071,#3072),(#3073,#3074,#3075,
#3076,#3077,#3078,#3079,#3080,#3081,#3082)),.UNSPECIFIED.,.F.,.F.,.F.,(4,
2,2,2,2,2,2,2,4),(4,2,2,2,4),(0.,0.000115312,0.000230623,0.000345935,0.000461247,
0.000576559,0.00069187,0.000807182,0.000922494),(0.,0.25,0.5,0.75,1.),
 .UNSPECIFIED.);
#1350=B_SPLINE_SURFACE_WITH_KNOTS('',3,3,((#3084,#3085,#3086,#3087,#3088,
#3089,#3090,#3091,#3092,#3093),(#3094,#3095,#3096,#3097,#3098,#3099,#3100,
#3101,#3102,#3103),(#3104,#3105,#3106,#3107,#3108,#3109,#3110,#3111,#3112,
#3113),(#3114,#3115,#3116,#3117,#3118,#3119,#3120,#3121,#3122,#3123),(#3124,
#3125,#3126,#3127,#3128,#3129,#3130,#3131,#3132,#3133),(#3134,#3135,#3136,
#3137,#3138,#3139,#3140,#3141,#3142,#3143),(#3144,#3145,#3146,#3147,#3148,
#3149,#3150,#3151,#3152,#3153),(#3154,#3155,#3156,#3157,#3158,#3159,#3160,
#3161,#3162,#3163),(#3164,#3165,#3166,#3167,#3168,#3169,#3170,#3171,#3172,
#3173),(#3174,#3175,#3176,#3177,#3178,#3179,#3180,#3181,#3182,#3183),(#3184,
#3185,#3186,#3187,#3188,#3189,#3190,#3191,#3192,#3193),(#3194,#3195,#3196,
#3197,#3198,#3199,#3200,#3201,#3202,#3203),(#3204,#3205,#3206,#3207,#3208,
#3209,#3210,#3211,#3212,#3213),(#3214,#3215,#3216,#3217,#3218,#3219,#3220,
#3221,#3222,#3223),(#3224,#3225,#3226,#3227,#3228,#3229,#3230,#3231,#3232,
#3233),(#3234,#3235,#3236,#3237,#3238,#3239,#3240,#3241,#3242,#3243),(#3244,
#3245,#3246,#3247,#3248,#3249,#3250,#3251,#3252,#3253),(#3254,#3255,#3256,
#3257,#3258,#3259,#3260,#3261,#3262,#3263)),.UNSPECIFIED.,.F.,.F.,.F.,(4,
2,2,2,2,2,2,2,4),(4,2,2,2,4),(0.,0.000115309,0.000230619,0.000345928,0.000461238,
0.000576547,0.000691857,0.000807166,0.000922475),(0.,0.25,0.5,0.75,1.),
 .UNSPECIFIED.);
#1351=B_SPLINE_SURFACE_WITH_KNOTS('',3,3,((#3269,#3270,#3271,#3272,#3273,
#3274,#3275,#3276,#3277,#3278),(#3279,#3280,#3281,#3282,#3283,#3284,#3285,
#3286,#3287,#3288),(#3289,#3290,#3291,#3292,#3293,#3294,#3295,#3296,#3297,
#3298),(#3299,#3300,#3301,#3302,#3303,#3304,#3305,#3306,#3307,#3308),(#3309,
#3310,#3311,#3312,#3313,#3314,#3315,#3316,#3317,#3318),(#3319,#3320,#3321,
#3322,#3323,#3324,#3325,#3326,#3327,#3328),(#3329,#3330,#3331,#3332,#3333,
#3334,#3335,#3336,#3337,#3338),(#3339,#3340,#3341,#3342,#3343,#3344,#3345,
#3346,#3347,#3348),(#3349,#3350,#3351,#3352,#3353,#3354,#3355,#3356,#3357,
#3358),(#3359,#3360,#3361,#3362,#3363,#3364,#3365,#3366,#3367,#3368),(#3369,
#3370,#3371,#3372,#3373,#3374,#3375,#3376,#3377,#3378),(#3379,#3380,#3381,
#3382,#3383,#3384,#3385,#3386,#3387,#3388),(#3389,#3390,#3391,#3392,#3393,
#3394,#3395,#3396,#3397,#3398),(#3399,#3400,#3401,#3402,#3403,#3404,#3405,
#3406,#3407,#3408),(#3409,#3410,#3411,#3412,#3413,#3414,#3415,#3416,#3417,
#3418),(#3419,#3420,#3421,#3422,#3423,#3424,#3425,#3426,#3427,#3428),(#3429,
#3430,#3431,#3432,#3433,#3434,#3435,#3436,#3437,#3438),(#3439,#3440,#3441,
#3442,#3443,#3444,#3445,#3446,#3447,#3448)),.UNSPECIFIED.,.F.,.F.,.F.,(4,
2,2,2,2,2,2,2,4),(4,2,2,2,4),(0.,0.000115312,0.000230623,0.000345935,0.000461247,
0.000576559,0.00069187,0.000807182,0.000922494),(0.,0.25,0.5,0.75,1.),
 .UNSPECIFIED.);
#1352=B_SPLINE_SURFACE_WITH_KNOTS('',3,3,((#3450,#3451,#3452,#3453,#3454,
#3455,#3456,#3457,#3458,#3459),(#3460,#3461,#3462,#3463,#3464,#3465,#3466,
#3467,#3468,#3469),(#3470,#3471,#3472,#3473,#3474,#3475,#3476,#3477,#3478,
#3479),(#3480,#3481,#3482,#3483,#3484,#3485,#3486,#3487,#3488,#3489),(#3490,
#3491,#3492,#3493,#3494,#3495,#3496,#3497,#3498,#3499),(#3500,#3501,#3502,
#3503,#3504,#3505,#3506,#3507,#3508,#3509),(#3510,#3511,#3512,#3513,#3514,
#3515,#3516,#3517,#3518,#3519),(#3520,#3521,#3522,#3523,#3524,#3525,#3526,
#3527,#3528,#3529),(#3530,#3531,#3532,#3533,#3534,#3535,#3536,#3537,#3538,
#3539),(#3540,#3541,#3542,#3543,#3544,#3545,#3546,#3547,#3548,#3549),(#3550,
#3551,#3552,#3553,#3554,#3555,#3556,#3557,#3558,#3559),(#3560,#3561,#3562,
#3563,#3564,#3565,#3566,#3567,#3568,#3569),(#3570,#3571,#3572,#3573,#3574,
#3575,#3576,#3577,#3578,#3579),(#3580,#3581,#3582,#3583,#3584,#3585,#3586,
#3587,#3588,#3589),(#3590,#3591,#3592,#3593,#3594,#3595,#3596,#3597,#3598,
#3599),(#3600,#3601,#3602,#3603,#3604,#3605,#3606,#3607,#3608,#3609),(#3610,
#3611,#3612,#3613,#3614,#3615,#3616,#3617,#3618,#3619),(#3620,#3621,#3622,
#3623,#3624,#3625,#3626,#3627,#3628,#3629)),.UNSPECIFIED.,.F.,.F.,.F.,(4,
2,2,2,2,2,2,2,4),(4,2,2,2,4),(0.,0.000115312,0.000230623,0.000345935,0.000461247,
0.000576559,0.00069187,0.000807182,0.000922494),(0.,0.25,0.5,0.75,1.),
 .UNSPECIFIED.);
#1353=B_SPLINE_SURFACE_WITH_KNOTS('',3,3,((#3632,#3633,#3634,#3635,#3636,
#3637,#3638,#3639,#3640,#3641,#3642),(#3643,#3644,#3645,#3646,#3647,#3648,
#3649,#3650,#3651,#3652,#3653),(#3654,#3655,#3656,#3657,#3658,#3659,#3660,
#3661,#3662,#3663,#3664),(#3665,#3666,#3667,#3668,#3669,#3670,#3671,#3672,
#3673,#3674,#3675),(#3676,#3677,#3678,#3679,#3680,#3681,#3682,#3683,#3684,
#3685,#3686)),.UNSPECIFIED.,.F.,.F.,.F.,(4,1,4),(4,1,1,1,1,1,1,1,4),(0.,
0.5,1.),(0.88307859004294,1.00173868583677,1.04129205110138,1.19950551215982,
1.35771897321826,1.51593243427671,1.67414589533515,1.83235935639359,1.99057281745203),
 .UNSPECIFIED.);
#1354=B_SPLINE_SURFACE_WITH_KNOTS('',3,3,((#3850,#3851,#3852,#3853,#3854,
#3855,#3856,#3857,#3858,#3859,#3860),(#3861,#3862,#3863,#3864,#3865,#3866,
#3867,#3868,#3869,#3870,#3871),(#3872,#3873,#3874,#3875,#3876,#3877,#3878,
#3879,#3880,#3881,#3882),(#3883,#3884,#3885,#3886,#3887,#3888,#3889,#3890,
#3891,#3892,#3893),(#3894,#3895,#3896,#3897,#3898,#3899,#3900,#3901,#3902,
#3903,#3904)),.UNSPECIFIED.,.F.,.F.,.F.,(4,1,4),(4,1,1,1,1,1,1,1,4),(0.,
0.5,1.),(1.99057281800317,2.10923291383039,2.14878627910613,2.30699974020908,
2.46521320131204,2.62342666241499,2.78164012351795,2.9398535846209,3.09806704572386),
 .UNSPECIFIED.);
#1355=ADVANCED_FACE('',(#325),#1347,.F.);
#1356=ADVANCED_FACE('',(#326),#317,.T.);
#1357=ADVANCED_FACE('',(#327),#318,.T.);
#1358=ADVANCED_FACE('',(#328),#1348,.F.);
#1359=ADVANCED_FACE('',(#329),#300,.T.);
#1360=ADVANCED_FACE('',(#330),#301,.F.);
#1361=ADVANCED_FACE('',(#331),#302,.F.);
#1362=ADVANCED_FACE('',(#332),#34,.F.);
#1363=ADVANCED_FACE('',(#333),#35,.F.);
#1364=ADVANCED_FACE('',(#334),#303,.F.);
#1365=ADVANCED_FACE('',(#335),#36,.F.);
#1366=ADVANCED_FACE('',(#336),#28,.T.);
#1367=ADVANCED_FACE('',(#337),#37,.F.);
#1368=ADVANCED_FACE('',(#338),#38,.F.);
#1369=ADVANCED_FACE('',(#339),#304,.F.);
#1370=ADVANCED_FACE('',(#340),#305,.F.);
#1371=ADVANCED_FACE('',(#341),#39,.F.);
#1372=ADVANCED_FACE('',(#342),#40,.F.);
#1373=ADVANCED_FACE('',(#343),#41,.F.);
#1374=ADVANCED_FACE('',(#344),#42,.F.);
#1375=ADVANCED_FACE('',(#345),#43,.T.);
#1376=ADVANCED_FACE('',(#346),#44,.T.);
#1377=ADVANCED_FACE('',(#347),#45,.T.);
#1378=ADVANCED_FACE('',(#348),#46,.T.);
#1379=ADVANCED_FACE('',(#349),#47,.T.);
#1380=ADVANCED_FACE('',(#350),#48,.T.);
#1381=ADVANCED_FACE('',(#351),#49,.T.);
#1382=ADVANCED_FACE('',(#352),#50,.T.);
#1383=ADVANCED_FACE('',(#353),#51,.T.);
#1384=ADVANCED_FACE('',(#354),#52,.T.);
#1385=ADVANCED_FACE('',(#355),#53,.T.);
#1386=ADVANCED_FACE('',(#356),#54,.T.);
#1387=ADVANCED_FACE('',(#357),#55,.F.);
#1388=ADVANCED_FACE('',(#358),#56,.F.);
#1389=ADVANCED_FACE('',(#359),#57,.F.);
#1390=ADVANCED_FACE('',(#360),#58,.F.);
#1391=ADVANCED_FACE('',(#361),#59,.F.);
#1392=ADVANCED_FACE('',(#362),#60,.F.);
#1393=ADVANCED_FACE('',(#363),#61,.F.);
#1394=ADVANCED_FACE('',(#364),#62,.F.);
#1395=ADVANCED_FACE('',(#365),#63,.F.);
#1396=ADVANCED_FACE('',(#366),#64,.F.);
#1397=ADVANCED_FACE('',(#367),#65,.F.);
#1398=ADVANCED_FACE('',(#368),#66,.F.);
#1399=ADVANCED_FACE('',(#369,#25),#67,.T.);
#1400=ADVANCED_FACE('',(#370),#306,.T.);
#1401=ADVANCED_FACE('',(#371,#26),#68,.F.);
#1402=ADVANCED_FACE('',(#372),#69,.F.);
#1403=ADVANCED_FACE('',(#373,#27),#70,.F.);
#1404=ADVANCED_FACE('',(#374),#71,.F.);
#1405=ADVANCED_FACE('',(#375),#72,.F.);
#1406=ADVANCED_FACE('',(#376),#73,.F.);
#1407=ADVANCED_FACE('',(#377),#74,.T.);
#1408=ADVANCED_FACE('',(#378),#29,.F.);
#1409=ADVANCED_FACE('',(#379),#307,.T.);
#1410=ADVANCED_FACE('',(#380),#308,.T.);
#1411=ADVANCED_FACE('',(#381),#309,.T.);
#1412=ADVANCED_FACE('',(#382),#310,.T.);
#1413=ADVANCED_FACE('',(#383),#319,.T.);
#1414=ADVANCED_FACE('',(#384),#1349,.T.);
#1415=ADVANCED_FACE('',(#385),#1350,.T.);
#1416=ADVANCED_FACE('',(#386),#320,.T.);
#1417=ADVANCED_FACE('',(#387),#321,.T.);
#1418=ADVANCED_FACE('',(#388),#1351,.T.);
#1419=ADVANCED_FACE('',(#389),#1352,.T.);
#1420=ADVANCED_FACE('',(#390),#322,.T.);
#1421=ADVANCED_FACE('',(#391),#1353,.T.);
#1422=ADVANCED_FACE('',(#392),#323,.F.);
#1423=ADVANCED_FACE('',(#393),#324,.F.);
#1424=ADVANCED_FACE('',(#394),#1354,.T.);
#1425=ADVANCED_FACE('',(#395),#311,.T.);
#1426=ADVANCED_FACE('',(#396),#312,.T.);
#1427=ADVANCED_FACE('',(#397),#313,.F.);
#1428=ADVANCED_FACE('',(#398),#314,.T.);
#1429=ADVANCED_FACE('',(#399),#315,.T.);
#1430=ADVANCED_FACE('',(#400),#75,.T.);
#1431=ADVANCED_FACE('',(#401),#76,.T.);
#1432=ADVANCED_FACE('',(#402),#77,.T.);
#1433=ADVANCED_FACE('',(#403),#30,.F.);
#1434=ADVANCED_FACE('',(#404),#78,.T.);
#1435=ADVANCED_FACE('',(#405),#316,.T.);
#1436=ADVANCED_FACE('',(#406),#79,.T.);
#1437=ADVANCED_FACE('',(#407),#31,.F.);
#1438=ADVANCED_FACE('',(#408),#32,.F.);
#1439=ADVANCED_FACE('',(#409),#80,.T.);
#1440=ADVANCED_FACE('',(#410),#81,.F.);
#1441=ADVANCED_FACE('',(#411),#33,.T.);
#1442=CLOSED_SHELL('',(#1355,#1356,#1357,#1358,#1359,#1360,#1361,#1362,
#1363,#1364,#1365,#1366,#1367,#1368,#1369,#1370,#1371,#1372,#1373,#1374,
#1375,#1376,#1377,#1378,#1379,#1380,#1381,#1382,#1383,#1384,#1385,#1386,
#1387,#1388,#1389,#1390,#1391,#1392,#1393,#1394,#1395,#1396,#1397,#1398,
#1399,#1400,#1401,#1402,#1403,#1404,#1405,#1406,#1407,#1408,#1409,#1410,
#1411,#1412,#1413,#1414,#1415,#1416,#1417,#1418,#1419,#1420));
#1443=CLOSED_SHELL('',(#1421,#1422,#1423,#1424,#1425,#1426,#1427,#1428,
#1429,#1430,#1431,#1432,#1433,#1434,#1435,#1436,#1437));
#1444=CLOSED_SHELL('',(#1438,#1439));
#1445=CLOSED_SHELL('',(#1440,#1441));
#1446=DERIVED_UNIT_ELEMENT(#1448,1.);
#1447=DERIVED_UNIT_ELEMENT(#4160,-3.);
#1448=(
MASS_UNIT()
NAMED_UNIT(*)
SI_UNIT(.KILO.,.GRAM.)
);
#1449=DERIVED_UNIT((#1446,#1447));
#1450=MEASURE_REPRESENTATION_ITEM('density measure',
POSITIVE_RATIO_MEASURE(7850.),#1449);
#1451=PROPERTY_DEFINITION_REPRESENTATION(#1456,#1453);
#1452=PROPERTY_DEFINITION_REPRESENTATION(#1457,#1454);
#1453=REPRESENTATION('material name',(#1455),#4157);
#1454=REPRESENTATION('density',(#1450),#4157);
#1455=DESCRIPTIVE_REPRESENTATION_ITEM('Steel','Steel');
#1456=PROPERTY_DEFINITION('material property','material name',#4167);
#1457=PROPERTY_DEFINITION('material property','density of part',#4167);
#1458=AXIS2_PLACEMENT_3D('',#1984,#1597,#1598);
#1459=AXIS2_PLACEMENT_3D('',#2162,#1599,#1600);
#1460=AXIS2_PLACEMENT_3D('',#2163,#1601,#1602);
#1461=AXIS2_PLACEMENT_3D('',#2173,#1603,#1604);
#1462=AXIS2_PLACEMENT_3D('',#2175,#1605,#1606);
#1463=AXIS2_PLACEMENT_3D('',#2188,#1607,#1608);
#1464=AXIS2_PLACEMENT_3D('',#2199,#1609,#1610);
#1465=AXIS2_PLACEMENT_3D('',#2201,#1611,#1612);
#1466=AXIS2_PLACEMENT_3D('',#2202,#1613,#1614);
#1467=AXIS2_PLACEMENT_3D('',#2348,#1615,#1616);
#1468=AXIS2_PLACEMENT_3D('',#2351,#1617,#1618);
#1469=AXIS2_PLACEMENT_3D('',#2367,#1621,#1622);
#1470=AXIS2_PLACEMENT_3D('',#2389,#1624,#1625);
#1471=AXIS2_PLACEMENT_3D('',#2390,#1626,#1627);
#1472=AXIS2_PLACEMENT_3D('',#2399,#1629,#1630);
#1473=AXIS2_PLACEMENT_3D('',#2406,#1632,#1633);
#1474=AXIS2_PLACEMENT_3D('',#2408,#1634,#1635);
#1475=AXIS2_PLACEMENT_3D('',#2412,#1638,#1639);
#1476=AXIS2_PLACEMENT_3D('',#2413,#1640,#1641);
#1477=AXIS2_PLACEMENT_3D('',#2415,#1643,#1644);
#1478=AXIS2_PLACEMENT_3D('',#2434,#1645,#1646);
#1479=AXIS2_PLACEMENT_3D('',#2435,#1647,#1648);
#1480=AXIS2_PLACEMENT_3D('',#2436,#1649,#1650);
#1481=AXIS2_PLACEMENT_3D('',#2437,#1651,#1652);
#1482=AXIS2_PLACEMENT_3D('',#2441,#1654,#1655);
#1483=AXIS2_PLACEMENT_3D('',#2443,#1656,#1657);
#1484=AXIS2_PLACEMENT_3D('',#2445,#1659,#1660);
#1485=AXIS2_PLACEMENT_3D('',#2448,#1662,#1663);
#1486=AXIS2_PLACEMENT_3D('',#2449,#1664,#1665);
#1487=AXIS2_PLACEMENT_3D('',#2472,#1667,#1668);
#1488=AXIS2_PLACEMENT_3D('',#2493,#1669,#1670);
#1489=AXIS2_PLACEMENT_3D('',#2498,#1672,#1673);
#1490=AXIS2_PLACEMENT_3D('',#2502,#1676,#1677);
#1491=AXIS2_PLACEMENT_3D('',#2507,#1679,#1680);
#1492=AXIS2_PLACEMENT_3D('',#2511,#1683,#1684);
#1493=AXIS2_PLACEMENT_3D('',#2516,#1686,#1687);
#1494=AXIS2_PLACEMENT_3D('',#2520,#1690,#1691);
#1495=AXIS2_PLACEMENT_3D('',#2545,#1704,#1705);
#1496=AXIS2_PLACEMENT_3D('',#2551,#1709,#1710);
#1497=AXIS2_PLACEMENT_3D('',#2555,#1713,#1714);
#1498=AXIS2_PLACEMENT_3D('',#2559,#1717,#1718);
#1499=AXIS2_PLACEMENT_3D('',#2563,#1721,#1722);
#1500=AXIS2_PLACEMENT_3D('',#2567,#1725,#1726);
#1501=AXIS2_PLACEMENT_3D('',#2571,#1729,#1730);
#1502=AXIS2_PLACEMENT_3D('',#2575,#1733,#1734);
#1503=AXIS2_PLACEMENT_3D('',#2579,#1737,#1738);
#1504=AXIS2_PLACEMENT_3D('',#2583,#1741,#1742);
#1505=AXIS2_PLACEMENT_3D('',#2587,#1745,#1746);
#1506=AXIS2_PLACEMENT_3D('',#2591,#1749,#1750);
#1507=AXIS2_PLACEMENT_3D('',#2593,#1752,#1753);
#1508=AXIS2_PLACEMENT_3D('',#2599,#1757,#1758);
#1509=AXIS2_PLACEMENT_3D('',#2603,#1761,#1762);
#1510=AXIS2_PLACEMENT_3D('',#2607,#1765,#1766);
#1511=AXIS2_PLACEMENT_3D('',#2611,#1769,#1770);
#1512=AXIS2_PLACEMENT_3D('',#2615,#1773,#1774);
#1513=AXIS2_PLACEMENT_3D('',#2619,#1777,#1778);
#1514=AXIS2_PLACEMENT_3D('',#2623,#1781,#1782);
#1515=AXIS2_PLACEMENT_3D('',#2627,#1785,#1786);
#1516=AXIS2_PLACEMENT_3D('',#2631,#1789,#1790);
#1517=AXIS2_PLACEMENT_3D('',#2635,#1793,#1794);
#1518=AXIS2_PLACEMENT_3D('',#2639,#1797,#1798);
#1519=AXIS2_PLACEMENT_3D('',#2641,#1800,#1801);
#1520=AXIS2_PLACEMENT_3D('',#2643,#1802,#1803);
#1521=AXIS2_PLACEMENT_3D('',#2644,#1804,#1805);
#1522=AXIS2_PLACEMENT_3D('',#2646,#1806,#1807);
#1523=AXIS2_PLACEMENT_3D('',#2648,#1809,#1810);
#1524=AXIS2_PLACEMENT_3D('',#2657,#1815,#1816);
#1525=AXIS2_PLACEMENT_3D('',#2662,#1818,#1819);
#1526=AXIS2_PLACEMENT_3D('',#2666,#1822,#1823);
#1527=AXIS2_PLACEMENT_3D('',#2667,#1824,#1825);
#1528=AXIS2_PLACEMENT_3D('',#2668,#1826,#1827);
#1529=AXIS2_PLACEMENT_3D('',#2669,#1828,#1829);
#1530=AXIS2_PLACEMENT_3D('',#2670,#1830,#1831);
#1531=AXIS2_PLACEMENT_3D('',#2679,#1836,#1837);
#1532=AXIS2_PLACEMENT_3D('',#2682,#1840,#1841);
#1533=AXIS2_PLACEMENT_3D('',#2684,#1843,#1844);
#1534=AXIS2_PLACEMENT_3D('',#2686,#1846,#1847);
#1535=AXIS2_PLACEMENT_3D('',#2687,#1848,#1849);
#1536=AXIS2_PLACEMENT_3D('',#2704,#1850,#1851);
#1537=AXIS2_PLACEMENT_3D('',#2732,#1852,#1853);
#1538=AXIS2_PLACEMENT_3D('',#2750,#1854,#1855);
#1539=AXIS2_PLACEMENT_3D('',#2766,#1856,#1857);
#1540=AXIS2_PLACEMENT_3D('',#2794,#1858,#1859);
#1541=AXIS2_PLACEMENT_3D('',#2795,#1860,#1861);
#1542=AXIS2_PLACEMENT_3D('',#2796,#1862,#1863);
#1543=AXIS2_PLACEMENT_3D('',#2822,#1864,#1865);
#1544=AXIS2_PLACEMENT_3D('',#2848,#1866,#1867);
#1545=AXIS2_PLACEMENT_3D('',#2874,#1868,#1869);
#1546=AXIS2_PLACEMENT_3D('',#2900,#1870,#1871);
#1547=AXIS2_PLACEMENT_3D('',#2901,#1872,#1873);
#1548=AXIS2_PLACEMENT_3D('',#2902,#1874,#1875);
#1549=AXIS2_PLACEMENT_3D('',#3083,#1876,#1877);
#1550=AXIS2_PLACEMENT_3D('',#3264,#1878,#1879);
#1551=AXIS2_PLACEMENT_3D('',#3265,#1880,#1881);
#1552=AXIS2_PLACEMENT_3D('',#3266,#1882,#1883);
#1553=AXIS2_PLACEMENT_3D('',#3267,#1884,#1885);
#1554=AXIS2_PLACEMENT_3D('',#3268,#1886,#1887);
#1555=AXIS2_PLACEMENT_3D('',#3449,#1888,#1889);
#1556=AXIS2_PLACEMENT_3D('',#3630,#1890,#1891);
#1557=AXIS2_PLACEMENT_3D('',#3631,#1892,#1893);
#1558=AXIS2_PLACEMENT_3D('',#3715,#1894,#1895);
#1559=AXIS2_PLACEMENT_3D('',#3810,#1896,#1897);
#1560=AXIS2_PLACEMENT_3D('',#3833,#1898,#1899);
#1561=AXIS2_PLACEMENT_3D('',#3834,#1900,#1901);
#1562=AXIS2_PLACEMENT_3D('',#3835,#1902,#1903);
#1563=AXIS2_PLACEMENT_3D('',#3846,#1904,#1905);
#1564=AXIS2_PLACEMENT_3D('',#3848,#1906,#1907);
#1565=AXIS2_PLACEMENT_3D('',#3849,#1908,#1909);
#1566=AXIS2_PLACEMENT_3D('',#3995,#1910,#1911);
#1567=AXIS2_PLACEMENT_3D('',#4020,#1914,#1915);
#1568=AXIS2_PLACEMENT_3D('',#4043,#1917,#1918);
#1569=AXIS2_PLACEMENT_3D('',#4046,#1919,#1920);
#1570=AXIS2_PLACEMENT_3D('',#4062,#1923,#1924);
#1571=AXIS2_PLACEMENT_3D('',#4064,#1925,#1926);
#1572=AXIS2_PLACEMENT_3D('',#4085,#1928,#1929);
#1573=AXIS2_PLACEMENT_3D('',#4099,#1931,#1932);
#1574=AXIS2_PLACEMENT_3D('',#4101,#1934,#1935);
#1575=AXIS2_PLACEMENT_3D('',#4106,#1938,#1939);
#1576=AXIS2_PLACEMENT_3D('',#4107,#1940,#1941);
#1577=AXIS2_PLACEMENT_3D('',#4109,#1943,#1944);
#1578=AXIS2_PLACEMENT_3D('',#4110,#1945,#1946);
#1579=AXIS2_PLACEMENT_3D('',#4112,#1947,#1948);
#1580=AXIS2_PLACEMENT_3D('',#4114,#1949,#1950);
#1581=AXIS2_PLACEMENT_3D('',#4116,#1952,#1953);
#1582=AXIS2_PLACEMENT_3D('',#4118,#1954,#1955);
#1583=AXIS2_PLACEMENT_3D('',#4119,#1956,#1957);
#1584=AXIS2_PLACEMENT_3D('',#4120,#1958,#1959);
#1585=AXIS2_PLACEMENT_3D('',#4121,#1960,#1961);
#1586=AXIS2_PLACEMENT_3D('',#4140,#1962,#1963);
#1587=AXIS2_PLACEMENT_3D('',#4141,#1964,#1965);
#1588=AXIS2_PLACEMENT_3D('',#4142,#1966,#1967);
#1589=AXIS2_PLACEMENT_3D('',#4143,#1968,#1969);
#1590=AXIS2_PLACEMENT_3D('',#4145,#1970,#1971);
#1591=AXIS2_PLACEMENT_3D('',#4147,#1972,#1973);
#1592=AXIS2_PLACEMENT_3D('',#4148,#1974,#1975);
#1593=AXIS2_PLACEMENT_3D('',#4149,#1976,#1977);
#1594=AXIS2_PLACEMENT_3D('',#4151,#1978,#1979);
#1595=AXIS2_PLACEMENT_3D('',#4152,#1980,#1981);
#1596=AXIS2_PLACEMENT_3D('',#4154,#1982,#1983);
#1597=DIRECTION('axis',(0.,0.,1.));
#1598=DIRECTION('refdir',(1.,0.,0.));
#1599=DIRECTION('center_axis',(0.729767808495624,-0.680519490888384,-0.06581920847677));
#1600=DIRECTION('ref_axis',(-0.104011201691264,-0.0153553512023117,-0.994457582359445));
#1601=DIRECTION('center_axis',(-0.681998360062452,-0.731353701619214,0.));
#1602=DIRECTION('ref_axis',(0.00271553293353201,-0.00253227542742194,-0.999993106707265));
#1603=DIRECTION('center_axis',(-0.681998360062452,-0.731353701619214,0.));
#1604=DIRECTION('ref_axis',(0.000650388540379101,-0.000606497125754489,
-0.999999604577913));
#1605=DIRECTION('center_axis',(0.681998360062452,0.731353701619214,0.));
#1606=DIRECTION('ref_axis',(0.,0.,1.));
#1607=DIRECTION('center_axis',(0.681998360062452,-0.731353701619214,0.));
#1608=DIRECTION('ref_axis',(0.,0.,-1.));
#1609=DIRECTION('center_axis',(-0.681998360062452,0.731353701619214,0.));
#1610=DIRECTION('ref_axis',(0.,0.,-1.));
#1611=DIRECTION('center_axis',(0.729767808539827,0.680519490840913,0.0658192084774918));
#1612=DIRECTION('ref_axis',(0.104011201687892,-0.0153553512054382,-0.99445758235975));
#1613=DIRECTION('center_axis',(0.681998360062452,-0.731353701619214,0.));
#1614=DIRECTION('ref_axis',(-0.000650388540379927,-0.000606497125755258,
-0.999999604577913));
#1615=DIRECTION('center_axis',(0.,0.,1.));
#1616=DIRECTION('ref_axis',(1.39382331500142E-14,-1.,0.));
#1617=DIRECTION('center_axis',(0.,0.,-1.));
#1618=DIRECTION('ref_axis',(1.39382331500142E-14,-1.,0.));
#1619=DIRECTION('',(0.,0.,-1.));
#1620=DIRECTION('',(0.,0.,1.));
#1621=DIRECTION('center_axis',(0.,0.,1.));
#1622=DIRECTION('ref_axis',(-0.765546342944618,0.643380755699237,0.));
#1623=DIRECTION('',(0.,0.,1.));
#1624=DIRECTION('center_axis',(0.,0.,1.));
#1625=DIRECTION('ref_axis',(0.892931976428057,0.450191609731105,0.));
#1626=DIRECTION('center_axis',(0.,0.,1.));
#1627=DIRECTION('ref_axis',(7.60135647361211E-15,-1.,0.));
#1628=DIRECTION('',(0.,0.,1.));
#1629=DIRECTION('center_axis',(0.,0.,1.));
#1630=DIRECTION('ref_axis',(7.60135647361211E-15,-1.,0.));
#1631=DIRECTION('',(0.,0.,-1.));
#1632=DIRECTION('center_axis',(0.681998360062452,-0.731353701619214,0.));
#1633=DIRECTION('ref_axis',(0.731353701619214,0.681998360062452,0.));
#1634=DIRECTION('center_axis',(-0.681998360062452,0.731353701619214,0.));
#1635=DIRECTION('ref_axis',(0.,0.,1.));
#1636=DIRECTION('',(0.,0.,1.));
#1637=DIRECTION('',(0.731353701619214,0.681998360062452,0.));
#1638=DIRECTION('center_axis',(0.,0.,-1.));
#1639=DIRECTION('ref_axis',(-1.,0.,0.));
#1640=DIRECTION('center_axis',(0.,0.,1.));
#1641=DIRECTION('ref_axis',(0.681998360062454,-0.731353701619212,0.));
#1642=DIRECTION('',(0.731353701619214,-0.681998360062452,0.));
#1643=DIRECTION('center_axis',(0.,0.,1.));
#1644=DIRECTION('ref_axis',(0.681998360062454,-0.731353701619212,0.));
#1645=DIRECTION('center_axis',(-0.681998360062452,-0.731353701619214,0.));
#1646=DIRECTION('ref_axis',(0.731353701619214,-0.681998360062452,0.));
#1647=DIRECTION('center_axis',(0.681998360062452,0.731353701619214,0.));
#1648=DIRECTION('ref_axis',(0.,0.,1.));
#1649=DIRECTION('center_axis',(0.,0.,-1.));
#1650=DIRECTION('ref_axis',(4.30130928826061E-15,1.,0.));
#1651=DIRECTION('center_axis',(0.681998360062452,-0.731353701619214,0.));
#1652=DIRECTION('ref_axis',(0.731353701619214,0.681998360062452,0.));
#1653=DIRECTION('',(0.,0.,1.));
#1654=DIRECTION('center_axis',(-0.681998360062452,0.731353701619214,0.));
#1655=DIRECTION('ref_axis',(0.,0.,1.));
#1656=DIRECTION('center_axis',(-0.681998360062452,0.731353701619214,0.));
#1657=DIRECTION('ref_axis',(0.,0.,1.));
#1658=DIRECTION('',(0.,0.,1.));
#1659=DIRECTION('center_axis',(-0.681998360062452,-0.731353701619214,0.));
#1660=DIRECTION('ref_axis',(0.731353701619214,-0.681998360062452,0.));
#1661=DIRECTION('',(0.,0.,1.));
#1662=DIRECTION('center_axis',(0.681998360062452,0.731353701619214,0.));
#1663=DIRECTION('ref_axis',(0.,0.,1.));
#1664=DIRECTION('center_axis',(0.,0.,1.));
#1665=DIRECTION('ref_axis',(-0.60011297129936,0.799915259060767,0.));
#1666=DIRECTION('',(0.,0.,1.));
#1667=DIRECTION('center_axis',(0.,0.,1.));
#1668=DIRECTION('ref_axis',(0.600112971299354,0.799915259060772,0.));
#1669=DIRECTION('center_axis',(-0.949925789891699,0.,-0.312475588964375));
#1670=DIRECTION('ref_axis',(-0.312475588964375,0.,0.949925789891699));
#1671=DIRECTION('',(-0.299299263014499,-0.287327292013919,0.909869759044077));
#1672=DIRECTION('center_axis',(-0.949925789891699,0.,-0.312475588964375));
#1673=DIRECTION('ref_axis',(-0.312475588964374,0.,0.949925789891698));
#1674=DIRECTION('',(0.299299263014499,-0.287327292013919,-0.909869759044077));
#1675=DIRECTION('',(0.,1.,0.));
#1676=DIRECTION('center_axis',(0.949925789891699,0.,-0.312475588964375));
#1677=DIRECTION('ref_axis',(-0.312475588964375,0.,-0.949925789891699));
#1678=DIRECTION('',(0.299299263014499,0.287327292013919,0.909869759044077));
#1679=DIRECTION('center_axis',(0.949925789891699,0.,-0.312475588964375));
#1680=DIRECTION('ref_axis',(-0.312475588964374,0.,-0.949925789891698));
#1681=DIRECTION('',(-0.299299263014499,0.287327292013919,-0.909869759044077));
#1682=DIRECTION('',(0.,-1.,0.));
#1683=DIRECTION('center_axis',(0.,0.953582665103915,-0.301131368032815));
#1684=DIRECTION('ref_axis',(0.,0.301131368032815,0.953582665103915));
#1685=DIRECTION('',(-0.299299263014499,0.287327292013919,0.909869759044077));
#1686=DIRECTION('center_axis',(0.,0.953582665103915,-0.301131368032815));
#1687=DIRECTION('ref_axis',(0.,0.301131368032815,0.953582665103915));
#1688=DIRECTION('',(-0.299299263014499,-0.287327292013919,-0.909869759044077));
#1689=DIRECTION('',(1.,0.,0.));
#1690=DIRECTION('center_axis',(0.,0.,1.));
#1691=DIRECTION('ref_axis',(1.,0.,0.));
#1692=DIRECTION('',(0.,-1.,0.));
#1693=DIRECTION('',(1.,0.,0.));
#1694=DIRECTION('',(0.,-1.,0.));
#1695=DIRECTION('',(-1.,0.,0.));
#1696=DIRECTION('',(0.,-1.,0.));
#1697=DIRECTION('',(-1.,0.,0.));
#1698=DIRECTION('',(0.,1.,0.));
#1699=DIRECTION('',(-1.,0.,0.));
#1700=DIRECTION('',(0.,1.,0.));
#1701=DIRECTION('',(1.,0.,0.));
#1702=DIRECTION('',(0.,1.,0.));
#1703=DIRECTION('',(1.,0.,0.));
#1704=DIRECTION('center_axis',(0.,-1.,0.));
#1705=DIRECTION('ref_axis',(0.,0.,-1.));
#1706=DIRECTION('',(0.,0.,1.));
#1707=DIRECTION('',(1.,0.,0.));
#1708=DIRECTION('',(0.,0.,1.));
#1709=DIRECTION('center_axis',(-1.,0.,0.));
#1710=DIRECTION('ref_axis',(0.,0.,1.));
#1711=DIRECTION('',(0.,-1.,0.));
#1712=DIRECTION('',(0.,0.,1.));
#1713=DIRECTION('center_axis',(0.,-1.,0.));
#1714=DIRECTION('ref_axis',(0.,0.,-1.));
#1715=DIRECTION('',(1.,0.,0.));
#1716=DIRECTION('',(0.,0.,1.));
#1717=DIRECTION('center_axis',(-1.,0.,0.));
#1718=DIRECTION('ref_axis',(0.,0.,1.));
#1719=DIRECTION('',(0.,-1.,0.));
#1720=DIRECTION('',(0.,0.,1.));
#1721=DIRECTION('center_axis',(0.,1.,0.));
#1722=DIRECTION('ref_axis',(0.,0.,1.));
#1723=DIRECTION('',(-1.,0.,0.));
#1724=DIRECTION('',(0.,0.,1.));
#1725=DIRECTION('center_axis',(-1.,0.,0.));
#1726=DIRECTION('ref_axis',(0.,0.,1.));
#1727=DIRECTION('',(0.,-1.,0.));
#1728=DIRECTION('',(0.,0.,1.));
#1729=DIRECTION('center_axis',(0.,1.,0.));
#1730=DIRECTION('ref_axis',(0.,0.,1.));
#1731=DIRECTION('',(-1.,0.,0.));
#1732=DIRECTION('',(0.,0.,1.));
#1733=DIRECTION('center_axis',(1.,0.,0.));
#1734=DIRECTION('ref_axis',(0.,0.,-1.));
#1735=DIRECTION('',(0.,1.,0.));
#1736=DIRECTION('',(0.,0.,1.));
#1737=DIRECTION('center_axis',(0.,1.,0.));
#1738=DIRECTION('ref_axis',(0.,0.,1.));
#1739=DIRECTION('',(-1.,0.,0.));
#1740=DIRECTION('',(0.,0.,1.));
#1741=DIRECTION('center_axis',(1.,0.,0.));
#1742=DIRECTION('ref_axis',(0.,0.,-1.));
#1743=DIRECTION('',(0.,1.,0.));
#1744=DIRECTION('',(0.,0.,1.));
#1745=DIRECTION('center_axis',(0.,-1.,0.));
#1746=DIRECTION('ref_axis',(0.,0.,-1.));
#1747=DIRECTION('',(1.,0.,0.));
#1748=DIRECTION('',(0.,0.,1.));
#1749=DIRECTION('center_axis',(1.,0.,0.));
#1750=DIRECTION('ref_axis',(0.,0.,-1.));
#1751=DIRECTION('',(0.,1.,0.));
#1752=DIRECTION('center_axis',(0.,0.707106781186548,0.707106781186548));
#1753=DIRECTION('ref_axis',(1.,0.,0.));
#1754=DIRECTION('',(-0.577350269189626,-0.577350269189626,0.577350269189626));
#1755=DIRECTION('',(0.577350269189626,-0.577350269189626,0.577350269189626));
#1756=DIRECTION('',(-1.,0.,0.));
#1757=DIRECTION('center_axis',(0.707106781186548,0.,0.707106781186548));
#1758=DIRECTION('ref_axis',(0.,-1.,0.));
#1759=DIRECTION('',(-0.577350269189626,-0.577350269189626,0.577350269189626));
#1760=DIRECTION('',(0.,1.,0.));
#1761=DIRECTION('center_axis',(0.,0.707106781186548,0.707106781186548));
#1762=DIRECTION('ref_axis',(1.,0.,0.));
#1763=DIRECTION('',(-0.577350269189626,-0.577350269189626,0.577350269189626));
#1764=DIRECTION('',(-1.,0.,0.));
#1765=DIRECTION('center_axis',(0.707106781186548,0.,0.707106781186548));
#1766=DIRECTION('ref_axis',(0.,-1.,0.));
#1767=DIRECTION('',(-0.577350269189626,0.577350269189626,0.577350269189626));
#1768=DIRECTION('',(0.,1.,0.));
#1769=DIRECTION('center_axis',(0.,-0.707106781186548,0.707106781186548));
#1770=DIRECTION('ref_axis',(-1.,0.,0.));
#1771=DIRECTION('',(1.,0.,0.));
#1772=DIRECTION('',(0.577350269189626,-0.577350269189626,-0.577350269189626));
#1773=DIRECTION('center_axis',(0.707106781186548,0.,0.707106781186548));
#1774=DIRECTION('ref_axis',(0.,-1.,0.));
#1775=DIRECTION('',(0.,1.,0.));
#1776=DIRECTION('',(0.577350269189626,-0.577350269189626,-0.577350269189626));
#1777=DIRECTION('center_axis',(0.,-0.707106781186548,0.707106781186548));
#1778=DIRECTION('ref_axis',(-1.,0.,0.));
#1779=DIRECTION('',(1.,0.,0.));
#1780=DIRECTION('',(-0.577350269189626,-0.577350269189626,-0.577350269189626));
#1781=DIRECTION('center_axis',(-0.707106781186548,0.,0.707106781186548));
#1782=DIRECTION('ref_axis',(0.,1.,0.));
#1783=DIRECTION('',(0.,-1.,0.));
#1784=DIRECTION('',(-0.577350269189626,-0.577350269189626,-0.577350269189626));
#1785=DIRECTION('center_axis',(0.,-0.707106781186548,0.707106781186548));
#1786=DIRECTION('ref_axis',(-1.,0.,0.));
#1787=DIRECTION('',(1.,0.,0.));
#1788=DIRECTION('',(-0.577350269189626,-0.577350269189626,-0.577350269189626));
#1789=DIRECTION('center_axis',(-0.707106781186548,0.,0.707106781186548));
#1790=DIRECTION('ref_axis',(0.,1.,0.));
#1791=DIRECTION('',(0.,-1.,0.));
#1792=DIRECTION('',(-0.577350269189626,0.577350269189626,-0.577350269189626));
#1793=DIRECTION('center_axis',(0.,0.707106781186548,0.707106781186548));
#1794=DIRECTION('ref_axis',(1.,0.,0.));
#1795=DIRECTION('',(-1.,0.,0.));
#1796=DIRECTION('',(0.577350269189626,-0.577350269189626,0.577350269189626));
#1797=DIRECTION('center_axis',(-0.707106781186548,0.,0.707106781186548));
#1798=DIRECTION('ref_axis',(0.,1.,0.));
#1799=DIRECTION('',(0.,-1.,0.));
#1800=DIRECTION('center_axis',(0.,0.,-1.));
#1801=DIRECTION('ref_axis',(-1.,0.,0.));
#1802=DIRECTION('center_axis',(0.,0.,1.));
#1803=DIRECTION('ref_axis',(-1.,0.,0.));
#1804=DIRECTION('center_axis',(0.,0.,1.));
#1805=DIRECTION('ref_axis',(1.,0.,0.));
#1806=DIRECTION('center_axis',(0.,0.,-1.));
#1807=DIRECTION('ref_axis',(1.,0.,0.));
#1808=DIRECTION('',(0.,0.,-1.));
#1809=DIRECTION('center_axis',(0.,0.,1.));
#1810=DIRECTION('ref_axis',(1.,0.,0.));
#1811=DIRECTION('',(0.,1.,0.));
#1812=DIRECTION('',(1.,0.,0.));
#1813=DIRECTION('',(0.,1.,0.));
#1814=DIRECTION('',(1.,0.,0.));
#1815=DIRECTION('center_axis',(0.,-0.953582665103915,-0.301131368032815));
#1816=DIRECTION('ref_axis',(0.,0.301131368032815,-0.953582665103915));
#1817=DIRECTION('',(0.299299263014499,-0.287327292013919,0.909869759044077));
#1818=DIRECTION('center_axis',(0.,-0.953582665103915,-0.301131368032815));
#1819=DIRECTION('ref_axis',(0.,0.301131368032815,-0.953582665103915));
#1820=DIRECTION('',(0.299299263014499,0.287327292013919,-0.909869759044077));
#1821=DIRECTION('',(-1.,0.,0.));
#1822=DIRECTION('center_axis',(0.,0.,1.));
#1823=DIRECTION('ref_axis',(1.,0.,0.));
#1824=DIRECTION('center_axis',(0.,0.,-1.));
#1825=DIRECTION('ref_axis',(0.721387321110885,-0.69253182810645,0.));
#1826=DIRECTION('center_axis',(0.,0.,-1.));
#1827=DIRECTION('ref_axis',(0.721387321110885,0.69253182810645,0.));
#1828=DIRECTION('center_axis',(0.,0.,-1.));
#1829=DIRECTION('ref_axis',(-0.721387321110885,0.69253182810645,0.));
#1830=DIRECTION('center_axis',(0.,0.,-1.));
#1831=DIRECTION('ref_axis',(0.721387321110885,0.69253182810645,0.));
#1832=DIRECTION('',(-1.,0.,0.));
#1833=DIRECTION('',(0.,-1.,0.));
#1834=DIRECTION('',(1.,0.,0.));
#1835=DIRECTION('',(0.,1.,0.));
#1836=DIRECTION('center_axis',(-0.925305138879264,0.,0.379223416950518));
#1837=DIRECTION('ref_axis',(0.379223416950518,0.,0.925305138879264));
#1838=DIRECTION('',(-0.35634379793479,0.342090045937399,-0.869478865840888));
#1839=DIRECTION('',(0.35634379793479,0.342090045937399,0.869478865840888));
#1840=DIRECTION('center_axis',(0.,-0.9305659516918,0.366124308878741));
#1841=DIRECTION('ref_axis',(0.,-0.366124308878741,-0.930565951691799));
#1842=DIRECTION('',(-0.35634379793479,0.342090045937399,0.869478865840888));
#1843=DIRECTION('center_axis',(0.925305138879264,0.,0.379223416950518));
#1844=DIRECTION('ref_axis',(0.379223416950518,0.,-0.925305138879264));
#1845=DIRECTION('',(-0.35634379793479,-0.342090045937399,0.869478865840888));
#1846=DIRECTION('center_axis',(0.,-0.9305659516918,-0.366124308878741));
#1847=DIRECTION('ref_axis',(0.,0.366124308878741,-0.930565951691799));
#1848=DIRECTION('center_axis',(-8.10511549485512E-17,0.,-1.));
#1849=DIRECTION('ref_axis',(-0.70178641301875,0.712387416019034,0.));
#1850=DIRECTION('center_axis',(-0.949925789891699,0.,0.312475588964375));
#1851=DIRECTION('ref_axis',(0.312475588964374,0.,0.949925789891699));
#1852=DIRECTION('center_axis',(0.,-0.953582665103915,0.301131368032815));
#1853=DIRECTION('ref_axis',(0.,-0.301131368032815,-0.953582665103915));
#1854=DIRECTION('center_axis',(0.712387416019034,0.70178641301875,0.));
#1855=DIRECTION('ref_axis',(0.70178641301875,-0.712387416019034,0.));
#1856=DIRECTION('center_axis',(0.949925789891699,0.,0.312475588964375));
#1857=DIRECTION('ref_axis',(0.312475588964374,0.,-0.949925789891699));
#1858=DIRECTION('center_axis',(0.,0.953582665103915,0.301131368032815));
#1859=DIRECTION('ref_axis',(0.,-0.301131368032815,0.953582665103915));
#1860=DIRECTION('center_axis',(0.127749721792993,-0.129723261031478,0.983286267639883));
#1861=DIRECTION('ref_axis',(0.73117718877695,-0.657532925284485,-0.181742594839692));
#1862=DIRECTION('center_axis',(0.299299263014499,0.287327292013919,-0.909869759044077));
#1863=DIRECTION('ref_axis',(0.642165434885638,0.644637543062384,0.414808380234334));
#1864=DIRECTION('center_axis',(0.299299263014499,0.287327292013919,0.909869759044077));
#1865=DIRECTION('ref_axis',(-0.642165434885641,-0.644637543062381,0.414808380234334));
#1866=DIRECTION('center_axis',(-0.299299263014499,0.287327292013919,0.909869759044077));
#1867=DIRECTION('ref_axis',(0.949925789893231,-1.47119816312649E-12,0.312475588959716));
#1868=DIRECTION('center_axis',(0.299299263014499,-0.287327292013919,0.909869759044077));
#1869=DIRECTION('ref_axis',(-0.642165434885642,0.644637543062381,0.414808380234334));
#1870=DIRECTION('center_axis',(-0.949925789891699,0.,-0.312475588964375));
#1871=DIRECTION('ref_axis',(0.312475588964374,0.,-0.949925789891699));
#1872=DIRECTION('center_axis',(-0.0412698709985461,0.991239871965079,0.12546040799558));
#1873=DIRECTION('ref_axis',(-3.25027071159596E-12,-0.125567386894885,0.992085092796173));
#1874=DIRECTION('center_axis',(-0.0412698709985461,-0.991239871965079,0.12546040799558));
#1875=DIRECTION('ref_axis',(3.25027071159596E-12,-0.125567386894885,-0.992085092796173));
#1876=DIRECTION('center_axis',(-0.991560715022095,-0.0390396220008699,-0.123625468002755));
#1877=DIRECTION('ref_axis',(-0.123719784124771,-5.99792004124093E-12,0.992317194759881));
#1878=DIRECTION('center_axis',(-0.991560715022095,0.0390396220008699,-0.123625468002755));
#1879=DIRECTION('ref_axis',(-0.123719784124771,5.99792004124093E-12,0.992317194759881));
#1880=DIRECTION('center_axis',(0.,0.953582665103915,-0.301131368032815));
#1881=DIRECTION('ref_axis',(1.59603019231188E-16,-0.301131368032815,-0.953582665103915));
#1882=DIRECTION('center_axis',(-0.991560715022095,0.0390396220008699,0.123625468002755));
#1883=DIRECTION('ref_axis',(0.123719784124771,-5.99792004124093E-12,0.992317194759881));
#1884=DIRECTION('center_axis',(0.,-0.953582665103915,-0.301131368032815));
#1885=DIRECTION('ref_axis',(0.,0.301131368032815,-0.953582665103915));
#1886=DIRECTION('center_axis',(-0.991560715022095,-0.0390396220008699,0.123625468002755));
#1887=DIRECTION('ref_axis',(0.123719784124771,5.99792004124093E-12,0.992317194759881));
#1888=DIRECTION('center_axis',(-0.0412698709985461,0.991239871965079,-0.12546040799558));
#1889=DIRECTION('ref_axis',(3.25027071159596E-12,0.125567386894885,0.992085092796173));
#1890=DIRECTION('center_axis',(-0.0412698709985461,-0.991239871965079,-0.12546040799558));
#1891=DIRECTION('ref_axis',(-3.25027071159596E-12,0.125567386894885,-0.992085092796173));
#1892=DIRECTION('center_axis',(0.949925789891699,0.,-0.312475588964375));
#1893=DIRECTION('ref_axis',(-0.312475588964375,0.,-0.949925789891699));
#1894=DIRECTION('center_axis',(0.729767808495624,-0.680519490888384,-0.06581920847677));
#1895=DIRECTION('ref_axis',(-0.104011201691264,-0.0153553512023117,-0.994457582359445));
#1896=DIRECTION('center_axis',(-0.681998360062452,-0.731353701619214,0.));
#1897=DIRECTION('ref_axis',(0.00271553293353201,-0.00253227542742194,-0.999993106707265));
#1898=DIRECTION('center_axis',(0.681998360062452,0.731353701619214,0.));
#1899=DIRECTION('ref_axis',(0.000650388540379101,-0.000606497125754489,
-0.999999604577913));
#1900=DIRECTION('center_axis',(-0.681998360062452,-0.731353701619214,0.));
#1901=DIRECTION('ref_axis',(0.000650388540379101,-0.000606497125754489,
-0.999999604577913));
#1902=DIRECTION('center_axis',(0.681998360062452,-0.731353701619214,0.));
#1903=DIRECTION('ref_axis',(0.,0.,-1.));
#1904=DIRECTION('center_axis',(0.681998360062452,-0.731353701619214,0.));
#1905=DIRECTION('ref_axis',(-0.000650388540379927,-0.000606497125755258,
-0.999999604577913));
#1906=DIRECTION('center_axis',(0.729767808539827,0.680519490840913,0.0658192084774918));
#1907=DIRECTION('ref_axis',(0.104011201687892,-0.0153553512054382,-0.99445758235975));
#1908=DIRECTION('center_axis',(-0.681998360062452,0.731353701619214,0.));
#1909=DIRECTION('ref_axis',(-0.000650388540379927,-0.000606497125755259,
-0.999999604577913));
#1910=DIRECTION('center_axis',(0.,0.,1.));
#1911=DIRECTION('ref_axis',(0.600112971299354,0.799915259060771,0.));
#1912=DIRECTION('',(0.,0.,1.));
#1913=DIRECTION('',(0.,0.,1.));
#1914=DIRECTION('center_axis',(0.,0.,1.));
#1915=DIRECTION('ref_axis',(-0.600112971299357,0.799915259060769,0.));
#1916=DIRECTION('',(0.,0.,1.));
#1917=DIRECTION('center_axis',(0.,0.,1.));
#1918=DIRECTION('ref_axis',(1.39382331500142E-14,-1.,0.));
#1919=DIRECTION('center_axis',(0.,0.,-1.));
#1920=DIRECTION('ref_axis',(1.39382331500142E-14,-1.,0.));
#1921=DIRECTION('',(0.,0.,1.));
#1922=DIRECTION('',(0.,0.,-1.));
#1923=DIRECTION('center_axis',(0.,0.,1.));
#1924=DIRECTION('ref_axis',(-0.765546342944618,0.643380755699237,0.));
#1925=DIRECTION('center_axis',(0.,0.,1.));
#1926=DIRECTION('ref_axis',(0.892931976428057,0.450191609731105,0.));
#1927=DIRECTION('',(0.,0.,1.));
#1928=DIRECTION('center_axis',(0.,0.,1.));
#1929=DIRECTION('ref_axis',(7.60135647361211E-15,-1.,0.));
#1930=DIRECTION('',(0.,0.,-1.));
#1931=DIRECTION('center_axis',(0.,0.,1.));
#1932=DIRECTION('ref_axis',(7.60135647361211E-15,-1.,0.));
#1933=DIRECTION('',(0.,0.,1.));
#1934=DIRECTION('center_axis',(0.681998360062452,-0.731353701619214,0.));
#1935=DIRECTION('ref_axis',(0.731353701619214,0.681998360062452,0.));
#1936=DIRECTION('',(0.731353701619214,0.681998360062452,0.));
#1937=DIRECTION('',(0.,0.,1.));
#1938=DIRECTION('center_axis',(-0.681998360062452,0.731353701619214,0.));
#1939=DIRECTION('ref_axis',(0.,0.,1.));
#1940=DIRECTION('center_axis',(0.,0.,-1.));
#1941=DIRECTION('ref_axis',(-1.,0.,0.));
#1942=DIRECTION('',(0.731353701619214,-0.681998360062452,0.));
#1943=DIRECTION('center_axis',(0.,0.,1.));
#1944=DIRECTION('ref_axis',(0.681998360062454,-0.731353701619212,0.));
#1945=DIRECTION('center_axis',(0.681998360062452,-0.731353701619214,0.));
#1946=DIRECTION('ref_axis',(0.731353701619214,0.681998360062452,0.));
#1947=DIRECTION('center_axis',(0.681998360062452,-0.731353701619214,0.));
#1948=DIRECTION('ref_axis',(0.,0.,1.));
#1949=DIRECTION('center_axis',(0.681998360062452,-0.731353701619214,0.));
#1950=DIRECTION('ref_axis',(0.,0.,1.));
#1951=DIRECTION('',(0.,0.,1.));
#1952=DIRECTION('center_axis',(-8.10511549485512E-17,0.,-1.));
#1953=DIRECTION('ref_axis',(-0.70178641301875,0.712387416019034,0.));
#1954=DIRECTION('center_axis',(0.712387416019034,0.70178641301875,0.));
#1955=DIRECTION('ref_axis',(0.70178641301875,-0.712387416019034,0.));
#1956=DIRECTION('center_axis',(-0.681998360062452,-0.731353701619214,0.));
#1957=DIRECTION('ref_axis',(0.,0.,1.));
#1958=DIRECTION('center_axis',(-0.681998360062452,-0.731353701619214,0.));
#1959=DIRECTION('ref_axis',(0.731353701619214,-0.681998360062452,0.));
#1960=DIRECTION('center_axis',(0.,0.,1.));
#1961=DIRECTION('ref_axis',(0.681998360062454,-0.731353701619212,0.));
#1962=DIRECTION('center_axis',(-0.681998360062452,-0.731353701619214,0.));
#1963=DIRECTION('ref_axis',(0.731353701619214,-0.681998360062452,0.));
#1964=DIRECTION('center_axis',(0.681998360062452,0.731353701619214,0.));
#1965=DIRECTION('ref_axis',(0.,0.,1.));
#1966=DIRECTION('center_axis',(0.,0.,-1.));
#1967=DIRECTION('ref_axis',(2.78788564979854E-15,1.,0.));
#1968=DIRECTION('center_axis',(-7.96538757085297E-17,0.,-1.));
#1969=DIRECTION('ref_axis',(-0.701786413018751,0.712387416019034,0.));
#1970=DIRECTION('center_axis',(0.,0.,-1.));
#1971=DIRECTION('ref_axis',(0.,-1.,0.));
#1972=DIRECTION('center_axis',(0.712387416019034,0.70178641301875,0.));
#1973=DIRECTION('ref_axis',(0.70178641301875,-0.712387416019034,0.));
#1974=DIRECTION('center_axis',(0.,0.,-1.));
#1975=DIRECTION('ref_axis',(-1.,0.,0.));
#1976=DIRECTION('center_axis',(0.,0.,-1.));
#1977=DIRECTION('ref_axis',(-1.,0.,0.));
#1978=DIRECTION('center_axis',(0.,0.,1.));
#1979=DIRECTION('ref_axis',(0.,1.,0.));
#1980=DIRECTION('center_axis',(-7.96538757085297E-17,0.,-1.));
#1981=DIRECTION('ref_axis',(-0.701786413018751,0.712387416019034,0.));
#1982=DIRECTION('center_axis',(-0.712387416019034,-0.70178641301875,0.));
#1983=DIRECTION('ref_axis',(0.70178641301875,-0.712387416019034,0.));
#1984=CARTESIAN_POINT('',(0.,0.,0.));
#1985=CARTESIAN_POINT('Ctrl Pts',(-28.5743195599109,108.11280838628,6.27647789511708));
#1986=CARTESIAN_POINT('Ctrl Pts',(-28.7273462285689,108.416748072059,6.29939302563683));
#1987=CARTESIAN_POINT('Ctrl Pts',(-29.0083031033875,108.782757834063,6.33321475783828));
#1988=CARTESIAN_POINT('Ctrl Pts',(-29.7216029208923,109.346022436639,6.40338177712987));
#1989=CARTESIAN_POINT('Ctrl Pts',(-30.7078851502019,109.712986470208,6.48274349539181));
#1990=CARTESIAN_POINT('Ctrl Pts',(-32.0989001543474,109.513299807868,6.56383687879895));
#1991=CARTESIAN_POINT('Ctrl Pts',(-33.2247194897717,108.670150311557,6.59997427385977));
#1992=CARTESIAN_POINT('Ctrl Pts',(-33.8093374219395,107.390276223235,6.58217625649879));
#1993=CARTESIAN_POINT('Ctrl Pts',(-33.707388224394,105.988236281455,6.51477019393361));
#1994=CARTESIAN_POINT('Ctrl Pts',(-33.2019307131237,105.201046328888,6.44812606834869));
#1995=CARTESIAN_POINT('Ctrl Pts',(-32.8702645541938,104.891762632085,6.41341445242454));
#1996=CARTESIAN_POINT('Ctrl Pts',(-28.577377419747,108.118881869849,6.15930443825039));
#1997=CARTESIAN_POINT('Ctrl Pts',(-28.7313529195539,108.422774373565,6.18171556396449));
#1998=CARTESIAN_POINT('Ctrl Pts',(-29.0137425861715,108.78822945832,6.21478847173797));
#1999=CARTESIAN_POINT('Ctrl Pts',(-29.7288392969856,109.349326502384,6.28334712782972));
#2000=CARTESIAN_POINT('Ctrl Pts',(-30.7155438184525,109.712747089598,6.36082716175356));
#2001=CARTESIAN_POINT('Ctrl Pts',(-32.1027264550698,109.509868773193,6.43988378187939));
#2002=CARTESIAN_POINT('Ctrl Pts',(-33.2237585226153,108.6684076068,6.47508691165512));
#2003=CARTESIAN_POINT('Ctrl Pts',(-33.8069879468696,107.393513800339,6.45775496044471));
#2004=CARTESIAN_POINT('Ctrl Pts',(-33.7085925893936,105.995225714617,6.39207679020471));
#2005=CARTESIAN_POINT('Ctrl Pts',(-33.2065613475086,105.207213728114,6.32704921679017));
#2006=CARTESIAN_POINT('Ctrl Pts',(-32.8760659773315,104.897172546682,6.29315709351227));
#2007=CARTESIAN_POINT('Ctrl Pts',(-28.4941683145613,108.175924506274,5.92614777732141));
#2008=CARTESIAN_POINT('Ctrl Pts',(-28.6549211232179,108.491693409817,5.9476033718334));
#2009=CARTESIAN_POINT('Ctrl Pts',(-28.9491482534746,108.871025598625,5.97922559495887));
#2010=CARTESIAN_POINT('Ctrl Pts',(-29.6934398697873,109.452505260205,6.04471974985053));
#2011=CARTESIAN_POINT('Ctrl Pts',(-30.7186804482984,109.827415233784,6.11859748861028));
#2012=CARTESIAN_POINT('Ctrl Pts',(-32.1566631198608,109.614460877522,6.19378364902826));
#2013=CARTESIAN_POINT('Ctrl Pts',(-33.3171564470337,108.741659585093,6.2271872102896));
#2014=CARTESIAN_POINT('Ctrl Pts',(-33.9218144442474,107.421362880809,6.21073842530564));
#2015=CARTESIAN_POINT('Ctrl Pts',(-33.8217963014403,105.971848678132,6.14830573389147));
#2016=CARTESIAN_POINT('Ctrl Pts',(-33.3022768536574,105.153403152165,6.08635319289245));
#2017=CARTESIAN_POINT('Ctrl Pts',(-32.9597089897195,104.830606478072,6.05401002551343));
#2018=CARTESIAN_POINT('Ctrl Pts',(-28.2846022974116,108.287323964391,5.83552829112234));
#2019=CARTESIAN_POINT('Ctrl Pts',(-28.4578488772364,108.630241935715,5.85778465327346));
#2020=CARTESIAN_POINT('Ctrl Pts',(-28.7756675273546,109.042893905989,5.89064433283241));
#2021=CARTESIAN_POINT('Ctrl Pts',(-29.5815727686012,109.677183097786,5.95872387572729));
#2022=CARTESIAN_POINT('Ctrl Pts',(-30.6946241636472,110.089151984066,6.03565884965052));
#2023=CARTESIAN_POINT('Ctrl Pts',(-32.2617482474798,109.862049991413,6.11412291408361));
#2024=CARTESIAN_POINT('Ctrl Pts',(-33.5289891747361,108.911844012862,6.14906986292976));
#2025=CARTESIAN_POINT('Ctrl Pts',(-34.1876781941307,107.470913903947,6.13187301721861));
#2026=CARTESIAN_POINT('Ctrl Pts',(-34.0746182067116,105.891354179275,6.06671400191758));
#2027=CARTESIAN_POINT('Ctrl Pts',(-33.5062111084051,105.002852131044,6.00216196559812));
#2028=CARTESIAN_POINT('Ctrl Pts',(-33.1326575845668,104.653410529907,5.96851795197282));
#2029=CARTESIAN_POINT('Ctrl Pts',(-28.1797296268205,108.339827520573,5.84010609135033));
#2030=CARTESIAN_POINT('Ctrl Pts',(-28.3590597621381,108.696010828078,5.86324819158773));
#2031=CARTESIAN_POINT('Ctrl Pts',(-28.6883097864736,109.124933320631,5.89740492118321));
#2032=CARTESIAN_POINT('Ctrl Pts',(-29.5242173698834,109.785016417815,5.96826693056194));
#2033=CARTESIAN_POINT('Ctrl Pts',(-30.6800297991452,110.215057209879,6.04841471053844));
#2034=CARTESIAN_POINT('Ctrl Pts',(-32.3101437597368,109.981046782203,6.130311307452));
#2035=CARTESIAN_POINT('Ctrl Pts',(-33.6294780662035,108.992969902582,6.16680663607755));
#2036=CARTESIAN_POINT('Ctrl Pts',(-34.3145848766971,107.493100661089,6.14883233296635));
#2037=CARTESIAN_POINT('Ctrl Pts',(-34.1951118230674,105.85006670704,6.08075862703014));
#2038=CARTESIAN_POINT('Ctrl Pts',(-33.6027721695395,104.927568152033,6.01345440490534));
#2039=CARTESIAN_POINT('Ctrl Pts',(-33.2140965374895,104.565122261485,5.97839897746948));
#2040=CARTESIAN_POINT('',(-28.5750000000001,108.943696539029,5.88440615268129));
#2041=CARTESIAN_POINT('',(-33.2140965374896,104.565122261485,5.97839897746949));
#2042=CARTESIAN_POINT('Ctrl Pts',(-28.5752650328734,108.943428319054,5.88441128648897));
#2043=CARTESIAN_POINT('Ctrl Pts',(-28.6759252913745,109.064699905266,5.89448973317288));
#2044=CARTESIAN_POINT('Ctrl Pts',(-28.7854786473214,109.178583681747,5.9047888835401));
#2045=CARTESIAN_POINT('Ctrl Pts',(-28.9028306677867,109.28377403593,5.91520006572126));
#2046=CARTESIAN_POINT('Ctrl Pts',(-29.0017751302523,109.372464482075,5.92397817470023));
#2047=CARTESIAN_POINT('Ctrl Pts',(-29.1062635781785,109.454974869223,5.93283592587257));
#2048=CARTESIAN_POINT('Ctrl Pts',(-29.2155390571698,109.530539640987,5.9417031885877));
#2049=CARTESIAN_POINT('Ctrl Pts',(-29.6526409731348,109.832798728044,5.97717223944822));
#2050=CARTESIAN_POINT('Ctrl Pts',(-30.16633538614,110.023927968962,6.01279347499333));
#2051=CARTESIAN_POINT('Ctrl Pts',(-30.6948682527412,110.080490851474,6.04425352558481));
#2052=CARTESIAN_POINT('Ctrl Pts',(-31.2234011193424,110.137053733987,6.0757135761763));
#2053=CARTESIAN_POINT('Ctrl Pts',(-31.7667724395396,110.059050258095,6.10301244181415));
#2054=CARTESIAN_POINT('Ctrl Pts',(-32.258347150716,109.855369040212,6.122744429404));
#2055=CARTESIAN_POINT('Ctrl Pts',(-32.7499218618924,109.65168782233,6.14247641699385));
#2056=CARTESIAN_POINT('Ctrl Pts',(-33.189699964048,109.322328862456,6.1546415265357));
#2057=CARTESIAN_POINT('Ctrl Pts',(-33.5237734835413,108.907671175603,6.15772836412143));
#2058=CARTESIAN_POINT('Ctrl Pts',(-33.8578470030347,108.493013488751,6.16081520170715));
#2059=CARTESIAN_POINT('Ctrl Pts',(-34.0862159398659,107.99305707492,6.15482376733675));
#2060=CARTESIAN_POINT('Ctrl Pts',(-34.1804882326766,107.469239875663,6.14048243249552));
#2061=CARTESIAN_POINT('Ctrl Pts',(-34.2747605254872,106.945422676406,6.12614109765428));
#2062=CARTESIAN_POINT('Ctrl Pts',(-34.2349361742773,106.397744691723,6.10344986234221));
#2063=CARTESIAN_POINT('Ctrl Pts',(-34.0669390852904,105.893281060629,6.07527818915498));
#2064=CARTESIAN_POINT('Ctrl Pts',(-33.8989419963035,105.388817429536,6.04710651596774));
#2065=CARTESIAN_POINT('Ctrl Pts',(-33.6027721695396,104.927568152033,6.01345440490535));
#2066=CARTESIAN_POINT('Ctrl Pts',(-33.2140965374896,104.565122261485,5.97839897746949));
#2067=CARTESIAN_POINT('',(-28.5750000000001,108.114158935647,6.27657974822737));
#2068=CARTESIAN_POINT('Ctrl Pts',(-28.5749999999997,108.943696539029,5.88440615268132));
#2069=CARTESIAN_POINT('Ctrl Pts',(-28.5749999999997,108.942147669333,5.88427744122974));
#2070=CARTESIAN_POINT('Ctrl Pts',(-28.5749999999985,108.940598512175,5.8841521304572));
#2071=CARTESIAN_POINT('Ctrl Pts',(-28.5750000000296,108.816267867738,5.87436873961892));
#2072=CARTESIAN_POINT('Ctrl Pts',(-28.575,108.688826999092,5.88585345837316));
#2073=CARTESIAN_POINT('Ctrl Pts',(-28.575,108.466135019341,5.94072460219096));
#2074=CARTESIAN_POINT('Ctrl Pts',(-28.575,108.371717971804,5.9790367094597));
#2075=CARTESIAN_POINT('Ctrl Pts',(-28.575,108.253407603745,6.05182140805077));
#2076=CARTESIAN_POINT('Ctrl Pts',(-28.5749999999321,108.21138817029,6.08411007784439));
#2077=CARTESIAN_POINT('Ctrl Pts',(-28.5749999999362,108.158011461485,6.14565698177925));
#2078=CARTESIAN_POINT('Ctrl Pts',(-28.575,108.140581508177,6.17195857891343));
#2079=CARTESIAN_POINT('Ctrl Pts',(-28.575,108.119348559709,6.22516148342827));
#2080=CARTESIAN_POINT('Ctrl Pts',(-28.575,108.114158935647,6.25042679555802));
#2081=CARTESIAN_POINT('Ctrl Pts',(-28.575,108.114158935647,6.27657974822737));
#2082=CARTESIAN_POINT('',(-32.8702645541932,104.891762632084,6.41341445243789));
#2083=CARTESIAN_POINT('Ctrl Pts',(-32.8702645541939,104.891762632085,6.41341445242455));
#2084=CARTESIAN_POINT('Ctrl Pts',(-33.0324759545672,105.043027210096,6.43039122161452));
#2085=CARTESIAN_POINT('Ctrl Pts',(-33.1757831443808,105.214431994299,6.44703300045323));
#2086=CARTESIAN_POINT('Ctrl Pts',(-33.2966651900806,105.400466182472,6.46287090435478));
#2087=CARTESIAN_POINT('Ctrl Pts',(-33.3724311525784,105.517067942831,6.47279772207283));
#2088=CARTESIAN_POINT('Ctrl Pts',(-33.4393867804523,105.639417728953,6.48240873507458));
#2089=CARTESIAN_POINT('Ctrl Pts',(-33.4966560276356,105.766163775734,6.49158812649718));
#2090=CARTESIAN_POINT('Ctrl Pts',(-33.5348389635851,105.850668748719,6.49770827181046));
#2091=CARTESIAN_POINT('Ctrl Pts',(-33.5687124318889,105.937120917093,6.50363693043319));
#2092=CARTESIAN_POINT('Ctrl Pts',(-33.5980154338152,106.0251123446,6.509338975009));
#2093=CARTESIAN_POINT('Ctrl Pts',(-33.6725621247401,106.24896209784,6.5238449480046));
#2094=CARTESIAN_POINT('Ctrl Pts',(-33.7175255379739,106.482773516873,6.53688406098642));
#2095=CARTESIAN_POINT('Ctrl Pts',(-33.7322124735414,106.718447289829,6.54804802078566));
#2096=CARTESIAN_POINT('Ctrl Pts',(-33.734140272407,106.74938169613,6.54951339584214));
#2097=CARTESIAN_POINT('Ctrl Pts',(-33.7355465096427,106.780348198964,6.55094646873293));
#2098=CARTESIAN_POINT('Ctrl Pts',(-33.7364296844412,106.811328497299,6.5523463209263));
#2099=CARTESIAN_POINT('Ctrl Pts',(-33.740801004919,106.964667126014,6.55927496355636));
#2100=CARTESIAN_POINT('Ctrl Pts',(-33.7323575311577,107.118466276921,6.56539697704633));
#2101=CARTESIAN_POINT('Ctrl Pts',(-33.7108810137668,107.270439314581,6.57060090462961));
#2102=CARTESIAN_POINT('Ctrl Pts',(-33.7061815870441,107.303693596051,6.57173961235875));
#2103=CARTESIAN_POINT('Ctrl Pts',(-33.700858323715,107.336860424047,6.5728343733687));
#2104=CARTESIAN_POINT('Ctrl Pts',(-33.6949092703551,107.369915838862,6.57388404144897));
#2105=CARTESIAN_POINT('Ctrl Pts',(-33.6677330851272,107.520918027184,6.57867908571088));
#2106=CARTESIAN_POINT('Ctrl Pts',(-33.6274940290095,107.669593777519,6.5825328161161));
#2107=CARTESIAN_POINT('Ctrl Pts',(-33.5751655989344,107.813853379871,6.58542007820314));
#2108=CARTESIAN_POINT('Ctrl Pts',(-33.5687239090932,107.831611902602,6.58577550348206));
#2109=CARTESIAN_POINT('Ctrl Pts',(-33.5620990767872,107.849303530739,6.58611628796652));
#2110=CARTESIAN_POINT('Ctrl Pts',(-33.5552929659516,107.866924392023,6.58644238894756));
#2111=CARTESIAN_POINT('Ctrl Pts',(-33.4659945437465,108.0981159122,6.59072094152907));
#2112=CARTESIAN_POINT('Ctrl Pts',(-33.3453803952234,108.317396997939,6.59242790678859));
#2113=CARTESIAN_POINT('Ctrl Pts',(-33.1973778788168,108.516207688102,6.59149183538521));
#2114=CARTESIAN_POINT('Ctrl Pts',(-33.1769435212303,108.543657010137,6.59136259421927));
#2115=CARTESIAN_POINT('Ctrl Pts',(-33.1559871446692,108.570716137284,6.59118297602617));
#2116=CARTESIAN_POINT('Ctrl Pts',(-33.1345191548787,108.59736257155,6.59095279857108));
#2117=CARTESIAN_POINT('Ctrl Pts',(-33.0874653003053,108.655766616601,6.59044829225245));
#2118=CARTESIAN_POINT('Ctrl Pts',(-33.0379536100513,108.712188043582,6.58970089488027));
#2119=CARTESIAN_POINT('Ctrl Pts',(-32.9861917959845,108.76647097407,6.58871868140831));
#2120=CARTESIAN_POINT('Ctrl Pts',(-32.8667782593356,108.891700679135,6.58645273330456));
#2121=CARTESIAN_POINT('Ctrl Pts',(-32.7354324083819,109.005510043898,6.58291188647298));
#2122=CARTESIAN_POINT('Ctrl Pts',(-32.5946503146908,109.106054473627,6.57818218215173));
#2123=CARTESIAN_POINT('Ctrl Pts',(-32.4538682209998,109.206598903357,6.57345247783048));
#2124=CARTESIAN_POINT('Ctrl Pts',(-32.3036485354348,109.293879426322,6.56753387584685));
#2125=CARTESIAN_POINT('Ctrl Pts',(-32.1464582952665,109.36600794297,6.56050865741519));
#2126=CARTESIAN_POINT('Ctrl Pts',(-32.1161221459601,109.379928027627,6.55915286029303));
#2127=CARTESIAN_POINT('Ctrl Pts',(-32.0855305005711,109.393281699331,6.55775650910218));
#2128=CARTESIAN_POINT('Ctrl Pts',(-32.0547015901339,109.406055493474,6.55632012867424));
#2129=CARTESIAN_POINT('Ctrl Pts',(-31.8316536461822,109.498474216019,6.545927880079));
#2130=CARTESIAN_POINT('Ctrl Pts',(-31.596189122256,109.560542248458,6.53344058180926));
#2131=CARTESIAN_POINT('Ctrl Pts',(-31.3568209744149,109.591178403224,6.51933675858759));
#2132=CARTESIAN_POINT('Ctrl Pts',(-31.2904740056151,109.599669992531,6.51542752535132));
#2133=CARTESIAN_POINT('Ctrl Pts',(-31.2238269322418,109.605746548919,6.51139408097484));
#2134=CARTESIAN_POINT('Ctrl Pts',(-31.15706065321,109.609384489827,6.50724657743776));
#2135=CARTESIAN_POINT('Ctrl Pts',(-31.0115539350423,109.617312816075,6.49820773871527));
#2136=CARTESIAN_POINT('Ctrl Pts',(-30.8654026812502,109.613660041985,6.48862837782069));
#2137=CARTESIAN_POINT('Ctrl Pts',(-30.7205471554907,109.598157796803,6.47862312190146));
#2138=CARTESIAN_POINT('Ctrl Pts',(-30.5618285964936,109.581171948292,6.46766033816524));
#2139=CARTESIAN_POINT('Ctrl Pts',(-30.4046670165983,109.5499594128,6.45618630193894));
#2140=CARTESIAN_POINT('Ctrl Pts',(-30.2514293580423,109.505419174175,6.44439286639559));
#2141=CARTESIAN_POINT('Ctrl Pts',(-30.2137445762585,109.494465671042,6.44149258033588));
#2142=CARTESIAN_POINT('Ctrl Pts',(-30.1762970313592,109.482706363513,6.43857298267993));
#2143=CARTESIAN_POINT('Ctrl Pts',(-30.1391217372972,109.470155066477,6.43563693370345));
#2144=CARTESIAN_POINT('Ctrl Pts',(-29.9270620452375,109.39855847924,6.41888877723194));
#2145=CARTESIAN_POINT('Ctrl Pts',(-29.723656710751,109.301118060161,6.40158898171121));
#2146=CARTESIAN_POINT('Ctrl Pts',(-29.5352963921021,109.180240756929,6.38425417654905));
#2147=CARTESIAN_POINT('Ctrl Pts',(-29.509305722054,109.163561648892,6.38186225448951));
#2148=CARTESIAN_POINT('Ctrl Pts',(-29.4836014781347,109.146436391155,6.37946966768631));
#2149=CARTESIAN_POINT('Ctrl Pts',(-29.4582004198577,109.12887137893,6.37707777460146));
#2150=CARTESIAN_POINT('Ctrl Pts',(-29.3783907564932,109.073682429819,6.36956249000882));
#2151=CARTESIAN_POINT('Ctrl Pts',(-29.3015742528025,109.014152101684,6.3620540556412));
#2152=CARTESIAN_POINT('Ctrl Pts',(-29.2281587097129,108.950693375984,6.35459629622597));
#2153=CARTESIAN_POINT('Ctrl Pts',(-29.2157952999514,108.940006725777,6.35334038594221));
#2154=CARTESIAN_POINT('Ctrl Pts',(-29.2035280755274,108.929208444674,6.3520859035993));
#2155=CARTESIAN_POINT('Ctrl Pts',(-29.1913589865275,108.918300488876,6.35083305716477));
#2156=CARTESIAN_POINT('Ctrl Pts',(-29.001970261105,108.748538903155,6.33133488524847));
#2157=CARTESIAN_POINT('Ctrl Pts',(-28.8363534852994,108.552209353855,6.31223294148499));
#2158=CARTESIAN_POINT('Ctrl Pts',(-28.700872277182,108.336874778758,6.29425555939914));
#2159=CARTESIAN_POINT('Ctrl Pts',(-28.6554478635096,108.264676966581,6.28822806634707));
#2160=CARTESIAN_POINT('Ctrl Pts',(-28.6134108280333,108.190343058543,6.28232698741593));
#2161=CARTESIAN_POINT('Ctrl Pts',(-28.5750000063112,108.114158932465,6.27657974822737));
#2162=CARTESIAN_POINT('Origin',(-33.168597882638,104.571839305545,6.41341445242455));
#2163=CARTESIAN_POINT('Origin',(-31.0498367108167,102.596062548899,50.333090126));
#2164=CARTESIAN_POINT('',(-28.575,100.479522213281,6.02278432992137));
#2165=CARTESIAN_POINT('',(-28.9135776021248,100.554823479068,5.98030460193994));
#2166=CARTESIAN_POINT('Ctrl Pts',(-28.9135776012299,100.554823480978,5.9803046019141));
#2167=CARTESIAN_POINT('Ctrl Pts',(-28.8838516012223,100.540913007715,5.98155024124293));
#2168=CARTESIAN_POINT('Ctrl Pts',(-28.8533174761716,100.528857814824,5.98297065944132));
#2169=CARTESIAN_POINT('Ctrl Pts',(-28.8221595287845,100.51871996961,5.9850106491551));
#2170=CARTESIAN_POINT('Ctrl Pts',(-28.7375194636944,100.491180675441,5.99055224854263));
#2171=CARTESIAN_POINT('Ctrl Pts',(-28.6536939298801,100.479522213281,6.00039484278018));
#2172=CARTESIAN_POINT('Ctrl Pts',(-28.575,100.479522213281,6.02278432992138));
#2173=CARTESIAN_POINT('Origin',(-31.0743494662203,102.569775837008,50.333090126));
#2174=CARTESIAN_POINT('',(-28.575,100.886363636347,6.41869361915604));
#2175=CARTESIAN_POINT('Origin',(-30.7515033823934,102.915985875458,50.333090126));
#2176=CARTESIAN_POINT('Ctrl Pts',(-28.575,100.479522213281,6.02278432992137));
#2177=CARTESIAN_POINT('Ctrl Pts',(-28.575,100.513302713193,6.02945404355252));
#2178=CARTESIAN_POINT('Ctrl Pts',(-28.575,100.546117930141,6.03841688329108));
#2179=CARTESIAN_POINT('Ctrl Pts',(-28.575,100.648860186852,6.07501029525931));
#2180=CARTESIAN_POINT('Ctrl Pts',(-28.575,100.711084346358,6.1111395324228));
#2181=CARTESIAN_POINT('Ctrl Pts',(-28.575,100.799368808706,6.19040461859291));
#2182=CARTESIAN_POINT('Ctrl Pts',(-28.575,100.831672345443,6.23127597873542));
#2183=CARTESIAN_POINT('Ctrl Pts',(-28.575,100.872754520068,6.31710609544811));
#2184=CARTESIAN_POINT('Ctrl Pts',(-28.5749999999998,100.88375666186,6.35906204279577));
#2185=CARTESIAN_POINT('Ctrl Pts',(-28.5749999999998,100.886228118243,6.40790602534318));
#2186=CARTESIAN_POINT('Ctrl Pts',(-28.575,100.886363636347,6.41330492537401));
#2187=CARTESIAN_POINT('Ctrl Pts',(-28.575,100.886363636347,6.41869361915604));
#2188=CARTESIAN_POINT('Origin',(-26.1001632891833,102.596062548899,50.333090126));
#2189=CARTESIAN_POINT('',(-28.2364223978753,100.554823479068,5.98030460193994));
#2190=CARTESIAN_POINT('Ctrl Pts',(-28.575,100.479522213281,6.02278432992138));
#2191=CARTESIAN_POINT('Ctrl Pts',(-28.556993247527,100.479522213281,6.01766116535758));
#2192=CARTESIAN_POINT('Ctrl Pts',(-28.538497284902,100.480130456716,6.0131354598011));
#2193=CARTESIAN_POINT('Ctrl Pts',(-28.4417992936068,100.486859947943,5.99278149178863));
#2194=CARTESIAN_POINT('Ctrl Pts',(-28.3610663646074,100.503945214703,5.98634933508976));
#2195=CARTESIAN_POINT('Ctrl Pts',(-28.2661843035783,100.541447823239,5.98158832463945));
#2196=CARTESIAN_POINT('Ctrl Pts',(-28.2511973451857,100.547909449591,5.98092373177792));
#2197=CARTESIAN_POINT('Ctrl Pts',(-28.23642239877,100.554823480978,5.98030460191409));
#2198=CARTESIAN_POINT('',(-24.2797354459351,104.891762631964,6.41341445241105));
#2199=CARTESIAN_POINT('Origin',(-26.3984966176066,102.915985875458,50.333090126));
#2200=CARTESIAN_POINT('',(-23.9359034626615,104.565122261344,5.97839897745585));
#2201=CARTESIAN_POINT('Origin',(-23.9814021175117,104.571839305406,6.41341445241105));
#2202=CARTESIAN_POINT('Origin',(-26.0756505337797,102.569775837008,50.333090126));
#2203=CARTESIAN_POINT('Ctrl Pts',(-24.2797354459351,104.891762631964,6.41341445241105));
#2204=CARTESIAN_POINT('Ctrl Pts',(-24.0309858266527,105.123725404616,6.43944816436175));
#2205=CARTESIAN_POINT('Ctrl Pts',(-23.7583145567476,105.495968554033,6.47311831214841));
#2206=CARTESIAN_POINT('Ctrl Pts',(-23.4173071242783,106.339109226341,6.53162616446001));
#2207=CARTESIAN_POINT('Ctrl Pts',(-23.3416119571636,107.390326301443,6.58211625731352));
#2208=CARTESIAN_POINT('Ctrl Pts',(-23.925487445722,108.670810278772,6.59998991973165));
#2209=CARTESIAN_POINT('Ctrl Pts',(-25.0517685222454,109.513321736702,6.56379386630555));
#2210=CARTESIAN_POINT('Ctrl Pts',(-26.4424127153775,109.71385746944,6.4827610483999));
#2211=CARTESIAN_POINT('Ctrl Pts',(-27.7575804372436,109.223535526776,6.37689351218413));
#2212=CARTESIAN_POINT('Ctrl Pts',(-28.3716448818835,108.518061300642,6.30703140247599));
#2213=CARTESIAN_POINT('Ctrl Pts',(-28.5756804400892,108.11280838628,6.27647789511708));
#2214=CARTESIAN_POINT('Ctrl Pts',(-24.273934022797,104.897172546562,6.29315709349909));
#2215=CARTESIAN_POINT('Ctrl Pts',(-24.0260624950794,105.129703432685,6.31857618596493));
#2216=CARTESIAN_POINT('Ctrl Pts',(-23.7549119025718,105.502429848169,6.35143702346716));
#2217=CARTESIAN_POINT('Ctrl Pts',(-23.4168226128024,106.344863693067,6.40849994570737));
#2218=CARTESIAN_POINT('Ctrl Pts',(-23.3436327930174,107.39331381672,6.45770314225456));
#2219=CARTESIAN_POINT('Ctrl Pts',(-23.9262466002202,108.668784432932,6.47510322729584));
#2220=CARTESIAN_POINT('Ctrl Pts',(-25.0476219332371,109.509799559034,6.43985272577368));
#2221=CARTESIAN_POINT('Ctrl Pts',(-26.4344101473223,109.71340331443,6.36085271907049));
#2222=CARTESIAN_POINT('Ctrl Pts',(-27.7501751957536,109.227996629338,6.25749965444796));
#2223=CARTESIAN_POINT('Ctrl Pts',(-28.3673219138489,108.524071874793,6.18918593920179));
#2224=CARTESIAN_POINT('Ctrl Pts',(-28.5726225802531,108.118881869849,6.15930443825039));
#2225=CARTESIAN_POINT('Ctrl Pts',(-24.1902921827042,104.830607930155,6.05400800851271));
#2226=CARTESIAN_POINT('Ctrl Pts',(-23.9333662846627,105.072705435776,6.07826538405406));
#2227=CARTESIAN_POINT('Ctrl Pts',(-23.6526793393113,105.460052734732,6.10958357546889));
#2228=CARTESIAN_POINT('Ctrl Pts',(-23.3034641460586,106.334694784549,6.16391547079832));
#2229=CARTESIAN_POINT('Ctrl Pts',(-23.2292262796925,107.42147990713,6.21067382387284));
#2230=CARTESIAN_POINT('Ctrl Pts',(-23.8331285196336,108.742403478216,6.22719678287262));
#2231=CARTESIAN_POINT('Ctrl Pts',(-24.9941230790849,109.614541503071,6.19372912228717));
#2232=CARTESIAN_POINT('Ctrl Pts',(-26.4316924437605,109.828378476273,6.11860334015087));
#2233=CARTESIAN_POINT('Ctrl Pts',(-27.7988761072965,109.327397121395,6.02004281735154));
#2234=CARTESIAN_POINT('Ctrl Pts',(-28.4414930207076,108.596949028488,5.95475344698435));
#2235=CARTESIAN_POINT('Ctrl Pts',(-28.6558300989113,108.175923823774,5.92614598763572));
#2236=CARTESIAN_POINT('Ctrl Pts',(-24.0173424155784,104.653410529771,5.96851795195972));
#2237=CARTESIAN_POINT('Ctrl Pts',(-23.7371772726039,104.91549173068,5.99375096218605));
#2238=CARTESIAN_POINT('Ctrl Pts',(-23.4303861423513,105.335730639355,6.02637473182717));
#2239=CARTESIAN_POINT('Ctrl Pts',(-23.0472985561865,106.286600017011,6.08300680403647));
#2240=CARTESIAN_POINT('Ctrl Pts',(-22.9633265280666,107.470922167951,6.13183687948005));
#2241=CARTESIAN_POINT('Ctrl Pts',(-23.6212113212717,108.912531744677,6.14908979627189));
#2242=CARTESIAN_POINT('Ctrl Pts',(-24.8889504712299,109.862064159634,6.1141174556759));
#2243=CARTESIAN_POINT('Ctrl Pts',(-26.4556440186332,110.090094664289,6.03570321758068));
#2244=CARTESIAN_POINT('Ctrl Pts',(-27.9398764313471,109.539673814091,5.93308920740609));
#2245=CARTESIAN_POINT('Ctrl Pts',(-28.6344022628278,108.744547926145,5.86520344065644));
#2246=CARTESIAN_POINT('Ctrl Pts',(-28.8653977025885,108.287323964391,5.83552829112233));
#2247=CARTESIAN_POINT('Ctrl Pts',(-23.9359034626616,104.565122261344,5.97839897745584));
#2248=CARTESIAN_POINT('Ctrl Pts',(-23.6443967385245,104.836956679313,6.0046905480404));
#2249=CARTESIAN_POINT('Ctrl Pts',(-23.3248565161688,105.273184004533,6.03869419180825));
#2250=CARTESIAN_POINT('Ctrl Pts',(-22.9252339566156,106.26125054341,6.09778155252402));
#2251=CARTESIAN_POINT('Ctrl Pts',(-22.8365276893969,107.493159347145,6.14877173950132));
#2252=CARTESIAN_POINT('Ctrl Pts',(-23.5207644390435,108.993743310322,6.16682243691863));
#2253=CARTESIAN_POINT('Ctrl Pts',(-24.8406398544196,109.981072480343,6.13026786892857));
#2254=CARTESIAN_POINT('Ctrl Pts',(-26.4703192659891,110.216077923534,6.0484324374055));
#2255=CARTESIAN_POINT('Ctrl Pts',(-28.0115486974074,109.641475463072,5.94151630472715));
#2256=CARTESIAN_POINT('Ctrl Pts',(-28.7311635260953,108.814738597235,5.87096222499943));
#2257=CARTESIAN_POINT('Ctrl Pts',(-28.9702703731796,108.339827520573,5.84010609135033));
#2258=CARTESIAN_POINT('Ctrl Pts',(-28.5749999921215,108.114158931675,6.27657974822737));
#2259=CARTESIAN_POINT('Ctrl Pts',(-28.4692551237768,108.323892374737,6.29240180638948));
#2260=CARTESIAN_POINT('Ctrl Pts',(-28.3359370970703,108.519511855941,6.30939064073737));
#2261=CARTESIAN_POINT('Ctrl Pts',(-28.1801985918026,108.695218185005,6.3269719968654));
#2262=CARTESIAN_POINT('Ctrl Pts',(-28.0997952393286,108.785930355918,6.33604875005052));
#2263=CARTESIAN_POINT('Ctrl Pts',(-28.0134152342579,108.871334551523,6.34528346820044));
#2264=CARTESIAN_POINT('Ctrl Pts',(-27.9217637180473,108.950628974665,6.35459723995104));
#2265=CARTESIAN_POINT('Ctrl Pts',(-27.8483968059943,109.014104050796,6.36205290136461));
#2266=CARTESIAN_POINT('Ctrl Pts',(-27.7716530219814,109.07366250255,6.3695580856964));
#2267=CARTESIAN_POINT('Ctrl Pts',(-27.6919018538665,109.128887338434,6.3770712577676));
#2268=CARTESIAN_POINT('Ctrl Pts',(-27.5201089477054,109.247847790963,6.39325546791911));
#2269=CARTESIAN_POINT('Ctrl Pts',(-27.3343601976042,109.34669611692,6.40947666410503));
#2270=CARTESIAN_POINT('Ctrl Pts',(-27.1399129803502,109.423416083128,6.42530816958716));
#2271=CARTESIAN_POINT('Ctrl Pts',(-27.097345003552,109.440211457151,6.4287739695485));
#2272=CARTESIAN_POINT('Ctrl Pts',(-27.0543602066978,109.455946518616,6.43222109827868));
#2273=CARTESIAN_POINT('Ctrl Pts',(-27.0110138053717,109.47060044692,6.43564508996442));
#2274=CARTESIAN_POINT('Ctrl Pts',(-26.8636772426281,109.520409874255,6.44728340711204));
#2275=CARTESIAN_POINT('Ctrl Pts',(-26.7120371675518,109.55776641838,6.45866022890868));
#2276=CARTESIAN_POINT('Ctrl Pts',(-26.5583041375111,109.581797962867,6.46960023571621));
#2277=CARTESIAN_POINT('Ctrl Pts',(-26.5156255762006,109.588469474803,6.47263734329907));
#2278=CARTESIAN_POINT('Ctrl Pts',(-26.4727858300756,109.594114314678,6.47564079091417));
#2279=CARTESIAN_POINT('Ctrl Pts',(-26.4298324046199,109.598714505712,6.4786068450478));
#2280=CARTESIAN_POINT('Ctrl Pts',(-26.2848366899374,109.614243138868,6.4886192045821));
#2281=CARTESIAN_POINT('Ctrl Pts',(-26.1385458845526,109.617864933598,6.49820530946267));
#2282=CARTESIAN_POINT('Ctrl Pts',(-25.9929050849228,109.609866705035,6.50725544916528));
#2283=CARTESIAN_POINT('Ctrl Pts',(-25.7523854607744,109.596657968661,6.52220137232208));
#2284=CARTESIAN_POINT('Ctrl Pts',(-25.5134574453646,109.551760742895,6.53565299412189));
#2285=CARTESIAN_POINT('Ctrl Pts',(-25.2845439415632,109.476371643634,6.54715247921928));
#2286=CARTESIAN_POINT('Ctrl Pts',(-25.2208013593343,109.455379016379,6.55035459207955));
#2287=CARTESIAN_POINT('Ctrl Pts',(-25.1578353819541,109.432021810374,6.55340532717118));
#2288=CARTESIAN_POINT('Ctrl Pts',(-25.0958281970084,109.406325196241,6.55629476167146));
#2289=CARTESIAN_POINT('Ctrl Pts',(-25.06481683048,109.393473667501,6.55773984118001));
#2290=CARTESIAN_POINT('Ctrl Pts',(-25.0340452856996,109.380036988538,6.55914457494263));
#2291=CARTESIAN_POINT('Ctrl Pts',(-25.0035322132716,109.366028728674,6.56050844467017));
#2292=CARTESIAN_POINT('Ctrl Pts',(-24.8463552556285,109.293870289941,6.56753392186198));
#2293=CARTESIAN_POINT('Ctrl Pts',(-24.696130783805,109.206593613247,6.57345340520544));
#2294=CARTESIAN_POINT('Ctrl Pts',(-24.555343429072,109.106057587918,6.57818376980237));
#2295=CARTESIAN_POINT('Ctrl Pts',(-24.4145560743388,109.005521562588,6.58291413439929));
#2296=CARTESIAN_POINT('Ctrl Pts',(-24.2832044236205,108.891725139884,6.58645542494493));
#2297=CARTESIAN_POINT('Ctrl Pts',(-24.1638043745179,108.766482891325,6.5887205940304));
#2298=CARTESIAN_POINT('Ctrl Pts',(-24.1121857259342,108.712338561698,6.58969986470813));
#2299=CARTESIAN_POINT('Ctrl Pts',(-24.0628111787592,108.656064628013,6.59044490741912));
#2300=CARTESIAN_POINT('Ctrl Pts',(-24.0158884133306,108.597814506978,6.59094776847519));
#2301=CARTESIAN_POINT('Ctrl Pts',(-23.8758096421306,108.423920123253,6.59244896215323));
#2302=CARTESIAN_POINT('Ctrl Pts',(-23.7575848607476,108.232412946297,6.59179155172453));
#2303=CARTESIAN_POINT('Ctrl Pts',(-23.6640255232557,108.029620422012,6.58904047866274));
#2304=CARTESIAN_POINT('Ctrl Pts',(-23.6393255067116,107.976082433831,6.5883141850403));
#2305=CARTESIAN_POINT('Ctrl Pts',(-23.6163443500813,107.921757933785,6.58744198738757));
#2306=CARTESIAN_POINT('Ctrl Pts',(-23.5951331621275,107.866763395584,6.58642512463091));
#2307=CARTESIAN_POINT('Ctrl Pts',(-23.5380326423925,107.718718094172,6.58368773000544));
#2308=CARTESIAN_POINT('Ctrl Pts',(-23.4937141071855,107.565689774353,6.57990880443973));
#2309=CARTESIAN_POINT('Ctrl Pts',(-23.4632346599105,107.409991590093,6.575120958832));
#2310=CARTESIAN_POINT('Ctrl Pts',(-23.4606376832336,107.396725452111,6.57471301431569));
#2311=CARTESIAN_POINT('Ctrl Pts',(-23.4581411463741,107.383439944164,6.57429774767869));
#2312=CARTESIAN_POINT('Ctrl Pts',(-23.4557456868377,107.370136503197,6.57387518041576));
#2313=CARTESIAN_POINT('Ctrl Pts',(-23.4276095296103,107.213879342086,6.56891186595833));
#2314=CARTESIAN_POINT('Ctrl Pts',(-23.4134222864753,107.055148031996,6.56294107612716));
#2315=CARTESIAN_POINT('Ctrl Pts',(-23.4129764671397,106.896439714731,6.55608583308004));
#2316=CARTESIAN_POINT('Ctrl Pts',(-23.4128967743622,106.868069687636,6.55486041884634));
#2317=CARTESIAN_POINT('Ctrl Pts',(-23.4132560359387,106.839700388146,6.55360675144531));
#2318=CARTESIAN_POINT('Ctrl Pts',(-23.4140528928969,106.811346057312,6.55232554378379));
#2319=CARTESIAN_POINT('Ctrl Pts',(-23.4210084320424,106.5638491182,6.54114224425735));
#2320=CARTESIAN_POINT('Ctrl Pts',(-23.4613156931257,106.31724058978,6.52784706006108));
#2321=CARTESIAN_POINT('Ctrl Pts',(-23.5342371150422,106.080759327456,6.51289665786018));
#2322=CARTESIAN_POINT('Ctrl Pts',(-23.539966230591,106.062180034275,6.51172207048299));
#2323=CARTESIAN_POINT('Ctrl Pts',(-23.5458966323453,106.043663252452,6.5105372678539));
#2324=CARTESIAN_POINT('Ctrl Pts',(-23.5520279491857,106.025213461341,6.50934247222832));
#2325=CARTESIAN_POINT('Ctrl Pts',(-23.5812832387168,105.937181152002,6.50364156117342));
#2326=CARTESIAN_POINT('Ctrl Pts',(-23.6151127892029,105.850674038255,6.49771313881151));
#2327=CARTESIAN_POINT('Ctrl Pts',(-23.6532652873204,105.766132115908,6.49159289877027));
#2328=CARTESIAN_POINT('Ctrl Pts',(-23.66177843183,105.747267883221,6.49022726111939));
#2329=CARTESIAN_POINT('Ctrl Pts',(-23.6705069708225,105.728501133654,6.48885202035256));
#2330=CARTESIAN_POINT('Ctrl Pts',(-23.6794481336352,105.709836757644,6.48746757023607));
#2331=CARTESIAN_POINT('Ctrl Pts',(-23.7942686779272,105.470152741455,6.46968875116635));
#2332=CARTESIAN_POINT('Ctrl Pts',(-23.9441575474147,105.247352793251,6.45039100060357));
#2333=CARTESIAN_POINT('Ctrl Pts',(-24.1228051475874,105.050759392149,6.43038908772327));
#2334=CARTESIAN_POINT('Ctrl Pts',(-24.1729007251402,104.995631531703,6.42478023892301));
#2335=CARTESIAN_POINT('Ctrl Pts',(-24.225257399875,104.942564231779,6.41911603202696));
#2336=CARTESIAN_POINT('Ctrl Pts',(-24.2797354459351,104.891762631964,6.41341445241105));
#2337=CARTESIAN_POINT('Ctrl Pts',(-23.9359034626616,104.565122261344,5.97839897745584));
#2338=CARTESIAN_POINT('Ctrl Pts',(-23.6443967385245,104.836956679313,6.0046905480404));
#2339=CARTESIAN_POINT('Ctrl Pts',(-23.3248565161688,105.273184004533,6.03869419180825));
#2340=CARTESIAN_POINT('Ctrl Pts',(-22.9252339566156,106.26125054341,6.09778155252402));
#2341=CARTESIAN_POINT('Ctrl Pts',(-22.8365276893969,107.493159347145,6.14877173950132));
#2342=CARTESIAN_POINT('Ctrl Pts',(-23.5207644390435,108.993743310322,6.16682243691863));
#2343=CARTESIAN_POINT('Ctrl Pts',(-24.8406398544196,109.981072480343,6.13026786892857));
#2344=CARTESIAN_POINT('Ctrl Pts',(-26.4703192659891,110.216077923534,6.0484324374055));
#2345=CARTESIAN_POINT('Ctrl Pts',(-27.7785712282531,109.728334320215,5.95767811003361));
#2346=CARTESIAN_POINT('Ctrl Pts',(-28.3889965716548,109.166845164451,5.90299499652223));
#2347=CARTESIAN_POINT('Ctrl Pts',(-28.574583718703,108.943355941355,5.88441703776538));
#2348=CARTESIAN_POINT('Origin',(-28.5750000000001,110.107680177169,0.));
#2349=CARTESIAN_POINT('',(-28.0932674028479,109.470455637917,5.41712958823877));
#2350=CARTESIAN_POINT('',(-29.0567325971522,109.470455637917,5.41712958823877));
#2351=CARTESIAN_POINT('Origin',(-28.5750000000001,110.107680177169,5.41712958823877));
#2352=CARTESIAN_POINT('',(-28.0932674028479,109.470455637917,5.933939357144));
#2353=CARTESIAN_POINT('',(-28.0932674028479,109.470455637917,0.));
#2354=CARTESIAN_POINT('',(-29.0567326242444,109.470455658398,5.93393936162569));
#2355=CARTESIAN_POINT('Ctrl Pts',(-29.0567326243616,109.470455658487,5.93393935939454));
#2356=CARTESIAN_POINT('Ctrl Pts',(-29.0034573202384,109.430180290361,5.92953285940532));
#2357=CARTESIAN_POINT('Ctrl Pts',(-28.9436613024552,109.395719964345,5.92576323978484));
#2358=CARTESIAN_POINT('Ctrl Pts',(-28.7821830165835,109.328891723009,5.91845342550536));
#2359=CARTESIAN_POINT('Ctrl Pts',(-28.6752709114548,109.308855159669,5.91626228029248));
#2360=CARTESIAN_POINT('Ctrl Pts',(-28.575,109.308855159669,5.91626228029248));
#2361=CARTESIAN_POINT('Ctrl Pts',(-28.4747290885453,109.308855159669,5.91626228029248));
#2362=CARTESIAN_POINT('Ctrl Pts',(-28.3678169834166,109.328891723009,5.91845342550537));
#2363=CARTESIAN_POINT('Ctrl Pts',(-28.2063387083004,109.395719959893,5.92576323929797));
#2364=CARTESIAN_POINT('Ctrl Pts',(-28.1465427000863,109.430180278571,5.92953285811559));
#2365=CARTESIAN_POINT('Ctrl Pts',(-28.0932674028479,109.470455637917,5.933939357144));
#2366=CARTESIAN_POINT('',(-29.0567325971522,109.470455637917,0.));
#2367=CARTESIAN_POINT('Origin',(-31.0102690266219,106.88636363638,0.));
#2368=CARTESIAN_POINT('',(-33.219547534927,104.517202492344,5.97973526877413));
#2369=CARTESIAN_POINT('Ctrl Pts',(-33.219547534927,104.517202492344,5.97973526877451));
#2370=CARTESIAN_POINT('Ctrl Pts',(-33.5041930974678,104.782638773615,6.00515699401038));
#2371=CARTESIAN_POINT('Ctrl Pts',(-33.7377280837635,105.100493646557,6.02972947612057));
#2372=CARTESIAN_POINT('Ctrl Pts',(-34.0858766451522,105.791028468379,6.0743930766636));
#2373=CARTESIAN_POINT('Ctrl Pts',(-34.2086716877888,106.214992191785,6.09683314998493));
#2374=CARTESIAN_POINT('Ctrl Pts',(-34.2728254299742,107.076744248114,6.13225655144442));
#2375=CARTESIAN_POINT('Ctrl Pts',(-34.2141764003884,107.514533252693,6.14523753754115));
#2376=CARTESIAN_POINT('Ctrl Pts',(-33.9592254690948,108.287383842897,6.15980934164278));
#2377=CARTESIAN_POINT('Ctrl Pts',(-33.746155159559,108.673890814577,6.16238117642605));
#2378=CARTESIAN_POINT('Ctrl Pts',(-33.1823451426253,109.328168648691,6.15553570849166));
#2379=CARTESIAN_POINT('Ctrl Pts',(-32.8316068910381,109.595940771967,6.1461190106754));
#2380=CARTESIAN_POINT('Ctrl Pts',(-32.1052524850806,109.962148577136,6.11965715328919));
#2381=CARTESIAN_POINT('Ctrl Pts',(-31.6812088078287,110.084823070749,6.1008413975038));
#2382=CARTESIAN_POINT('Ctrl Pts',(-30.8199520229987,110.148890656134,6.05581677254578));
#2383=CARTESIAN_POINT('Ctrl Pts',(-30.3827393671838,110.090291385642,6.02961013022284));
#2384=CARTESIAN_POINT('Ctrl Pts',(-29.6718768973602,109.85614002869,5.98191493620667));
#2385=CARTESIAN_POINT('Ctrl Pts',(-29.3461853038118,109.689277721014,5.95788052927148));
#2386=CARTESIAN_POINT('Ctrl Pts',(-29.0567326243618,109.470455658487,5.93393935939456));
#2387=CARTESIAN_POINT('',(-33.2195475349271,104.517202492344,5.41712958823877));
#2388=CARTESIAN_POINT('',(-33.2195475349271,104.517202492344,0.));
#2389=CARTESIAN_POINT('Origin',(-31.0102690266219,106.88636363638,5.41712958823877));
#2390=CARTESIAN_POINT('Origin',(-28.575,101.278347230781,0.));
#2391=CARTESIAN_POINT('',(-28.0302026480883,100.694123597287,5.96783246720868));
#2392=CARTESIAN_POINT('Ctrl Pts',(-28.0302026480883,100.694123597287,5.96783246720867));
#2393=CARTESIAN_POINT('Ctrl Pts',(-28.0891895491541,100.639117422158,5.97275671287524));
#2394=CARTESIAN_POINT('Ctrl Pts',(-28.1596790538517,100.59073602378,5.97708874639605));
#2395=CARTESIAN_POINT('Ctrl Pts',(-28.2364223987701,100.554823480978,5.98030460191409));
#2396=CARTESIAN_POINT('',(-28.0302026480883,100.694123597287,5.41712958823877));
#2397=CARTESIAN_POINT('',(-28.0302026480883,100.694123597287,0.));
#2398=CARTESIAN_POINT('',(-29.1197973519117,100.694123597287,5.41712958823877));
#2399=CARTESIAN_POINT('Origin',(-28.575,101.278347230781,5.41712958823877));
#2400=CARTESIAN_POINT('',(-29.1197973519117,100.694123597287,5.96783246720868));
#2401=CARTESIAN_POINT('',(-29.1197973519117,100.694123597287,0.));
#2402=CARTESIAN_POINT('Ctrl Pts',(-28.9135776012299,100.554823480978,5.98030460191409));
#2403=CARTESIAN_POINT('Ctrl Pts',(-28.9903209461483,100.59073602378,5.97708874639605));
#2404=CARTESIAN_POINT('Ctrl Pts',(-29.0608104508459,100.639117422158,5.97275671287524));
#2405=CARTESIAN_POINT('Ctrl Pts',(-29.1197973519117,100.694123597287,5.96783246720867));
#2406=CARTESIAN_POINT('Origin',(-28.2257170191379,100.511803496726,0.));
#2407=CARTESIAN_POINT('',(-23.930452465073,104.517202492344,5.97973526877412));
#2408=CARTESIAN_POINT('Origin',(-26.0492136367445,102.541425735837,50.333090126));
#2409=CARTESIAN_POINT('',(-23.930452465073,104.517202492344,5.41712958823877));
#2410=CARTESIAN_POINT('',(-23.930452465073,104.517202492344,0.));
#2411=CARTESIAN_POINT('',(-27.136068612765,101.527917074255,5.41712958823877));
#2412=CARTESIAN_POINT('Origin',(-28.5796537268602,105.260591014319,5.41712958823877));
#2413=CARTESIAN_POINT('Origin',(-26.1397309733781,106.88636363638,5.41712958823877));
#2414=CARTESIAN_POINT('',(-32.1640528414854,103.532937767371,5.41712958823877));
#2415=CARTESIAN_POINT('Origin',(-26.1397309733781,106.88636363638,0.));
#2416=CARTESIAN_POINT('Ctrl Pts',(-28.0932674028479,109.470455637917,5.93393935714401));
#2417=CARTESIAN_POINT('Ctrl Pts',(-27.8488992673065,109.655194437735,5.95415150062619));
#2418=CARTESIAN_POINT('Ctrl Pts',(-27.5695069785814,109.810273666974,5.97520610176111));
#2419=CARTESIAN_POINT('Ctrl Pts',(-26.8689794658723,110.072078241023,6.02334542803351));
#2420=CARTESIAN_POINT('Ctrl Pts',(-26.4322586765215,110.138138327436,6.04979850109392));
#2421=CARTESIAN_POINT('Ctrl Pts',(-25.6193869139643,110.109420587059,6.09346108782695));
#2422=CARTESIAN_POINT('Ctrl Pts',(-25.1889927742402,110.013075567715,6.11359683164318));
#2423=CARTESIAN_POINT('Ctrl Pts',(-24.4032966374982,109.654942027137,6.14362421160838));
#2424=CARTESIAN_POINT('Ctrl Pts',(-24.0479975462587,109.393146947601,6.15351365965254));
#2425=CARTESIAN_POINT('Ctrl Pts',(-23.4932534369549,108.798256722713,6.16205903207713));
#2426=CARTESIAN_POINT('Ctrl Pts',(-23.2568718811384,108.425636981612,6.1612870022907));
#2427=CARTESIAN_POINT('Ctrl Pts',(-22.9543591152149,107.616873837494,6.14800607709262));
#2428=CARTESIAN_POINT('Ctrl Pts',(-22.8882244734403,107.180731699303,6.13549832489133));
#2429=CARTESIAN_POINT('Ctrl Pts',(-22.9162862678811,106.367603111055,6.10385831814193));
#2430=CARTESIAN_POINT('Ctrl Pts',(-23.0127018817389,105.936479608672,6.08260045656044));
#2431=CARTESIAN_POINT('Ctrl Pts',(-23.3710617592872,105.149970369672,6.03382070251387));
#2432=CARTESIAN_POINT('Ctrl Pts',(-23.632999739394,104.794581646452,6.0063008031021));
#2433=CARTESIAN_POINT('Ctrl Pts',(-23.930452465073,104.517202492344,5.97973526877451));
#2434=CARTESIAN_POINT('Origin',(-33.2195475349271,104.517202492344,0.));
#2435=CARTESIAN_POINT('Origin',(-31.1007863632555,102.541425735837,50.333090126));
#2436=CARTESIAN_POINT('Origin',(-28.575,105.25,50.333090126));
#2437=CARTESIAN_POINT('Origin',(-28.575,100.886363636347,0.));
#2438=CARTESIAN_POINT('',(-28.575,100.886363636347,6.71785379318482));
#2439=CARTESIAN_POINT('',(-28.575,100.886363636347,0.));
#2440=CARTESIAN_POINT('',(-26.3345041573902,102.975659810009,6.61652898767445));
#2441=CARTESIAN_POINT('Origin',(-26.3984966176066,102.915985875458,50.333090126));
#2442=CARTESIAN_POINT('',(-24.2797354459351,104.891762631964,6.71253842063694));
#2443=CARTESIAN_POINT('Origin',(-26.3984966176066,102.915985875458,50.333090126));
#2444=CARTESIAN_POINT('',(-24.2797354459351,104.891762631964,0.));
#2445=CARTESIAN_POINT('Origin',(-32.870264554065,104.891762631964,0.));
#2446=CARTESIAN_POINT('',(-32.870264554065,104.891762631964,6.71253842063694));
#2447=CARTESIAN_POINT('',(-32.870264554065,104.891762631964,0.));
#2448=CARTESIAN_POINT('Origin',(-30.7515033823934,102.915985875458,50.333090126));
#2449=CARTESIAN_POINT('Origin',(-31.0102690266219,106.88636363638,0.));
#2450=CARTESIAN_POINT('',(-28.575,108.114158935647,6.59378564738637));
#2451=CARTESIAN_POINT('',(-28.575,108.114158935647,0.));
#2452=CARTESIAN_POINT('Ctrl Pts',(-32.870264554065,104.891762631964,6.71253842063694));
#2453=CARTESIAN_POINT('Ctrl Pts',(-33.1099060304262,105.115231923935,6.7343003757474));
#2454=CARTESIAN_POINT('Ctrl Pts',(-33.3065180614129,105.382829310918,6.75533268971061));
#2455=CARTESIAN_POINT('Ctrl Pts',(-33.5996260426364,105.964193963931,6.79355893004313));
#2456=CARTESIAN_POINT('Ctrl Pts',(-33.703009114306,106.321128606107,6.8127624425791));
#2457=CARTESIAN_POINT('Ctrl Pts',(-33.7570215204667,107.046646112402,6.84307481963609));
#2458=CARTESIAN_POINT('Ctrl Pts',(-33.7076441264319,107.415229552629,6.85418188411811));
#2459=CARTESIAN_POINT('Ctrl Pts',(-33.4929928964701,108.065900769652,6.86664951544573));
#2460=CARTESIAN_POINT('Ctrl Pts',(-33.3136074759439,108.391299060818,6.86884973483911));
#2461=CARTESIAN_POINT('Ctrl Pts',(-32.8389356647835,108.942130400095,6.8629925975095));
#2462=CARTESIAN_POINT('Ctrl Pts',(-32.5436505402923,109.167564544259,6.85493570845716));
#2463=CARTESIAN_POINT('Ctrl Pts',(-31.9321326921224,109.475874932636,6.83229338641695));
#2464=CARTESIAN_POINT('Ctrl Pts',(-31.5751285214008,109.579153102999,6.81619270667763));
#2465=CARTESIAN_POINT('Ctrl Pts',(-30.8500421195591,109.633090562297,6.77766108190845));
#2466=CARTESIAN_POINT('Ctrl Pts',(-30.4819602930798,109.58375650714,6.75523183976983));
#2467=CARTESIAN_POINT('Ctrl Pts',(-29.8317176583278,109.369578345891,6.71087431477611));
#2468=CARTESIAN_POINT('Ctrl Pts',(-29.5061557511914,109.19026553492,6.68597897181009));
#2469=CARTESIAN_POINT('Ctrl Pts',(-28.9549267753495,108.715540792144,6.63745260589712));
#2470=CARTESIAN_POINT('Ctrl Pts',(-28.729260896347,108.420127514544,6.61382123436519));
#2471=CARTESIAN_POINT('Ctrl Pts',(-28.575,108.114158935647,6.59378564738638));
#2472=CARTESIAN_POINT('Origin',(-26.1397309733781,106.88636363638,0.));
#2473=CARTESIAN_POINT('Ctrl Pts',(-28.5750000000001,108.114158935647,6.59378564738638));
#2474=CARTESIAN_POINT('Ctrl Pts',(-28.427425945778,108.406864506026,6.6129527394311));
#2475=CARTESIAN_POINT('Ctrl Pts',(-28.2254596721177,108.670465053121,6.63407311539252));
#2476=CARTESIAN_POINT('Ctrl Pts',(-27.7491987505135,109.114585547454,6.67726516964805));
#2477=CARTESIAN_POINT('Ctrl Pts',(-27.4352755669572,109.313697453785,6.70224679739216));
#2478=CARTESIAN_POINT('Ctrl Pts',(-26.7536690940744,109.568427227632,6.74987043819512));
#2479=CARTESIAN_POINT('Ctrl Pts',(-26.3859847360727,109.624042364309,6.77251176268611));
#2480=CARTESIAN_POINT('Ctrl Pts',(-25.7016298957235,109.599855551521,6.80987831615704));
#2481=CARTESIAN_POINT('Ctrl Pts',(-25.3392905951601,109.518743481813,6.82710831506427));
#2482=CARTESIAN_POINT('Ctrl Pts',(-24.6778231298766,109.217233395732,6.85280135940688));
#2483=CARTESIAN_POINT('Ctrl Pts',(-24.3786974996815,108.996829675445,6.86126271986574));
#2484=CARTESIAN_POINT('Ctrl Pts',(-23.9116591955878,108.495992411752,6.86857409329415));
#2485=CARTESIAN_POINT('Ctrl Pts',(-23.7126508052416,108.182286667695,6.86791362458203));
#2486=CARTESIAN_POINT('Ctrl Pts',(-23.4579654925289,107.501399068911,6.85655078379173));
#2487=CARTESIAN_POINT('Ctrl Pts',(-23.4022855865695,107.134218315456,6.84584929504618));
#2488=CARTESIAN_POINT('Ctrl Pts',(-23.4259017068498,106.449640135,6.81877550593117));
#2489=CARTESIAN_POINT('Ctrl Pts',(-23.5070752554239,106.086666176148,6.8005838508143));
#2490=CARTESIAN_POINT('Ctrl Pts',(-23.8087823426065,105.424491291143,6.75883515660614));
#2491=CARTESIAN_POINT('Ctrl Pts',(-24.0293103952908,105.125287769637,6.7352796371968));
#2492=CARTESIAN_POINT('Ctrl Pts',(-24.2797354459351,104.891762631964,6.71253842063694));
#2493=CARTESIAN_POINT('Origin',(-20.303768942,105.25,2.671457585));
#2494=CARTESIAN_POINT('',(-19.4249999993255,113.212499651,2.21865645520733E-10));
#2495=CARTESIAN_POINT('',(-21.694371643319,111.033902871,6.89888980155297));
#2496=CARTESIAN_POINT('',(-19.425,113.212499651,0.));
#2497=CARTESIAN_POINT('',(-21.6943716431584,99.4660971289869,6.89888980146296));
#2498=CARTESIAN_POINT('Origin',(-35.2587168,105.25,48.134499073));
#2499=CARTESIAN_POINT('',(-19.4249999995628,97.2875003500029,-1.49164754622196E-10));
#2500=CARTESIAN_POINT('',(-21.694371645,99.466097129,6.898889801));
#2501=CARTESIAN_POINT('',(-19.425,97.287500349,0.));
#2502=CARTESIAN_POINT('Origin',(-36.846231058,105.25,2.671457585));
#2503=CARTESIAN_POINT('',(-37.7250000006745,97.287500349,2.21864734807847E-10));
#2504=CARTESIAN_POINT('',(-35.455628356681,99.466097129,6.89888980155297));
#2505=CARTESIAN_POINT('',(-37.725,97.287500349,0.));
#2506=CARTESIAN_POINT('',(-35.4556283568416,111.033902871013,6.89888980146296));
#2507=CARTESIAN_POINT('Origin',(-21.8912832,105.25,48.134499073));
#2508=CARTESIAN_POINT('',(-37.7250000004372,113.212499649997,-1.49166604993904E-10));
#2509=CARTESIAN_POINT('',(-35.455628355,111.033902871,6.898889801));
#2510=CARTESIAN_POINT('',(-37.725,113.212499651,0.));
#2511=CARTESIAN_POINT('Origin',(-28.575,96.916120907,2.584382872));
#2512=CARTESIAN_POINT('',(-20.617071802,96.1000000005369,-1.69537311752009E-10));
#2513=CARTESIAN_POINT('',(-22.8843940363278,98.2766293434711,6.8926595924389));
#2514=CARTESIAN_POINT('',(-20.617071802,96.1,0.));
#2515=CARTESIAN_POINT('',(-34.265605964,98.2766293440234,6.8926595923084));
#2516=CARTESIAN_POINT('Origin',(-28.575,111.383053588,48.396336361));
#2517=CARTESIAN_POINT('',(-36.5329281985209,96.1000000009222,-8.54934641599433E-11));
#2518=CARTESIAN_POINT('',(-34.265605964,98.276629345,6.892659592));
#2519=CARTESIAN_POINT('',(-36.532928198,96.1,0.));
#2520=CARTESIAN_POINT('Origin',(-28.575,105.25,4.7));
#2521=CARTESIAN_POINT('',(-27.840555496,107.299553102,4.7));
#2522=CARTESIAN_POINT('',(-27.840555496,105.984553102,4.7));
#2523=CARTESIAN_POINT('',(-27.840555496,107.299553102,4.7));
#2524=CARTESIAN_POINT('',(-26.525555496,105.984553102,4.7));
#2525=CARTESIAN_POINT('',(-27.840555496,105.984553102,4.7));
#2526=CARTESIAN_POINT('',(-26.525555496,104.514553102,4.7));
#2527=CARTESIAN_POINT('',(-26.525555496,105.984553102,4.7));
#2528=CARTESIAN_POINT('',(-27.840555496,104.514553102,4.7));
#2529=CARTESIAN_POINT('',(-26.525555496,104.514553102,4.7));
#2530=CARTESIAN_POINT('',(-27.840555496,103.199553102,4.7));
#2531=CARTESIAN_POINT('',(-27.840555496,104.514553102,4.7));
#2532=CARTESIAN_POINT('',(-29.310555496,103.199553102,4.7));
#2533=CARTESIAN_POINT('',(-27.840555496,103.199553102,4.7));
#2534=CARTESIAN_POINT('',(-29.310555496,104.514553102,4.7));
#2535=CARTESIAN_POINT('',(-29.310555496,103.199553102,4.7));
#2536=CARTESIAN_POINT('',(-30.625555496,104.514553102,4.7));
#2537=CARTESIAN_POINT('',(-29.310555496,104.514553102,4.7));
#2538=CARTESIAN_POINT('',(-30.625555496,105.984553102,4.7));
#2539=CARTESIAN_POINT('',(-30.625555496,104.514553102,4.7));
#2540=CARTESIAN_POINT('',(-29.310555496,105.984553102,4.7));
#2541=CARTESIAN_POINT('',(-30.625555496,105.984553102,4.7));
#2542=CARTESIAN_POINT('',(-29.310555496,107.299553102,4.7));
#2543=CARTESIAN_POINT('',(-29.310555496,105.984553102,4.7));
#2544=CARTESIAN_POINT('',(-29.310555496,107.299553102,4.7));
#2545=CARTESIAN_POINT('Origin',(-28.575555496,107.299553102,0.45));
#2546=CARTESIAN_POINT('',(-29.310555496,107.299553102,1.3));
#2547=CARTESIAN_POINT('',(-29.310555496,107.299553102,1.3));
#2548=CARTESIAN_POINT('',(-27.840555496,107.299553102,1.3));
#2549=CARTESIAN_POINT('',(-29.310555496,107.299553102,1.3));
#2550=CARTESIAN_POINT('',(-27.840555496,107.299553102,1.3));
#2551=CARTESIAN_POINT('Origin',(-27.840555496,106.717053102,0.45));
#2552=CARTESIAN_POINT('',(-27.840555496,105.984553102,1.3));
#2553=CARTESIAN_POINT('',(-27.840555496,107.299553102,1.3));
#2554=CARTESIAN_POINT('',(-27.840555496,105.984553102,1.3));
#2555=CARTESIAN_POINT('Origin',(-27.108055496,105.984553102,0.45));
#2556=CARTESIAN_POINT('',(-26.525555496,105.984553102,1.3));
#2557=CARTESIAN_POINT('',(-27.840555496,105.984553102,1.3));
#2558=CARTESIAN_POINT('',(-26.525555496,105.984553102,1.3));
#2559=CARTESIAN_POINT('Origin',(-26.525555496,105.249553102,0.45));
#2560=CARTESIAN_POINT('',(-26.525555496,104.514553102,1.3));
#2561=CARTESIAN_POINT('',(-26.525555496,105.984553102,1.3));
#2562=CARTESIAN_POINT('',(-26.525555496,104.514553102,1.3));
#2563=CARTESIAN_POINT('Origin',(-27.108055496,104.514553102,0.45));
#2564=CARTESIAN_POINT('',(-27.840555496,104.514553102,1.3));
#2565=CARTESIAN_POINT('',(-26.525555496,104.514553102,1.3));
#2566=CARTESIAN_POINT('',(-27.840555496,104.514553102,1.3));
#2567=CARTESIAN_POINT('Origin',(-27.840555496,103.782053102,0.45));
#2568=CARTESIAN_POINT('',(-27.840555496,103.199553102,1.3));
#2569=CARTESIAN_POINT('',(-27.840555496,104.514553102,1.3));
#2570=CARTESIAN_POINT('',(-27.840555496,103.199553102,1.3));
#2571=CARTESIAN_POINT('Origin',(-28.575555496,103.199553102,0.45));
#2572=CARTESIAN_POINT('',(-29.310555496,103.199553102,1.3));
#2573=CARTESIAN_POINT('',(-27.840555496,103.199553102,1.3));
#2574=CARTESIAN_POINT('',(-29.310555496,103.199553102,1.3));
#2575=CARTESIAN_POINT('Origin',(-29.310555496,103.782053102,0.45));
#2576=CARTESIAN_POINT('',(-29.310555496,104.514553102,1.3));
#2577=CARTESIAN_POINT('',(-29.310555496,103.199553102,1.3));
#2578=CARTESIAN_POINT('',(-29.310555496,104.514553102,1.3));
#2579=CARTESIAN_POINT('Origin',(-30.043055496,104.514553102,0.45));
#2580=CARTESIAN_POINT('',(-30.625555496,104.514553102,1.3));
#2581=CARTESIAN_POINT('',(-29.310555496,104.514553102,1.3));
#2582=CARTESIAN_POINT('',(-30.625555496,104.514553102,1.3));
#2583=CARTESIAN_POINT('Origin',(-30.625555496,105.249553102,0.45));
#2584=CARTESIAN_POINT('',(-30.625555496,105.984553102,1.3));
#2585=CARTESIAN_POINT('',(-30.625555496,104.514553102,1.3));
#2586=CARTESIAN_POINT('',(-30.625555496,105.984553102,1.3));
#2587=CARTESIAN_POINT('Origin',(-30.043055496,105.984553102,0.45));
#2588=CARTESIAN_POINT('',(-29.310555496,105.984553102,1.3));
#2589=CARTESIAN_POINT('',(-30.625555496,105.984553102,1.3));
#2590=CARTESIAN_POINT('',(-29.310555496,105.984553102,1.3));
#2591=CARTESIAN_POINT('Origin',(-29.310555496,106.717053102,0.45));
#2592=CARTESIAN_POINT('',(-29.310555496,105.984553102,1.3));
#2593=CARTESIAN_POINT('Origin',(-28.575555496,107.299553102,1.3));
#2594=CARTESIAN_POINT('',(-27.540555496,107.599553102,1.));
#2595=CARTESIAN_POINT('',(-27.540555496,107.599553102,1.));
#2596=CARTESIAN_POINT('',(-29.610555496,107.599553102,1.));
#2597=CARTESIAN_POINT('',(-29.610555496,107.599553102,1.));
#2598=CARTESIAN_POINT('',(-27.540555496,107.599553102,1.));
#2599=CARTESIAN_POINT('Origin',(-27.840555496,106.717053102,1.3));
#2600=CARTESIAN_POINT('',(-27.540555496,106.284553102,1.));
#2601=CARTESIAN_POINT('',(-27.540555496,106.284553102,1.));
#2602=CARTESIAN_POINT('',(-27.540555496,106.284553102,1.));
#2603=CARTESIAN_POINT('Origin',(-27.108055496,105.984553102,1.3));
#2604=CARTESIAN_POINT('',(-26.225555496,106.284553102,1.));
#2605=CARTESIAN_POINT('',(-26.225555496,106.284553102,1.));
#2606=CARTESIAN_POINT('',(-26.225555496,106.284553102,1.));
#2607=CARTESIAN_POINT('Origin',(-26.525555496,105.249553102,1.3));
#2608=CARTESIAN_POINT('',(-26.225555496,104.214553102,1.));
#2609=CARTESIAN_POINT('',(-26.225555496,104.214553102,1.));
#2610=CARTESIAN_POINT('',(-26.225555496,104.214553102,1.));
#2611=CARTESIAN_POINT('Origin',(-27.108055496,104.514553102,1.3));
#2612=CARTESIAN_POINT('',(-27.540555496,104.214553102,1.));
#2613=CARTESIAN_POINT('',(-27.540555496,104.214553102,1.));
#2614=CARTESIAN_POINT('',(-27.840555496,104.514553102,1.3));
#2615=CARTESIAN_POINT('Origin',(-27.840555496,103.782053102,1.3));
#2616=CARTESIAN_POINT('',(-27.540555496,102.899553102,1.));
#2617=CARTESIAN_POINT('',(-27.540555496,102.899553102,1.));
#2618=CARTESIAN_POINT('',(-27.840555496,103.199553102,1.3));
#2619=CARTESIAN_POINT('Origin',(-28.575555496,103.199553102,1.3));
#2620=CARTESIAN_POINT('',(-29.610555496,102.899553102,1.));
#2621=CARTESIAN_POINT('',(-29.610555496,102.899553102,1.));
#2622=CARTESIAN_POINT('',(-29.310555496,103.199553102,1.3));
#2623=CARTESIAN_POINT('Origin',(-29.310555496,103.782053102,1.3));
#2624=CARTESIAN_POINT('',(-29.610555496,104.214553102,1.));
#2625=CARTESIAN_POINT('',(-29.610555496,104.214553102,1.));
#2626=CARTESIAN_POINT('',(-29.310555496,104.514553102,1.3));
#2627=CARTESIAN_POINT('Origin',(-30.043055496,104.514553102,1.3));
#2628=CARTESIAN_POINT('',(-30.925555496,104.214553102,1.));
#2629=CARTESIAN_POINT('',(-30.925555496,104.214553102,1.));
#2630=CARTESIAN_POINT('',(-30.625555496,104.514553102,1.3));
#2631=CARTESIAN_POINT('Origin',(-30.625555496,105.249553102,1.3));
#2632=CARTESIAN_POINT('',(-30.925555496,106.284553102,1.));
#2633=CARTESIAN_POINT('',(-30.925555496,106.284553102,1.));
#2634=CARTESIAN_POINT('',(-30.625555496,105.984553102,1.3));
#2635=CARTESIAN_POINT('Origin',(-30.043055496,105.984553102,1.3));
#2636=CARTESIAN_POINT('',(-29.610555496,106.284553102,1.));
#2637=CARTESIAN_POINT('',(-29.610555496,106.284553102,1.));
#2638=CARTESIAN_POINT('',(-29.610555496,106.284553102,1.));
#2639=CARTESIAN_POINT('Origin',(-29.310555496,106.717053102,1.3));
#2640=CARTESIAN_POINT('',(-29.610555496,107.599553102,1.));
#2641=CARTESIAN_POINT('Origin',(-36.275,105.25,1.));
#2642=CARTESIAN_POINT('',(-31.375,105.25,1.));
#2643=CARTESIAN_POINT('Origin',(-28.575,105.25,1.));
#2644=CARTESIAN_POINT('Origin',(-28.575,105.25,0.45));
#2645=CARTESIAN_POINT('',(-31.375,105.25,4.7));
#2646=CARTESIAN_POINT('Origin',(-28.575,105.25,4.7));
#2647=CARTESIAN_POINT('',(-31.375,105.25,0.45));
#2648=CARTESIAN_POINT('Origin',(-28.575,105.25,4.7));
#2649=CARTESIAN_POINT('',(-34.2987704912946,99.4491803284264,4.69999999954314));
#2650=CARTESIAN_POINT('',(-34.298770492,111.050819672,4.7));
#2651=CARTESIAN_POINT('',(-34.298770492,99.449180328,4.7));
#2652=CARTESIAN_POINT('',(-22.8512295087054,111.050819671574,4.69999999954314));
#2653=CARTESIAN_POINT('',(-34.298770492,111.050819672,4.7));
#2654=CARTESIAN_POINT('',(-22.8512295087054,99.4491803284264,4.69999999954314));
#2655=CARTESIAN_POINT('',(-22.851229508,99.449180328,4.7));
#2656=CARTESIAN_POINT('',(-34.298770492,99.449180328,4.7));
#2657=CARTESIAN_POINT('Origin',(-28.575,113.583879093,2.584382872));
#2658=CARTESIAN_POINT('',(-36.532928198,114.399999999463,-1.69537196103778E-10));
#2659=CARTESIAN_POINT('',(-34.2656059636722,112.223370656529,6.8926595924389));
#2660=CARTESIAN_POINT('',(-36.532928198,114.4,0.));
#2661=CARTESIAN_POINT('',(-22.884394036,112.223370655977,6.8926595923084));
#2662=CARTESIAN_POINT('Origin',(-28.575,99.116946412,48.396336361));
#2663=CARTESIAN_POINT('',(-20.6170718014791,114.399999999078,-8.54934641599433E-11));
#2664=CARTESIAN_POINT('',(-22.884394036,112.223370655,6.892659592));
#2665=CARTESIAN_POINT('',(-20.617071802,114.4,0.));
#2666=CARTESIAN_POINT('Origin',(-28.575,105.25,0.));
#2667=CARTESIAN_POINT('Origin',(-36.409107734,113.089154023,0.));
#2668=CARTESIAN_POINT('Origin',(-20.740892266,113.089154023,0.));
#2669=CARTESIAN_POINT('Origin',(-20.740892266,97.410845977,0.));
#2670=CARTESIAN_POINT('Origin',(-36.409107734,97.410845977,0.));
#2671=CARTESIAN_POINT('',(-20.9250000005431,112.899999999843,-2.8448975377673E-10));
#2672=CARTESIAN_POINT('',(-36.2250000008704,112.900000000542,4.80754325238308E-10));
#2673=CARTESIAN_POINT('',(-20.925,112.9,0.));
#2674=CARTESIAN_POINT('',(-36.2249999994569,97.6000000001574,-2.84490280054941E-10));
#2675=CARTESIAN_POINT('',(-36.225,112.9,0.));
#2676=CARTESIAN_POINT('',(-20.9250000005431,97.6000000001574,-2.8448975377673E-10));
#2677=CARTESIAN_POINT('',(-36.225,97.6,0.));
#2678=CARTESIAN_POINT('',(-20.925,97.6,0.));
#2679=CARTESIAN_POINT('Origin',(-35.146421997,105.25,2.631730327));
#2680=CARTESIAN_POINT('',(-34.298770492,111.050819672,4.7));
#2681=CARTESIAN_POINT('',(-36.225,97.6,0.));
#2682=CARTESIAN_POINT('Origin',(-28.575,98.605352572,2.555271119));
#2683=CARTESIAN_POINT('',(-20.925,97.6,0.));
#2684=CARTESIAN_POINT('Origin',(-22.003578003,105.25,2.631730327));
#2685=CARTESIAN_POINT('',(-20.925,112.9,0.));
#2686=CARTESIAN_POINT('Origin',(-28.575,111.894647428,2.555271119));
#2687=CARTESIAN_POINT('Origin',(-28.575,105.25,50.333090126));
#2688=CARTESIAN_POINT('',(-34.5943770542748,111.360304200281,7.34749433872623));
#2689=CARTESIAN_POINT('',(-34.7735417780551,110.952591500959,7.31694556774519));
#2690=CARTESIAN_POINT('Ctrl Pts',(-34.5943770542748,111.360304200281,7.34749433872623));
#2691=CARTESIAN_POINT('Ctrl Pts',(-34.6213073294169,111.333528662646,7.34745936656249));
#2692=CARTESIAN_POINT('Ctrl Pts',(-34.6455038458563,111.304497182146,7.34677077939043));
#2693=CARTESIAN_POINT('Ctrl Pts',(-34.6669742528837,111.273215738743,7.34543044792396));
#2694=CARTESIAN_POINT('Ctrl Pts',(-34.6884973604137,111.241857513013,7.34408682652722));
#2695=CARTESIAN_POINT('Ctrl Pts',(-34.7072736424904,111.208054948666,7.34206309607152));
#2696=CARTESIAN_POINT('Ctrl Pts',(-34.722493794528,111.173374662233,7.33946134917186));
#2697=CARTESIAN_POINT('Ctrl Pts',(-34.7377140594188,111.138694118653,7.33685958298069));
#2698=CARTESIAN_POINT('Ctrl Pts',(-34.7496365811926,111.102818348459,7.33367144733648));
#2699=CARTESIAN_POINT('Ctrl Pts',(-34.7582285765702,111.065731715442,7.32989127206675));
#2700=CARTESIAN_POINT('Ctrl Pts',(-34.7668205625944,111.028645122797,7.3261111009122));
#2701=CARTESIAN_POINT('Ctrl Pts',(-34.7719555003442,110.990691417744,7.3217678415084));
#2702=CARTESIAN_POINT('Ctrl Pts',(-34.773541775,110.952591501,7.316945567));
#2703=CARTESIAN_POINT('',(-34.7735417780551,99.5474084990413,7.31694556774519));
#2704=CARTESIAN_POINT('Origin',(-21.399887147,105.25,47.972855635));
#2705=CARTESIAN_POINT('',(-34.1856061821443,98.9622731309095,7.31779340743667));
#2706=CARTESIAN_POINT('Ctrl Pts',(-34.773541775,99.547408499,7.316945567));
#2707=CARTESIAN_POINT('Ctrl Pts',(-34.7719554997583,99.5093085681829,7.32176784328961));
#2708=CARTESIAN_POINT('Ctrl Pts',(-34.7668205565138,99.4713548502924,7.32611110367726));
#2709=CARTESIAN_POINT('Ctrl Pts',(-34.7582285768243,99.434268284504,7.32989127211063));
#2710=CARTESIAN_POINT('Ctrl Pts',(-34.7496365941286,99.3971817057397,7.33367144186663));
#2711=CARTESIAN_POINT('Ctrl Pts',(-34.737714101715,99.3613060261577,7.33685957222875));
#2712=CARTESIAN_POINT('Ctrl Pts',(-34.7224939267492,99.3266256389559,7.33946132708449));
#2713=CARTESIAN_POINT('Ctrl Pts',(-34.707273726994,99.2919451952694,7.34206308617776));
#2714=CARTESIAN_POINT('Ctrl Pts',(-34.6884974072801,99.2581425551412,7.3440868236194));
#2715=CARTESIAN_POINT('Ctrl Pts',(-34.6669742529038,99.2267842612437,7.34543044792872));
#2716=CARTESIAN_POINT('Ctrl Pts',(-34.6454510206251,99.1954258538458,7.34677407710124));
#2717=CARTESIAN_POINT('Ctrl Pts',(-34.6211882520014,99.1663284912748,7.34746275191633));
#2718=CARTESIAN_POINT('Ctrl Pts',(-34.5941781706412,99.1394981493579,7.34749458503997));
#2719=CARTESIAN_POINT('Ctrl Pts',(-34.567168206271,99.1126679236526,7.34752641802573));
#2720=CARTESIAN_POINT('Ctrl Pts',(-34.537254932349,99.0881046749956,7.34688112903801));
#2721=CARTESIAN_POINT('Ctrl Pts',(-34.5058366454116,99.0668867171221,7.34559834573882));
#2722=CARTESIAN_POINT('Ctrl Pts',(-34.4744183816663,99.0456687749112,7.34431556338656));
#2723=CARTESIAN_POINT('Ctrl Pts',(-34.441216246296,99.0274757417102,7.34240133466429));
#2724=CARTESIAN_POINT('Ctrl Pts',(-34.4062054721823,99.0123452023302,7.33984800494266));
#2725=CARTESIAN_POINT('Ctrl Pts',(-34.371194641014,98.997214638293,7.33729467106005));
#2726=CARTESIAN_POINT('Ctrl Pts',(-34.3347360641038,98.9853780134081,7.33411860970531));
#2727=CARTESIAN_POINT('Ctrl Pts',(-34.2979430023123,98.9770527817859,7.33043649469401));
#2728=CARTESIAN_POINT('Ctrl Pts',(-34.2611497673833,98.9687275109876,7.32675436235576));
#2729=CARTESIAN_POINT('Ctrl Pts',(-34.2237116602108,98.9637734174687,7.32254430825941));
#2730=CARTESIAN_POINT('Ctrl Pts',(-34.185606182,98.962273133,7.317793407));
#2731=CARTESIAN_POINT('',(-22.9643938178557,98.9622731309095,7.31779340743667));
#2732=CARTESIAN_POINT('Origin',(-28.575,111.8844444,48.238002421));
#2733=CARTESIAN_POINT('',(-22.5556229447114,99.1396958007269,7.34749433872491));
#2734=CARTESIAN_POINT('Ctrl Pts',(-22.964393818,98.962273133,7.317793407));
#2735=CARTESIAN_POINT('Ctrl Pts',(-22.9262883260269,98.9637734180106,7.32254430997526));
#2736=CARTESIAN_POINT('Ctrl Pts',(-22.8888502060299,98.9687275190035,7.32675436201648));
#2737=CARTESIAN_POINT('Ctrl Pts',(-22.8520569976865,98.97705278228,7.33043649519505));
#2738=CARTESIAN_POINT('Ctrl Pts',(-22.815263989057,98.985378000367,7.33411860838698));
#2739=CARTESIAN_POINT('Ctrl Pts',(-22.7788055085662,98.9972145958454,7.33729465622297));
#2740=CARTESIAN_POINT('Ctrl Pts',(-22.7437948313879,99.0123450710852,7.33984798231083));
#2741=CARTESIAN_POINT('Ctrl Pts',(-22.7087838950047,99.027475658345,7.34240132730249));
#2742=CARTESIAN_POINT('Ctrl Pts',(-22.6755816863877,99.0456687298233,7.34431555962643));
#2743=CARTESIAN_POINT('Ctrl Pts',(-22.6441633545196,99.0668867175187,7.34559834626319));
#2744=CARTESIAN_POINT('Ctrl Pts',(-22.6127450902742,99.0881046595461,7.34688113013896));
#2745=CARTESIAN_POINT('Ctrl Pts',(-22.5828318326768,99.1126678847639,7.34752641810007));
#2746=CARTESIAN_POINT('Ctrl Pts',(-22.5558218292921,99.1394981492908,7.34749458505884));
#2747=CARTESIAN_POINT('Ctrl Pts',(-22.5557555178733,99.1395640194384,7.34749450690653));
#2748=CARTESIAN_POINT('Ctrl Pts',(-22.5556892230131,99.1396299032505,7.34749442479521));
#2749=CARTESIAN_POINT('Ctrl Pts',(-22.5556229447114,99.1396958007269,7.34749433872491));
#2750=CARTESIAN_POINT('Origin',(-28.575,105.25,50.333090126));
#2751=CARTESIAN_POINT('',(-22.3764582219449,99.5474084990413,7.31694556774519));
#2752=CARTESIAN_POINT('Ctrl Pts',(-22.5556229447114,99.1396958007269,7.34749433872491));
#2753=CARTESIAN_POINT('Ctrl Pts',(-22.5286926699848,99.1664713380917,7.34745936654284));
#2754=CARTESIAN_POINT('Ctrl Pts',(-22.5044961538742,99.1955028182465,7.34677077937361));
#2755=CARTESIAN_POINT('Ctrl Pts',(-22.4830257471164,99.2267842612573,7.34543044792396));
#2756=CARTESIAN_POINT('Ctrl Pts',(-22.4615026395863,99.2581424869867,7.34408682652722));
#2757=CARTESIAN_POINT('Ctrl Pts',(-22.4427263575096,99.2919450513336,7.34206309607152));
#2758=CARTESIAN_POINT('Ctrl Pts',(-22.427506205472,99.326625337767,7.33946134917186));
#2759=CARTESIAN_POINT('Ctrl Pts',(-22.4122859405812,99.3613058813473,7.33685958298069));
#2760=CARTESIAN_POINT('Ctrl Pts',(-22.4003634188074,99.3971816515405,7.33367144733648));
#2761=CARTESIAN_POINT('Ctrl Pts',(-22.3917714234298,99.4342682845584,7.32989127206675));
#2762=CARTESIAN_POINT('Ctrl Pts',(-22.3831794374056,99.4713548772028,7.3261111009122));
#2763=CARTESIAN_POINT('Ctrl Pts',(-22.3780444996558,99.5093085822559,7.32176784150841));
#2764=CARTESIAN_POINT('Ctrl Pts',(-22.376458225,99.547408499,7.316945567));
#2765=CARTESIAN_POINT('',(-22.3764582219449,110.952591500959,7.31694556774519));
#2766=CARTESIAN_POINT('Origin',(-35.750112853,105.25,47.972855635));
#2767=CARTESIAN_POINT('',(-22.9643938178557,111.537726869091,7.31779340743667));
#2768=CARTESIAN_POINT('Ctrl Pts',(-22.376458225,110.952591501,7.316945567));
#2769=CARTESIAN_POINT('Ctrl Pts',(-22.3780442270082,110.990684874123,7.32176701286496));
#2770=CARTESIAN_POINT('Ctrl Pts',(-22.3831092325105,111.028097883407,7.32604799407676));
#2771=CARTESIAN_POINT('Ctrl Pts',(-22.3915676904066,111.064853298017,7.3298017782612));
#2772=CARTESIAN_POINT('Ctrl Pts',(-22.4000261911356,111.101608898753,7.33355558145445));
#2773=CARTESIAN_POINT('Ctrl Pts',(-22.4120259472693,111.138027844476,7.33680537934449));
#2774=CARTESIAN_POINT('Ctrl Pts',(-22.427320394563,111.17294983999,7.33942939089912));
#2775=CARTESIAN_POINT('Ctrl Pts',(-22.4426147587028,111.207871645638,7.34205338818736));
#2776=CARTESIAN_POINT('Ctrl Pts',(-22.4609816151996,111.240971076672,7.3440374835676));
#2777=CARTESIAN_POINT('Ctrl Pts',(-22.4823806044235,111.272274143682,7.34538995770975));
#2778=CARTESIAN_POINT('Ctrl Pts',(-22.5037797179731,111.303577392559,7.34674243970962));
#2779=CARTESIAN_POINT('Ctrl Pts',(-22.5285285677347,111.333350969752,7.34745723411533));
#2780=CARTESIAN_POINT('Ctrl Pts',(-22.5555082950005,111.360190211535,7.34749419112129));
#2781=CARTESIAN_POINT('Ctrl Pts',(-22.5824878611191,111.387029293011,7.3475311479065));
#2782=CARTESIAN_POINT('Ctrl Pts',(-22.6117300402215,111.411123457143,7.34691116393719));
#2783=CARTESIAN_POINT('Ctrl Pts',(-22.6432283244318,111.432480361348,7.3456363271419));
#2784=CARTESIAN_POINT('Ctrl Pts',(-22.6747268019149,111.453837396599,7.34436148252425));
#2785=CARTESIAN_POINT('Ctrl Pts',(-22.7086126051625,111.472418728855,7.34240965726567));
#2786=CARTESIAN_POINT('Ctrl Pts',(-22.7433618786445,111.487468081409,7.3398795985493));
#2787=CARTESIAN_POINT('Ctrl Pts',(-22.7781108761616,111.502517314446,7.3373495599257));
#2788=CARTESIAN_POINT('Ctrl Pts',(-22.814050729056,111.51429031874,7.33423248651394));
#2789=CARTESIAN_POINT('Ctrl Pts',(-22.8511981717136,111.522751321361,7.33052222373666));
#2790=CARTESIAN_POINT('Ctrl Pts',(-22.8883456543068,111.531212333079,7.32681195697064));
#2791=CARTESIAN_POINT('Ctrl Pts',(-22.9262864080079,111.536226506213,7.32254454949257));
#2792=CARTESIAN_POINT('Ctrl Pts',(-22.964393818,111.537726867,7.317793407));
#2793=CARTESIAN_POINT('',(-34.1856061821214,111.537726869091,7.31779340743381));
#2794=CARTESIAN_POINT('Origin',(-28.575,98.6155556,48.238002421));
#2795=CARTESIAN_POINT('Origin',(-34.1534225202392,110.919783827427,7.23208790816941));
#2796=CARTESIAN_POINT('Origin',(-22.090478011,111.793551707,4.102740667));
#2797=CARTESIAN_POINT('Ctrl Pts',(-22.884394036,112.223370655,6.892659592));
#2798=CARTESIAN_POINT('Ctrl Pts',(-22.8091116933947,112.218388739823,6.90843565872814));
#2799=CARTESIAN_POINT('Ctrl Pts',(-22.733979062392,112.206459277727,6.92265885399886));
#2800=CARTESIAN_POINT('Ctrl Pts',(-22.6602370344155,112.187748120197,6.93508667683016));
#2801=CARTESIAN_POINT('Ctrl Pts',(-22.5864952176205,112.169037016253,6.94751446407082));
#2802=CARTESIAN_POINT('Ctrl Pts',(-22.5149651845915,112.143830710692,6.95802492890895));
#2803=CARTESIAN_POINT('Ctrl Pts',(-22.4456218880907,112.112203109004,6.96664024243372));
#2804=CARTESIAN_POINT('Ctrl Pts',(-22.3762785423717,112.080575484867,6.97525556207344));
#2805=CARTESIAN_POINT('Ctrl Pts',(-22.3084624088063,112.042002684443,6.98200855745737));
#2806=CARTESIAN_POINT('Ctrl Pts',(-22.2452144485781,111.998058805639,6.98656123492841));
#2807=CARTESIAN_POINT('Ctrl Pts',(-22.1819662750657,111.954114778647,6.99111392775194));
#2808=CARTESIAN_POINT('Ctrl Pts',(-22.123032212464,111.904870747639,6.99353904572495));
#2809=CARTESIAN_POINT('Ctrl Pts',(-22.0684239556743,111.85031127769,6.99383044093548));
#2810=CARTESIAN_POINT('Ctrl Pts',(-22.0138158567443,111.79575196546,6.99412183530366));
#2811=CARTESIAN_POINT('Ctrl Pts',(-21.9634633633649,111.735502867927,6.99221294728814));
#2812=CARTESIAN_POINT('Ctrl Pts',(-21.9196425104291,111.67240001529,6.98821534201706));
#2813=CARTESIAN_POINT('Ctrl Pts',(-21.875821530817,111.609296980236,6.9842177251898));
#2814=CARTESIAN_POINT('Ctrl Pts',(-21.8378925264379,111.542796316541,6.97815591537398));
#2815=CARTESIAN_POINT('Ctrl Pts',(-21.8059358789796,111.472850881529,6.97000094399562));
#2816=CARTESIAN_POINT('Ctrl Pts',(-21.7739793239004,111.402905648713,6.96184599619139));
#2817=CARTESIAN_POINT('Ctrl Pts',(-21.7484516141429,111.330175381652,6.951639955075));
#2818=CARTESIAN_POINT('Ctrl Pts',(-21.7298927768668,111.25696055681,6.93976749503574));
#2819=CARTESIAN_POINT('Ctrl Pts',(-21.7113339932402,111.183745943615,6.92789506931708));
#2820=CARTESIAN_POINT('Ctrl Pts',(-21.699435697,111.109403196,6.914284519));
#2821=CARTESIAN_POINT('Ctrl Pts',(-21.694371645,111.033902871,6.898889801));
#2822=CARTESIAN_POINT('Origin',(-35.059521989,98.706448293,4.102740667));
#2823=CARTESIAN_POINT('Ctrl Pts',(-34.265605964,98.276629345,6.892659592));
#2824=CARTESIAN_POINT('Ctrl Pts',(-34.340884336,98.281610998,6.908434827));
#2825=CARTESIAN_POINT('Ctrl Pts',(-34.4150273304432,98.2933978998531,6.92246676891396));
#2826=CARTESIAN_POINT('Ctrl Pts',(-34.4880634010181,98.3118216437169,6.93479930643438));
#2827=CARTESIAN_POINT('Ctrl Pts',(-34.5610988382152,98.3302452278077,6.9471317370055));
#2828=CARTESIAN_POINT('Ctrl Pts',(-34.6336473771722,98.3555998556989,6.95783919487189));
#2829=CARTESIAN_POINT('Ctrl Pts',(-34.7035111698189,98.3874020784867,6.96653291988123));
#2830=CARTESIAN_POINT('Ctrl Pts',(-34.7733755683384,98.4192045770698,6.97522672028429));
#2831=CARTESIAN_POINT('Ctrl Pts',(-34.8398273699796,98.4569760249865,6.98184854899953));
#2832=CARTESIAN_POINT('Ctrl Pts',(-34.9029103389999,98.5006406035002,6.9864254070005));
#2833=CARTESIAN_POINT('Ctrl Pts',(-34.9659933080201,98.5443051820139,6.99100226500146));
#2834=CARTESIAN_POINT('Ctrl Pts',(-35.0262732330223,98.5945111770223,6.99351875100013));
#2835=CARTESIAN_POINT('Ctrl Pts',(-35.0809408409996,98.6490545405004,6.99382697850125));
#2836=CARTESIAN_POINT('Ctrl Pts',(-35.1356084489769,98.7035979039786,6.99413520600236));
#2837=CARTESIAN_POINT('Ctrl Pts',(-35.1849693169485,98.7624849014947,6.99230259809184));
#2838=CARTESIAN_POINT('Ctrl Pts',(-35.2290381741814,98.8257039414483,6.98833513394936));
#2839=CARTESIAN_POINT('Ctrl Pts',(-35.2731066492437,98.8889224331585,6.98436770421323));
#2840=CARTESIAN_POINT('Ctrl Pts',(-35.3118761989222,98.9568325128308,6.97818487849973));
#2841=CARTESIAN_POINT('Ctrl Pts',(-35.3436739430393,99.0262955000478,6.97009994323632));
#2842=CARTESIAN_POINT('Ctrl Pts',(-35.3754719814072,99.0957591305534,6.96201493304871));
#2843=CARTESIAN_POINT('Ctrl Pts',(-35.4008244209524,99.1674178996794,6.952005401329));
#2844=CARTESIAN_POINT('Ctrl Pts',(-35.419663498332,99.2412951400872,6.94005068197411));
#2845=CARTESIAN_POINT('Ctrl Pts',(-35.4385025531952,99.3151722921967,6.92809597690756));
#2846=CARTESIAN_POINT('Ctrl Pts',(-35.4505634459272,99.3905840296268,6.91428712310129));
#2847=CARTESIAN_POINT('Ctrl Pts',(-35.455628355,99.466097129,6.898889801));
#2848=CARTESIAN_POINT('Origin',(-22.090478011,98.706448293,4.102740667));
#2849=CARTESIAN_POINT('Ctrl Pts',(-21.694371645,99.466097129,6.898889801));
#2850=CARTESIAN_POINT('Ctrl Pts',(-21.6994365559107,99.3905840022257,6.91428712868846));
#2851=CARTESIAN_POINT('Ctrl Pts',(-21.7114974604251,99.3151722387849,6.92809598555059));
#2852=CARTESIAN_POINT('Ctrl Pts',(-21.730336501168,99.2412951400872,6.94005068197411));
#2853=CARTESIAN_POINT('Ctrl Pts',(-21.7491755507552,99.1674180067064,6.95200538401004));
#2854=CARTESIAN_POINT('Ctrl Pts',(-21.7745279323004,99.0957594207512,6.96201488773502));
#2855=CARTESIAN_POINT('Ctrl Pts',(-21.8063257810878,99.0262961026996,6.97009987309243));
#2856=CARTESIAN_POINT('Ctrl Pts',(-21.8381237143297,98.956832600155,6.97818487992338));
#2857=CARTESIAN_POINT('Ctrl Pts',(-21.8768932233666,98.8889226159055,6.9843676927445));
#2858=CARTESIAN_POINT('Ctrl Pts',(-21.9209618258186,98.8257039414483,6.98833513394936));
#2859=CARTESIAN_POINT('Ctrl Pts',(-21.9650305556608,98.7624850842433,6.99230258662301));
#2860=CARTESIAN_POINT('Ctrl Pts',(-22.0143914729897,98.7035979828308,6.99413520644559));
#2861=CARTESIAN_POINT('Ctrl Pts',(-22.069059159,98.64905454,6.99382697850005));
#2862=CARTESIAN_POINT('Ctrl Pts',(-22.1237266869819,98.5945112548385,6.99351875144552));
#2863=CARTESIAN_POINT('Ctrl Pts',(-22.1840065086639,98.5443053062089,6.99100227922903));
#2864=CARTESIAN_POINT('Ctrl Pts',(-22.2470896615005,98.5006406040006,6.98642540700178));
#2865=CARTESIAN_POINT('Ctrl Pts',(-22.3101724496266,98.4569761542366,6.98184856123536));
#2866=CARTESIAN_POINT('Ctrl Pts',(-22.3766243504124,98.4192046565447,6.975226720871));
#2867=CARTESIAN_POINT('Ctrl Pts',(-22.4464882243084,98.3874023542821,6.9665329952749));
#2868=CARTESIAN_POINT('Ctrl Pts',(-22.5163525021191,98.3555998681562,6.95783921941645));
#2869=CARTESIAN_POINT('Ctrl Pts',(-22.5889009496598,98.3302452750651,6.94713177465511));
#2870=CARTESIAN_POINT('Ctrl Pts',(-22.6619365989819,98.3118216437169,6.93479930643439));
#2871=CARTESIAN_POINT('Ctrl Pts',(-22.7349724594299,98.293397959111,6.9224668025639));
#2872=CARTESIAN_POINT('Ctrl Pts',(-22.8091155551956,98.2816110052003,6.9084348498009));
#2873=CARTESIAN_POINT('Ctrl Pts',(-22.884394036,98.276629345,6.892659592));
#2874=CARTESIAN_POINT('Origin',(-35.059521989,111.793551707,4.102740667));
#2875=CARTESIAN_POINT('Ctrl Pts',(-35.455628355,111.033902871,6.898889801));
#2876=CARTESIAN_POINT('Ctrl Pts',(-35.4505634440893,111.109415997774,6.91428712868846));
#2877=CARTESIAN_POINT('Ctrl Pts',(-35.4385025395749,111.184827761215,6.92809598555059));
#2878=CARTESIAN_POINT('Ctrl Pts',(-35.419663498832,111.258704859913,6.94005068197411));
#2879=CARTESIAN_POINT('Ctrl Pts',(-35.4008244492448,111.332581993294,6.95200538401003));
#2880=CARTESIAN_POINT('Ctrl Pts',(-35.3754720676996,111.404240579249,6.96201488773502));
#2881=CARTESIAN_POINT('Ctrl Pts',(-35.3436742189122,111.4737038973,6.97009987309243));
#2882=CARTESIAN_POINT('Ctrl Pts',(-35.3118762856703,111.543167399845,6.97818487992338));
#2883=CARTESIAN_POINT('Ctrl Pts',(-35.2731067766334,111.611077384095,6.9843676927445));
#2884=CARTESIAN_POINT('Ctrl Pts',(-35.2290381741814,111.674296058552,6.98833513394936));
#2885=CARTESIAN_POINT('Ctrl Pts',(-35.1849694443392,111.737514915757,6.99230258662301));
#2886=CARTESIAN_POINT('Ctrl Pts',(-35.1356085270103,111.796402017169,6.99413520644559));
#2887=CARTESIAN_POINT('Ctrl Pts',(-35.080940841,111.85094546,6.99382697850005));
#2888=CARTESIAN_POINT('Ctrl Pts',(-35.0262733130181,111.905488745162,6.99351875144552));
#2889=CARTESIAN_POINT('Ctrl Pts',(-34.9659934913361,111.955694693791,6.99100227922903));
#2890=CARTESIAN_POINT('Ctrl Pts',(-34.9029103384995,111.999359395999,6.98642540700178));
#2891=CARTESIAN_POINT('Ctrl Pts',(-34.8398275503734,112.043023845763,6.98184856123536));
#2892=CARTESIAN_POINT('Ctrl Pts',(-34.7733756495876,112.080795343455,6.97522672087101));
#2893=CARTESIAN_POINT('Ctrl Pts',(-34.7035117756916,112.112597645718,6.9665329952749));
#2894=CARTESIAN_POINT('Ctrl Pts',(-34.6336474978809,112.144400131844,6.95783921941643));
#2895=CARTESIAN_POINT('Ctrl Pts',(-34.5610990503402,112.169754724935,6.94713177465511));
#2896=CARTESIAN_POINT('Ctrl Pts',(-34.4880634010181,112.188178356283,6.93479930643439));
#2897=CARTESIAN_POINT('Ctrl Pts',(-34.4150275405701,112.206602040889,6.9224668025639));
#2898=CARTESIAN_POINT('Ctrl Pts',(-34.3408844448044,112.2183889948,6.9084348498009));
#2899=CARTESIAN_POINT('Ctrl Pts',(-34.265605964,112.223370655,6.892659592));
#2900=CARTESIAN_POINT('Origin',(-35.852420419,105.25,47.93920183));
#2901=CARTESIAN_POINT('Origin',(-22.288075264,111.033902871,6.703592558));
#2902=CARTESIAN_POINT('Origin',(-22.288075264,99.466097129,6.703592558));
#2903=CARTESIAN_POINT('Ctrl Pts',(-22.884394036,98.276629345,6.892659592));
#2904=CARTESIAN_POINT('Ctrl Pts',(-22.89392414,98.29857878,6.962166135));
#2905=CARTESIAN_POINT('Ctrl Pts',(-22.903451796,98.333016333,7.027709431));
#2906=CARTESIAN_POINT('Ctrl Pts',(-22.92133774,98.422658708,7.142858804));
#2907=CARTESIAN_POINT('Ctrl Pts',(-22.929691435,98.477840507,7.192435309));
#2908=CARTESIAN_POINT('Ctrl Pts',(-22.944199277,98.602180991,7.269532695));
#2909=CARTESIAN_POINT('Ctrl Pts',(-22.950349698,98.671307743,7.297033777));
#2910=CARTESIAN_POINT('Ctrl Pts',(-22.959691836,98.815025569,7.326579528));
#2911=CARTESIAN_POINT('Ctrl Pts',(-22.962881153,98.889579734,7.328616608));
#2912=CARTESIAN_POINT('Ctrl Pts',(-22.964393818,98.962273133,7.317793407));
#2913=CARTESIAN_POINT('Ctrl Pts',(-22.809115664,98.281610998,6.908434827));
#2914=CARTESIAN_POINT('Ctrl Pts',(-22.819347606,98.304109841,6.977086067));
#2915=CARTESIAN_POINT('Ctrl Pts',(-22.830344864,98.338834208,7.041605162));
#2916=CARTESIAN_POINT('Ctrl Pts',(-22.852543141,98.428552207,7.154611974));
#2917=CARTESIAN_POINT('Ctrl Pts',(-22.863738597,98.483523489,7.203071558));
#2918=CARTESIAN_POINT('Ctrl Pts',(-22.884968933,98.607071744,7.278069938));
#2919=CARTESIAN_POINT('Ctrl Pts',(-22.894998471,98.675617946,7.304590067));
#2920=CARTESIAN_POINT('Ctrl Pts',(-22.91267159,98.818001699,7.332480612));
#2921=CARTESIAN_POINT('Ctrl Pts',(-22.920310705,98.891803791,7.333844091));
#2922=CARTESIAN_POINT('Ctrl Pts',(-22.92628843,98.963773414,7.322544297));
#2923=CARTESIAN_POINT('Ctrl Pts',(-22.73497267,98.293397906,6.922466767));
#2924=CARTESIAN_POINT('Ctrl Pts',(-22.746027386,98.316289738,6.990329204));
#2925=CARTESIAN_POINT('Ctrl Pts',(-22.758570574,98.351100663,7.053919021));
#2926=CARTESIAN_POINT('Ctrl Pts',(-22.785141403,98.44042501,7.164999523));
#2927=CARTESIAN_POINT('Ctrl Pts',(-22.799162578,98.49491678,7.212463289));
#2928=CARTESIAN_POINT('Ctrl Pts',(-22.82700664,98.617086439,7.285599957));
#2929=CARTESIAN_POINT('Ctrl Pts',(-22.840822741,98.68473472,7.311255136));
#2930=CARTESIAN_POINT('Ctrl Pts',(-22.866596357,98.825122642,7.337692185));
#2931=CARTESIAN_POINT('Ctrl Pts',(-22.878547579,98.897828264,7.338467651));
#2932=CARTESIAN_POINT('Ctrl Pts',(-22.888850286,98.968727501,7.326754354));
#2933=CARTESIAN_POINT('Ctrl Pts',(-22.588901161,98.330245221,6.947131737));
#2934=CARTESIAN_POINT('Ctrl Pts',(-22.601749239,98.353586653,7.013574165));
#2935=CARTESIAN_POINT('Ctrl Pts',(-22.617468297,98.388159469,7.075507441));
#2936=CARTESIAN_POINT('Ctrl Pts',(-22.652822968,98.475758145,7.183173591));
#2937=CARTESIAN_POINT('Ctrl Pts',(-22.672450395,98.528763786,7.228881618));
#2938=CARTESIAN_POINT('Ctrl Pts',(-22.713325002,98.647040919,7.29874742));
#2939=CARTESIAN_POINT('Ctrl Pts',(-22.734562709,98.712285116,7.322889074));
#2940=CARTESIAN_POINT('Ctrl Pts',(-22.776170453,98.847419189,7.346790914));
#2941=CARTESIAN_POINT('Ctrl Pts',(-22.796530838,98.917277882,7.346545588));
#2942=CARTESIAN_POINT('Ctrl Pts',(-22.815264029,98.985377994,7.334118604));
#2943=CARTESIAN_POINT('Ctrl Pts',(-22.51635262,98.355599857,6.957839193));
#2944=CARTESIAN_POINT('Ctrl Pts',(-22.530180792,98.378996654,7.023645629));
#2945=CARTESIAN_POINT('Ctrl Pts',(-22.547544716,98.41323975,7.08484628));
#2946=CARTESIAN_POINT('Ctrl Pts',(-22.587349857,98.499489569,7.191013629));
#2947=CARTESIAN_POINT('Ctrl Pts',(-22.609782064,98.551476811,7.235956344));
#2948=CARTESIAN_POINT('Ctrl Pts',(-22.657128829,98.667211528,7.304403151));
#2949=CARTESIAN_POINT('Ctrl Pts',(-22.682032664,98.730932865,7.327891782));
#2950=CARTESIAN_POINT('Ctrl Pts',(-22.731439873,98.862773077,7.350704632));
#2951=CARTESIAN_POINT('Ctrl Pts',(-22.755932054,98.930862179,7.350023699));
#2952=CARTESIAN_POINT('Ctrl Pts',(-22.778805528,98.997214593,7.337294654));
#2953=CARTESIAN_POINT('Ctrl Pts',(-22.376624434,98.419204575,6.97522672));
#2954=CARTESIAN_POINT('Ctrl Pts',(-22.392433376,98.442353639,7.039976441));
#2955=CARTESIAN_POINT('Ctrl Pts',(-22.413039422,98.475518038,7.099968595));
#2956=CARTESIAN_POINT('Ctrl Pts',(-22.461521108,98.558139344,7.203675311));
#2957=CARTESIAN_POINT('Ctrl Pts',(-22.489386164,98.607578252,7.247367276));
#2958=CARTESIAN_POINT('Ctrl Pts',(-22.549220661,98.717140489,7.313503543));
#2959=CARTESIAN_POINT('Ctrl Pts',(-22.581177035,98.777239952,7.335933435));
#2960=CARTESIAN_POINT('Ctrl Pts',(-22.64556195,98.901302232,7.356988696));
#2961=CARTESIAN_POINT('Ctrl Pts',(-22.677976427,98.965238026,7.355609478));
#2962=CARTESIAN_POINT('Ctrl Pts',(-22.708783839,99.027475699,7.342401329));
#2963=CARTESIAN_POINT('Ctrl Pts',(-22.310172632,98.456976028,6.981848548));
#2964=CARTESIAN_POINT('Ctrl Pts',(-22.326970014,98.479826954,7.046181586));
#2965=CARTESIAN_POINT('Ctrl Pts',(-22.349154936,98.512252552,7.105702279));
#2966=CARTESIAN_POINT('Ctrl Pts',(-22.401815428,98.592623598,7.20845588));
#2967=CARTESIAN_POINT('Ctrl Pts',(-22.432279674,98.640551781,7.251666709));
#2968=CARTESIAN_POINT('Ctrl Pts',(-22.498064325,98.746528938,7.316919204));
#2969=CARTESIAN_POINT('Ctrl Pts',(-22.533370582,98.804555147,7.338946851));
#2970=CARTESIAN_POINT('Ctrl Pts',(-22.604856655,98.924188168,7.359339124));
#2971=CARTESIAN_POINT('Ctrl Pts',(-22.641021096,98.985769281,7.35769937));
#2972=CARTESIAN_POINT('Ctrl Pts',(-22.675581648,99.045668771,7.344315559));
#2973=CARTESIAN_POINT('Ctrl Pts',(-22.184006691,98.54430518,6.991002266));
#2974=CARTESIAN_POINT('Ctrl Pts',(-22.202686647,98.566243757,7.054737432));
#2975=CARTESIAN_POINT('Ctrl Pts',(-22.227881634,98.596818653,7.113586081));
#2976=CARTESIAN_POINT('Ctrl Pts',(-22.288508692,98.671853271,7.214988879));
#2977=CARTESIAN_POINT('Ctrl Pts',(-22.32392799,98.716297201,7.257521682));
#2978=CARTESIAN_POINT('Ctrl Pts',(-22.401051531,98.814113975,7.321536764));
#2979=CARTESIAN_POINT('Ctrl Pts',(-22.442739526,98.867466235,7.343005569));
#2980=CARTESIAN_POINT('Ctrl Pts',(-22.527746265,98.977147275,7.362486671));
#2981=CARTESIAN_POINT('Ctrl Pts',(-22.571047098,99.033452975,7.360494869));
#2982=CARTESIAN_POINT('Ctrl Pts',(-22.612745071,99.088104679,7.34688113));
#2983=CARTESIAN_POINT('Ctrl Pts',(-22.123726766,98.594511176,6.993518751));
#2984=CARTESIAN_POINT('Ctrl Pts',(-22.143309122,98.615825971,7.05707324));
#2985=CARTESIAN_POINT('Ctrl Pts',(-22.169948812,98.645273462,7.115721974));
#2986=CARTESIAN_POINT('Ctrl Pts',(-22.234399647,98.717180699,7.216728597));
#2987=CARTESIAN_POINT('Ctrl Pts',(-22.272197307,98.759625402,7.259065354));
#2988=CARTESIAN_POINT('Ctrl Pts',(-22.35476111,98.852808044,7.322728527));
#2989=CARTESIAN_POINT('Ctrl Pts',(-22.399509978,98.90352649,7.344041623));
#2990=CARTESIAN_POINT('Ctrl Pts',(-22.490997625,99.007614707,7.363276228));
#2991=CARTESIAN_POINT('Ctrl Pts',(-22.537717262,99.060962705,7.361193714));
#2992=CARTESIAN_POINT('Ctrl Pts',(-22.582831823,99.112667895,7.347526418));
#2993=CARTESIAN_POINT('Ctrl Pts',(-22.014391552,98.703597904,6.994135206));
#2994=CARTESIAN_POINT('Ctrl Pts',(-22.035538446,98.723436009,7.057591401));
#2995=CARTESIAN_POINT('Ctrl Pts',(-22.064757105,98.750360221,7.116138721));
#2996=CARTESIAN_POINT('Ctrl Pts',(-22.136116031,98.815412209,7.216959914));
#2997=CARTESIAN_POINT('Ctrl Pts',(-22.178241426,98.853526429,7.259212778));
#2998=CARTESIAN_POINT('Ctrl Pts',(-22.270738908,98.936728901,7.322744047));
#2999=CARTESIAN_POINT('Ctrl Pts',(-22.321091718,98.981799815,7.344009212));
#3000=CARTESIAN_POINT('Ctrl Pts',(-22.424453042,99.073911574,7.363193814));
#3001=CARTESIAN_POINT('Ctrl Pts',(-22.477440014,99.120933226,7.361109251));
#3002=CARTESIAN_POINT('Ctrl Pts',(-22.528811836,99.166328404,7.347462752));
#3003=CARTESIAN_POINT('Ctrl Pts',(-21.965030682,98.762484903,6.992302598));
#3004=CARTESIAN_POINT('Ctrl Pts',(-21.986844652,98.781472227,7.055837107));
#3005=CARTESIAN_POINT('Ctrl Pts',(-22.017204999,98.807001844,7.114478308));
#3006=CARTESIAN_POINT('Ctrl Pts',(-22.091667357,98.868326951,7.215500858));
#3007=CARTESIAN_POINT('Ctrl Pts',(-22.135753819,98.904109628,7.257861109));
#3008=CARTESIAN_POINT('Ctrl Pts',(-22.232771288,98.981964348,7.321603564));
#3009=CARTESIAN_POINT('Ctrl Pts',(-22.285682037,99.024020122,7.342972456));
#3010=CARTESIAN_POINT('Ctrl Pts',(-22.394467648,99.10974488,7.362346769));
#3011=CARTESIAN_POINT('Ctrl Pts',(-22.450319794,99.153395951,7.360348144));
#3012=CARTESIAN_POINT('Ctrl Pts',(-22.504549026,99.195425786,7.34677408));
#3013=CARTESIAN_POINT('Ctrl Pts',(-21.876893351,98.888922431,6.984367702));
#3014=CARTESIAN_POINT('Ctrl Pts',(-21.899752694,98.906059314,7.048309603));
#3015=CARTESIAN_POINT('Ctrl Pts',(-21.932059741,98.928587887,7.107424809));
#3016=CARTESIAN_POINT('Ctrl Pts',(-22.011980375,98.981925029,7.209434408));
#3017=CARTESIAN_POINT('Ctrl Pts',(-22.059577056,99.012722307,7.252307216));
#3018=CARTESIAN_POINT('Ctrl Pts',(-22.164755927,99.079151915,7.317025907));
#3019=CARTESIAN_POINT('Ctrl Pts',(-22.222315867,99.114770181,7.338858097));
#3020=CARTESIAN_POINT('Ctrl Pts',(-22.340982856,99.186855421,7.359042762));
#3021=CARTESIAN_POINT('Ctrl Pts',(-22.402064801,99.223307134,7.357390966));
#3022=CARTESIAN_POINT('Ctrl Pts',(-22.461502657,99.258142466,7.344086827));
#3023=CARTESIAN_POINT('Ctrl Pts',(-21.83812379,98.956832511,6.97818488));
#3024=CARTESIAN_POINT('Ctrl Pts',(-21.861358451,98.972964852,7.042460402));
#3025=CARTESIAN_POINT('Ctrl Pts',(-21.894468475,98.993878894,7.101960981));
#3026=CARTESIAN_POINT('Ctrl Pts',(-21.976741675,99.042933189,7.204767067));
#3027=CARTESIAN_POINT('Ctrl Pts',(-22.025887261,99.071062938,7.248050588));
#3028=CARTESIAN_POINT('Ctrl Pts',(-22.134708378,99.131383655,7.313544709));
#3029=CARTESIAN_POINT('Ctrl Pts',(-22.194360643,99.163561702,7.335741303));
#3030=CARTESIAN_POINT('Ctrl Pts',(-22.31748748,99.22835639,7.356554816));
#3031=CARTESIAN_POINT('Ctrl Pts',(-22.380935729,99.260959149,7.355167287));
#3032=CARTESIAN_POINT('Ctrl Pts',(-22.442726367,99.291945042,7.342063096));
#3033=CARTESIAN_POINT('Ctrl Pts',(-21.774527955,99.095759292,6.96201491));
#3034=CARTESIAN_POINT('Ctrl Pts',(-21.798156382,99.109904349,7.027170883));
#3035=CARTESIAN_POINT('Ctrl Pts',(-21.832440621,99.127572305,7.087692131));
#3036=CARTESIAN_POINT('Ctrl Pts',(-21.918436845,99.16795096,7.192608636));
#3037=CARTESIAN_POINT('Ctrl Pts',(-21.970129903,99.190652755,7.236980795));
#3038=CARTESIAN_POINT('Ctrl Pts',(-22.085050196,99.238507021,7.304526072));
#3039=CARTESIAN_POINT('Ctrl Pts',(-22.148252138,99.263648936,7.327684321));
#3040=CARTESIAN_POINT('Ctrl Pts',(-22.278980366,99.313510964,7.350148637));
#3041=CARTESIAN_POINT('Ctrl Pts',(-22.34647788,99.338220074,7.349449759));
#3042=CARTESIAN_POINT('Ctrl Pts',(-22.41228593,99.361305943,7.336859576));
#3043=CARTESIAN_POINT('Ctrl Pts',(-21.749175553,99.167417997,6.952005385));
#3044=CARTESIAN_POINT('Ctrl Pts',(-21.772829649,99.180570399,7.017709304));
#3045=CARTESIAN_POINT('Ctrl Pts',(-21.807497386,99.196591138,7.078867122));
#3046=CARTESIAN_POINT('Ctrl Pts',(-21.89489728,99.232535834,7.185100178));
#3047=CARTESIAN_POINT('Ctrl Pts',(-21.947609848,99.252451711,7.230151608));
#3048=CARTESIAN_POINT('Ctrl Pts',(-22.065035282,99.293890285,7.298975182));
#3049=CARTESIAN_POINT('Ctrl Pts',(-22.129721831,99.315403659,7.322731905));
#3050=CARTESIAN_POINT('Ctrl Pts',(-22.263649365,99.357554607,7.346220343));
#3051=CARTESIAN_POINT('Ctrl Pts',(-22.332860337,99.37818269,7.345946798));
#3052=CARTESIAN_POINT('Ctrl Pts',(-22.400363422,99.397181695,7.333671441));
#3053=CARTESIAN_POINT('Ctrl Pts',(-21.711497449,99.315172283,6.928095978));
#3054=CARTESIAN_POINT('Ctrl Pts',(-21.734852063,99.326436559,6.995092586));
#3055=CARTESIAN_POINT('Ctrl Pts',(-21.769870717,99.33918231,7.057766188));
#3056=CARTESIAN_POINT('Ctrl Pts',(-21.859146371,99.366146108,7.167148444));
#3057=CARTESIAN_POINT('Ctrl Pts',(-21.91338247,99.38035782,7.213831494));
#3058=CARTESIAN_POINT('Ctrl Pts',(-22.034717729,99.408577499,7.285730165));
#3059=CARTESIAN_POINT('Ctrl Pts',(-22.101788486,99.422578826,7.310928958));
#3060=CARTESIAN_POINT('Ctrl Pts',(-22.2409043,99.448724535,7.336883297));
#3061=CARTESIAN_POINT('Ctrl Pts',(-22.312916793,99.460862754,7.337632771));
#3062=CARTESIAN_POINT('Ctrl Pts',(-22.383179443,99.471354878,7.3261111));
#3063=CARTESIAN_POINT('Ctrl Pts',(-21.699436557,99.390583984,6.914287132));
#3064=CARTESIAN_POINT('Ctrl Pts',(-21.722465355,99.400962712,6.982023411));
#3065=CARTESIAN_POINT('Ctrl Pts',(-21.7574472,99.412096676,7.045570404));
#3066=CARTESIAN_POINT('Ctrl Pts',(-21.847180181,99.434556048,7.156773324));
#3067=CARTESIAN_POINT('Ctrl Pts',(-21.901909774,99.445876033,7.204402567));
#3068=CARTESIAN_POINT('Ctrl Pts',(-22.024624048,99.467353362,7.27808646));
#3069=CARTESIAN_POINT('Ctrl Pts',(-22.092579274,99.477505503,7.304123435));
#3070=CARTESIAN_POINT('Ctrl Pts',(-22.233651484,99.495429922,7.331510261));
#3071=CARTESIAN_POINT('Ctrl Pts',(-22.306734609,99.50319784,7.332853549));
#3072=CARTESIAN_POINT('Ctrl Pts',(-22.378044501,99.509308562,7.321767844));
#3073=CARTESIAN_POINT('Ctrl Pts',(-21.694371645,99.466097129,6.898889801));
#3074=CARTESIAN_POINT('Ctrl Pts',(-21.716918186,99.475711084,6.967431286));
#3075=CARTESIAN_POINT('Ctrl Pts',(-21.751660676,99.485322664,7.031942187));
#3076=CARTESIAN_POINT('Ctrl Pts',(-21.841372378,99.503388773,7.145168797));
#3077=CARTESIAN_POINT('Ctrl Pts',(-21.896319435,99.511838839,7.193856545));
#3078=CARTESIAN_POINT('Ctrl Pts',(-22.019808519,99.526559942,7.269543891));
#3079=CARTESIAN_POINT('Ctrl Pts',(-22.088320049,99.532827343,7.296524799));
#3080=CARTESIAN_POINT('Ctrl Pts',(-22.230663438,99.542424464,7.325526421));
#3081=CARTESIAN_POINT('Ctrl Pts',(-22.304460144,99.545751813,7.327539973));
#3082=CARTESIAN_POINT('Ctrl Pts',(-22.376458225,99.547408499,7.316945567));
#3083=CARTESIAN_POINT('Origin',(-22.884394036,98.872618511,6.704452487));
#3084=CARTESIAN_POINT('Ctrl Pts',(-21.694371645,111.033902871,6.898889801));
#3085=CARTESIAN_POINT('Ctrl Pts',(-21.716918186,111.024288916,6.967431286));
#3086=CARTESIAN_POINT('Ctrl Pts',(-21.751660676,111.014677336,7.031942187));
#3087=CARTESIAN_POINT('Ctrl Pts',(-21.841372378,110.996611227,7.145168797));
#3088=CARTESIAN_POINT('Ctrl Pts',(-21.896319435,110.988161161,7.193856545));
#3089=CARTESIAN_POINT('Ctrl Pts',(-22.019808519,110.973440058,7.269543891));
#3090=CARTESIAN_POINT('Ctrl Pts',(-22.088320049,110.967172657,7.296524799));
#3091=CARTESIAN_POINT('Ctrl Pts',(-22.230663438,110.957575536,7.325526421));
#3092=CARTESIAN_POINT('Ctrl Pts',(-22.304460144,110.954248187,7.327539973));
#3093=CARTESIAN_POINT('Ctrl Pts',(-22.376458225,110.952591501,7.316945567));
#3094=CARTESIAN_POINT('Ctrl Pts',(-21.699435697,111.109403196,6.914284519));
#3095=CARTESIAN_POINT('Ctrl Pts',(-21.722464413,111.099024598,6.982020933));
#3096=CARTESIAN_POINT('Ctrl Pts',(-21.757446217,111.087890893,7.04556809));
#3097=CARTESIAN_POINT('Ctrl Pts',(-21.847179195,111.065432267,7.156771354));
#3098=CARTESIAN_POINT('Ctrl Pts',(-21.901908825,111.054112769,7.204400776));
#3099=CARTESIAN_POINT('Ctrl Pts',(-22.024623231,111.032636587,7.27808501));
#3100=CARTESIAN_POINT('Ctrl Pts',(-22.09257855,111.022485106,7.304122145));
#3101=CARTESIAN_POINT('Ctrl Pts',(-22.233650977,111.0045621,7.331509246));
#3102=CARTESIAN_POINT('Ctrl Pts',(-22.306734222,110.996794936,7.332852647));
#3103=CARTESIAN_POINT('Ctrl Pts',(-22.378044231,110.99068497,7.321767025));
#3104=CARTESIAN_POINT('Ctrl Pts',(-21.711334012,111.18374594,6.927895062));
#3105=CARTESIAN_POINT('Ctrl Pts',(-21.7346836,111.172493957,6.994902345));
#3106=CARTESIAN_POINT('Ctrl Pts',(-21.769701303,111.159770944,7.057588585));
#3107=CARTESIAN_POINT('Ctrl Pts',(-21.858982574,111.132871082,7.166997244));
#3108=CARTESIAN_POINT('Ctrl Pts',(-21.913225232,111.118700558,7.21369404));
#3109=CARTESIAN_POINT('Ctrl Pts',(-22.034579186,111.090577123,7.285618701));
#3110=CARTESIAN_POINT('Ctrl Pts',(-22.101662065,111.076630833,7.310829725));
#3111=CARTESIAN_POINT('Ctrl Pts',(-22.240804818,111.050602818,7.336805026));
#3112=CARTESIAN_POINT('Ctrl Pts',(-22.31283211,111.038527228,7.337563225));
#3113=CARTESIAN_POINT('Ctrl Pts',(-22.383109253,111.028097949,7.326048));
#3114=CARTESIAN_POINT('Ctrl Pts',(-21.748451541,111.330175174,6.951639926));
#3115=CARTESIAN_POINT('Ctrl Pts',(-21.772103228,111.317054422,7.017363674));
#3116=CARTESIAN_POINT('Ctrl Pts',(-21.806779819,111.301087645,7.078544662));
#3117=CARTESIAN_POINT('Ctrl Pts',(-21.894217628,111.26528989,7.184825785));
#3118=CARTESIAN_POINT('Ctrl Pts',(-21.946959236,111.245466966,7.229902085));
#3119=CARTESIAN_POINT('Ctrl Pts',(-22.064457595,111.204243322,7.298772528));
#3120=CARTESIAN_POINT('Ctrl Pts',(-22.129187997,111.182851882,7.322551228));
#3121=CARTESIAN_POINT('Ctrl Pts',(-22.263210545,111.140960535,7.346077289));
#3122=CARTESIAN_POINT('Ctrl Pts',(-22.332472637,111.120470064,7.345819378));
#3123=CARTESIAN_POINT('Ctrl Pts',(-22.400026219,111.101608962,7.333555586));
#3124=CARTESIAN_POINT('Ctrl Pts',(-21.773979139,111.402905244,6.961845949));
#3125=CARTESIAN_POINT('Ctrl Pts',(-21.797609992,111.388779185,7.027011165));
#3126=CARTESIAN_POINT('Ctrl Pts',(-21.831903779,111.371142371,7.087543135));
#3127=CARTESIAN_POINT('Ctrl Pts',(-21.917931685,111.330847083,7.192481795));
#3128=CARTESIAN_POINT('Ctrl Pts',(-21.969646863,111.308197498,7.236865376));
#3129=CARTESIAN_POINT('Ctrl Pts',(-22.084620582,111.260463208,7.304432144));
#3130=CARTESIAN_POINT('Ctrl Pts',(-22.14785381,111.235389037,7.327600453));
#3131=CARTESIAN_POINT('Ctrl Pts',(-22.278649155,111.185670806,7.350081988));
#3132=CARTESIAN_POINT('Ctrl Pts',(-22.346182476,111.161037721,7.349390266));
#3133=CARTESIAN_POINT('Ctrl Pts',(-22.412025991,111.138027932,7.336805385));
#3134=CARTESIAN_POINT('Ctrl Pts',(-21.837892341,111.542795913,6.978155866));
#3135=CARTESIAN_POINT('Ctrl Pts',(-21.861129644,111.526669321,7.042432949));
#3136=CARTESIAN_POINT('Ctrl Pts',(-21.894244761,111.505764354,7.10193532));
#3137=CARTESIAN_POINT('Ctrl Pts',(-21.976532401,111.45673392,7.204745103));
#3138=CARTESIAN_POINT('Ctrl Pts',(-22.025687329,111.428618954,7.248030527));
#3139=CARTESIAN_POINT('Ctrl Pts',(-22.134530211,111.368331967,7.313528239));
#3140=CARTESIAN_POINT('Ctrl Pts',(-22.194194895,111.33617286,7.33572652));
#3141=CARTESIAN_POINT('Ctrl Pts',(-22.31734811,111.271418222,7.356542951));
#3142=CARTESIAN_POINT('Ctrl Pts',(-22.380810313,111.238836564,7.35515665));
#3143=CARTESIAN_POINT('Ctrl Pts',(-22.442614817,111.20787174,7.342053393));
#3144=CARTESIAN_POINT('Ctrl Pts',(-21.875821439,111.609296779,6.984217699));
#3145=CARTESIAN_POINT('Ctrl Pts',(-21.898691767,111.592186078,7.048167613));
#3146=CARTESIAN_POINT('Ctrl Pts',(-21.931021372,111.569699734,7.107292094));
#3147=CARTESIAN_POINT('Ctrl Pts',(-22.011007306,111.516474777,7.209320894));
#3148=CARTESIAN_POINT('Ctrl Pts',(-22.058646711,111.485747435,7.252203621));
#3149=CARTESIAN_POINT('Ctrl Pts',(-22.163925757,111.419478058,7.316941074));
#3150=CARTESIAN_POINT('Ctrl Pts',(-22.221543122,111.383950057,7.3387821));
#3151=CARTESIAN_POINT('Ctrl Pts',(-22.340332438,111.31205613,7.358982056));
#3152=CARTESIAN_POINT('Ctrl Pts',(-22.401479255,111.27570543,7.357336712));
#3153=CARTESIAN_POINT('Ctrl Pts',(-22.460981653,111.240971118,7.344037484));
#3154=CARTESIAN_POINT('Ctrl Pts',(-21.963463201,111.735502705,6.992212948));
#3155=CARTESIAN_POINT('Ctrl Pts',(-21.98529727,111.716544547,7.055751767));
#3156=CARTESIAN_POINT('Ctrl Pts',(-22.015693159,111.69106256,7.114398031));
#3157=CARTESIAN_POINT('Ctrl Pts',(-22.090253343,111.629864567,7.215431232));
#3158=CARTESIAN_POINT('Ctrl Pts',(-22.134402067,111.59416135,7.257797065));
#3159=CARTESIAN_POINT('Ctrl Pts',(-22.23156357,111.51648885,7.321550278));
#3160=CARTESIAN_POINT('Ctrl Pts',(-22.284556058,111.4745358,7.342924341));
#3161=CARTESIAN_POINT('Ctrl Pts',(-22.393515186,111.389028691,7.362307856));
#3162=CARTESIAN_POINT('Ctrl Pts',(-22.449459071,111.345492502,7.36031326));
#3163=CARTESIAN_POINT('Ctrl Pts',(-22.503779759,111.303577429,7.346742439));
#3164=CARTESIAN_POINT('Ctrl Pts',(-22.013815539,111.795751648,6.994121837));
#3165=CARTESIAN_POINT('Ctrl Pts',(-22.034970421,111.775922818,7.057578481));
#3166=CARTESIAN_POINT('Ctrl Pts',(-22.06420254,111.749013954,7.116126368));
#3167=CARTESIAN_POINT('Ctrl Pts',(-22.135597836,111.684003141,7.216948834));
#3168=CARTESIAN_POINT('Ctrl Pts',(-22.177746132,111.645914738,7.259202402));
#3169=CARTESIAN_POINT('Ctrl Pts',(-22.270296301,111.562771541,7.322735111));
#3170=CARTESIAN_POINT('Ctrl Pts',(-22.320678886,111.517734072,7.344001012));
#3171=CARTESIAN_POINT('Ctrl Pts',(-22.424103313,111.425693166,7.36318702));
#3172=CARTESIAN_POINT('Ctrl Pts',(-22.4771236,111.378708908,7.361103129));
#3173=CARTESIAN_POINT('Ctrl Pts',(-22.52852865,111.333351044,7.347457233));
#3174=CARTESIAN_POINT('Ctrl Pts',(-22.123031898,111.904870435,6.993539045));
#3175=CARTESIAN_POINT('Ctrl Pts',(-22.142624547,111.883563651,7.057091958));
#3176=CARTESIAN_POINT('Ctrl Pts',(-22.169280849,111.854130267,7.115738963));
#3177=CARTESIAN_POINT('Ctrl Pts',(-22.233775796,111.782261787,7.216742195));
#3178=CARTESIAN_POINT('Ctrl Pts',(-22.271600947,111.739841726,7.259077291));
#3179=CARTESIAN_POINT('Ctrl Pts',(-22.354227685,111.646716045,7.322737526));
#3180=CARTESIAN_POINT('Ctrl Pts',(-22.399011985,111.596029906,7.344049345));
#3181=CARTESIAN_POINT('Ctrl Pts',(-22.490574654,111.492010234,7.363281991));
#3182=CARTESIAN_POINT('Ctrl Pts',(-22.537333866,111.43869846,7.361198793));
#3183=CARTESIAN_POINT('Ctrl Pts',(-22.582487955,111.387029364,7.347531145));
#3184=CARTESIAN_POINT('Ctrl Pts',(-22.181966116,111.95411462,6.991113926));
#3185=CARTESIAN_POINT('Ctrl Pts',(-22.200676508,111.932194395,7.054841459));
#3186=CARTESIAN_POINT('Ctrl Pts',(-22.225920231,111.901654133,7.113681596));
#3187=CARTESIAN_POINT('Ctrl Pts',(-22.286676324,111.826717072,7.215067401));
#3188=CARTESIAN_POINT('Ctrl Pts',(-22.322175899,111.782336038,7.257591733));
#3189=CARTESIAN_POINT('Ctrl Pts',(-22.399483129,111.684665679,7.321591477));
#3190=CARTESIAN_POINT('Ctrl Pts',(-22.441274501,111.631396903,7.34305342));
#3191=CARTESIAN_POINT('Ctrl Pts',(-22.526500211,111.521893356,7.362523485));
#3192=CARTESIAN_POINT('Ctrl Pts',(-22.569916597,111.465681621,7.36052751));
#3193=CARTESIAN_POINT('Ctrl Pts',(-22.611730103,111.41112349,7.34691116));
#3194=CARTESIAN_POINT('Ctrl Pts',(-22.308462232,112.042002611,6.982008581));
#3195=CARTESIAN_POINT('Ctrl Pts',(-22.325284974,112.019160376,7.04633149));
#3196=CARTESIAN_POINT('Ctrl Pts',(-22.347510472,111.986755129,7.10584073));
#3197=CARTESIAN_POINT('Ctrl Pts',(-22.400278436,111.906445204,7.208571192));
#3198=CARTESIAN_POINT('Ctrl Pts',(-22.430809557,111.858557772,7.251770347));
#3199=CARTESIAN_POINT('Ctrl Pts',(-22.496747335,111.752677023,7.317001417));
#3200=CARTESIAN_POINT('Ctrl Pts',(-22.532139816,111.694706442,7.33901932));
#3201=CARTESIAN_POINT('Ctrl Pts',(-22.603808684,111.57519219,7.359395556));
#3202=CARTESIAN_POINT('Ctrl Pts',(-22.64006966,111.513674182,7.357749514));
#3203=CARTESIAN_POINT('Ctrl Pts',(-22.674726831,111.4538374,7.344361479));
#3204=CARTESIAN_POINT('Ctrl Pts',(-22.376278205,112.080575331,6.975255604));
#3205=CARTESIAN_POINT('Ctrl Pts',(-22.392092609,112.05742851,7.040003445));
#3206=CARTESIAN_POINT('Ctrl Pts',(-22.412707165,112.024268786,7.099993496));
#3207=CARTESIAN_POINT('Ctrl Pts',(-22.461211108,111.941661059,7.203695994));
#3208=CARTESIAN_POINT('Ctrl Pts',(-22.489089907,111.892231052,7.247385846));
#3209=CARTESIAN_POINT('Ctrl Pts',(-22.54895571,111.782689681,7.313518261));
#3210=CARTESIAN_POINT('Ctrl Pts',(-22.580929642,111.722602178,7.335946415));
#3211=CARTESIAN_POINT('Ctrl Pts',(-22.645351671,111.598565341,7.356998837));
#3212=CARTESIAN_POINT('Ctrl Pts',(-22.677785699,111.534643025,7.355618521));
#3213=CARTESIAN_POINT('Ctrl Pts',(-22.708612642,111.472418727,7.342409652));
#3214=CARTESIAN_POINT('Ctrl Pts',(-22.514964969,112.143830614,6.958024952));
#3215=CARTESIAN_POINT('Ctrl Pts',(-22.528812601,112.120434923,7.023820194));
#3216=CARTESIAN_POINT('Ctrl Pts',(-22.546208591,112.086200806,7.085008008));
#3217=CARTESIAN_POINT('Ctrl Pts',(-22.586099793,111.999982927,7.191149179));
#3218=CARTESIAN_POINT('Ctrl Pts',(-22.60858598,111.948018631,7.236078569));
#3219=CARTESIAN_POINT('Ctrl Pts',(-22.656056939,111.832340027,7.304500736));
#3220=CARTESIAN_POINT('Ctrl Pts',(-22.681030964,111.768651834,7.327978066));
#3221=CARTESIAN_POINT('Ctrl Pts',(-22.730587282,111.636882935,7.350772138));
#3222=CARTESIAN_POINT('Ctrl Pts',(-22.755158353,111.568831976,7.350083737));
#3223=CARTESIAN_POINT('Ctrl Pts',(-22.778110822,111.502517285,7.337349563));
#3224=CARTESIAN_POINT('Ctrl Pts',(-22.58649505,112.169036975,6.947514489));
#3225=CARTESIAN_POINT('Ctrl Pts',(-22.599373758,112.145690583,7.013934613));
#3226=CARTESIAN_POINT('Ctrl Pts',(-22.615145878,112.111124828,7.075842003));
#3227=CARTESIAN_POINT('Ctrl Pts',(-22.650646036,112.023561973,7.183454952));
#3228=CARTESIAN_POINT('Ctrl Pts',(-22.670365859,111.970585069,7.229135695));
#3229=CARTESIAN_POINT('Ctrl Pts',(-22.711454643,111.852381382,7.298950748));
#3230=CARTESIAN_POINT('Ctrl Pts',(-22.732814088,111.787181857,7.323068961));
#3231=CARTESIAN_POINT('Ctrl Pts',(-22.77468133,111.652144947,7.346931578));
#3232=CARTESIAN_POINT('Ctrl Pts',(-22.795179423,111.5823387,7.346670484));
#3233=CARTESIAN_POINT('Ctrl Pts',(-22.81405069,111.514290307,7.33423249));
#3234=CARTESIAN_POINT('Ctrl Pts',(-22.733979018,112.206459267,6.92265886));
#3235=CARTESIAN_POINT('Ctrl Pts',(-22.745044251,112.18356168,6.990510619));
#3236=CARTESIAN_POINT('Ctrl Pts',(-22.757607694,112.148748999,7.05408781));
#3237=CARTESIAN_POINT('Ctrl Pts',(-22.784236337,112.059428586,7.165142069));
#3238=CARTESIAN_POINT('Ctrl Pts',(-22.798295058,112.004942494,7.212592234));
#3239=CARTESIAN_POINT('Ctrl Pts',(-22.826227269,111.882789733,7.285703409));
#3240=CARTESIAN_POINT('Ctrl Pts',(-22.840093951,111.815152655,7.31134671));
#3241=CARTESIAN_POINT('Ctrl Pts',(-22.865975948,111.674789807,7.337763722));
#3242=CARTESIAN_POINT('Ctrl Pts',(-22.877984943,111.602098038,7.338531038));
#3243=CARTESIAN_POINT('Ctrl Pts',(-22.888345654,111.531212333,7.326811957));
#3244=CARTESIAN_POINT('Ctrl Pts',(-22.809111711,112.218388741,6.908435655));
#3245=CARTESIAN_POINT('Ctrl Pts',(-22.81934369,112.195889868,6.977086851));
#3246=CARTESIAN_POINT('Ctrl Pts',(-22.830341024,112.161165486,7.041605891));
#3247=CARTESIAN_POINT('Ctrl Pts',(-22.852539528,112.071447483,7.154612591));
#3248=CARTESIAN_POINT('Ctrl Pts',(-22.863735134,112.016476212,7.203072116));
#3249=CARTESIAN_POINT('Ctrl Pts',(-22.884965822,111.892927999,7.278070386));
#3250=CARTESIAN_POINT('Ctrl Pts',(-22.894995564,111.824381828,7.304590464));
#3251=CARTESIAN_POINT('Ctrl Pts',(-22.912669121,111.681998145,7.332480921));
#3252=CARTESIAN_POINT('Ctrl Pts',(-22.920308469,111.608196092,7.333844366));
#3253=CARTESIAN_POINT('Ctrl Pts',(-22.926286428,111.536226507,7.322544547));
#3254=CARTESIAN_POINT('Ctrl Pts',(-22.884394036,112.223370655,6.892659592));
#3255=CARTESIAN_POINT('Ctrl Pts',(-22.89392414,112.20142122,6.962166135));
#3256=CARTESIAN_POINT('Ctrl Pts',(-22.903451796,112.166983667,7.027709431));
#3257=CARTESIAN_POINT('Ctrl Pts',(-22.92133774,112.077341292,7.142858804));
#3258=CARTESIAN_POINT('Ctrl Pts',(-22.929691435,112.022159493,7.192435309));
#3259=CARTESIAN_POINT('Ctrl Pts',(-22.944199277,111.897819009,7.269532695));
#3260=CARTESIAN_POINT('Ctrl Pts',(-22.950349698,111.828692257,7.297033777));
#3261=CARTESIAN_POINT('Ctrl Pts',(-22.959691836,111.684974431,7.326579528));
#3262=CARTESIAN_POINT('Ctrl Pts',(-22.962881153,111.610420266,7.328616608));
#3263=CARTESIAN_POINT('Ctrl Pts',(-22.964393818,111.537726867,7.317793407));
#3264=CARTESIAN_POINT('Origin',(-22.884394036,111.627381489,6.704452487));
#3265=CARTESIAN_POINT('Origin',(-28.575,111.979042754,48.208129256));
#3266=CARTESIAN_POINT('Origin',(-34.265605964,98.872618511,6.704452487));
#3267=CARTESIAN_POINT('Origin',(-28.575,98.520957246,48.208129256));
#3268=CARTESIAN_POINT('Origin',(-34.265605964,111.627381489,6.704452487));
#3269=CARTESIAN_POINT('Ctrl Pts',(-34.185606182,98.962273133,7.317793407));
#3270=CARTESIAN_POINT('Ctrl Pts',(-34.187118847,98.889579734,7.328616608));
#3271=CARTESIAN_POINT('Ctrl Pts',(-34.190308164,98.815025569,7.326579528));
#3272=CARTESIAN_POINT('Ctrl Pts',(-34.199650302,98.671307743,7.297033777));
#3273=CARTESIAN_POINT('Ctrl Pts',(-34.205800723,98.602180991,7.269532695));
#3274=CARTESIAN_POINT('Ctrl Pts',(-34.220308565,98.477840507,7.192435309));
#3275=CARTESIAN_POINT('Ctrl Pts',(-34.22866226,98.422658708,7.142858804));
#3276=CARTESIAN_POINT('Ctrl Pts',(-34.246548204,98.333016333,7.027709431));
#3277=CARTESIAN_POINT('Ctrl Pts',(-34.25607586,98.29857878,6.962166135));
#3278=CARTESIAN_POINT('Ctrl Pts',(-34.265605964,98.276629345,6.892659592));
#3279=CARTESIAN_POINT('Ctrl Pts',(-34.22371157,98.963773414,7.322544297));
#3280=CARTESIAN_POINT('Ctrl Pts',(-34.229689295,98.891803791,7.333844091));
#3281=CARTESIAN_POINT('Ctrl Pts',(-34.23732841,98.818001699,7.332480612));
#3282=CARTESIAN_POINT('Ctrl Pts',(-34.255001529,98.675617946,7.304590067));
#3283=CARTESIAN_POINT('Ctrl Pts',(-34.265031067,98.607071744,7.278069938));
#3284=CARTESIAN_POINT('Ctrl Pts',(-34.286261403,98.483523489,7.203071558));
#3285=CARTESIAN_POINT('Ctrl Pts',(-34.297456859,98.428552207,7.154611974));
#3286=CARTESIAN_POINT('Ctrl Pts',(-34.319655136,98.338834208,7.041605162));
#3287=CARTESIAN_POINT('Ctrl Pts',(-34.330652394,98.304109841,6.977086067));
#3288=CARTESIAN_POINT('Ctrl Pts',(-34.340884336,98.281610998,6.908434827));
#3289=CARTESIAN_POINT('Ctrl Pts',(-34.261149714,98.968727499,7.326754357));
#3290=CARTESIAN_POINT('Ctrl Pts',(-34.271452421,98.897828261,7.338467654));
#3291=CARTESIAN_POINT('Ctrl Pts',(-34.283403643,98.825122639,7.337692188));
#3292=CARTESIAN_POINT('Ctrl Pts',(-34.30917726,98.684734716,7.31125514));
#3293=CARTESIAN_POINT('Ctrl Pts',(-34.32299336,98.617086434,7.28559996));
#3294=CARTESIAN_POINT('Ctrl Pts',(-34.350837423,98.494916775,7.212463293));
#3295=CARTESIAN_POINT('Ctrl Pts',(-34.364858598,98.440425004,7.164999527));
#3296=CARTESIAN_POINT('Ctrl Pts',(-34.391429427,98.351100657,7.053919023));
#3297=CARTESIAN_POINT('Ctrl Pts',(-34.403972615,98.316289732,6.990329207));
#3298=CARTESIAN_POINT('Ctrl Pts',(-34.415027331,98.2933979,6.922466769));
#3299=CARTESIAN_POINT('Ctrl Pts',(-34.334735971,98.985377995,7.3341186));
#3300=CARTESIAN_POINT('Ctrl Pts',(-34.353469162,98.917277885,7.346545584));
#3301=CARTESIAN_POINT('Ctrl Pts',(-34.373829547,98.847419192,7.34679091));
#3302=CARTESIAN_POINT('Ctrl Pts',(-34.415437291,98.71228512,7.322889071));
#3303=CARTESIAN_POINT('Ctrl Pts',(-34.436674997,98.647040923,7.298747417));
#3304=CARTESIAN_POINT('Ctrl Pts',(-34.477549604,98.528763791,7.228881615));
#3305=CARTESIAN_POINT('Ctrl Pts',(-34.497177031,98.475758151,7.183173588));
#3306=CARTESIAN_POINT('Ctrl Pts',(-34.532531702,98.388159475,7.075507438));
#3307=CARTESIAN_POINT('Ctrl Pts',(-34.54825076,98.35358666,7.013574163));
#3308=CARTESIAN_POINT('Ctrl Pts',(-34.561098838,98.330245227,6.947131735));
#3309=CARTESIAN_POINT('Ctrl Pts',(-34.371194472,98.997214593,7.337294655));
#3310=CARTESIAN_POINT('Ctrl Pts',(-34.394067946,98.930862179,7.350023699));
#3311=CARTESIAN_POINT('Ctrl Pts',(-34.418560127,98.862773077,7.350704632));
#3312=CARTESIAN_POINT('Ctrl Pts',(-34.467967336,98.730932865,7.327891783));
#3313=CARTESIAN_POINT('Ctrl Pts',(-34.492871171,98.667211528,7.304403151));
#3314=CARTESIAN_POINT('Ctrl Pts',(-34.540217936,98.551476811,7.235956344));
#3315=CARTESIAN_POINT('Ctrl Pts',(-34.562650143,98.499489569,7.191013629));
#3316=CARTESIAN_POINT('Ctrl Pts',(-34.602455284,98.41323975,7.08484628));
#3317=CARTESIAN_POINT('Ctrl Pts',(-34.619819208,98.378996653,7.023645629));
#3318=CARTESIAN_POINT('Ctrl Pts',(-34.63364738,98.355599856,6.957839193));
#3319=CARTESIAN_POINT('Ctrl Pts',(-34.441216161,99.027475699,7.342401329));
#3320=CARTESIAN_POINT('Ctrl Pts',(-34.472023573,98.965238026,7.355609477));
#3321=CARTESIAN_POINT('Ctrl Pts',(-34.50443805,98.901302233,7.356988695));
#3322=CARTESIAN_POINT('Ctrl Pts',(-34.568822964,98.777239953,7.335933435));
#3323=CARTESIAN_POINT('Ctrl Pts',(-34.600779339,98.717140489,7.313503542));
#3324=CARTESIAN_POINT('Ctrl Pts',(-34.660613836,98.607578252,7.247367276));
#3325=CARTESIAN_POINT('Ctrl Pts',(-34.688478892,98.558139344,7.203675311));
#3326=CARTESIAN_POINT('Ctrl Pts',(-34.736960578,98.475518038,7.099968595));
#3327=CARTESIAN_POINT('Ctrl Pts',(-34.757566623,98.442353639,7.039976441));
#3328=CARTESIAN_POINT('Ctrl Pts',(-34.773375566,98.419204576,6.97522672));
#3329=CARTESIAN_POINT('Ctrl Pts',(-34.474418352,99.04566877,7.34431556));
#3330=CARTESIAN_POINT('Ctrl Pts',(-34.508978904,98.985769281,7.357699371));
#3331=CARTESIAN_POINT('Ctrl Pts',(-34.545143345,98.924188166,7.359339125));
#3332=CARTESIAN_POINT('Ctrl Pts',(-34.616629419,98.804555145,7.338946852));
#3333=CARTESIAN_POINT('Ctrl Pts',(-34.651935676,98.746528936,7.316919206));
#3334=CARTESIAN_POINT('Ctrl Pts',(-34.717720327,98.640551779,7.25166671));
#3335=CARTESIAN_POINT('Ctrl Pts',(-34.748184573,98.592623596,7.208455882));
#3336=CARTESIAN_POINT('Ctrl Pts',(-34.800845066,98.512252549,7.10570228));
#3337=CARTESIAN_POINT('Ctrl Pts',(-34.823029987,98.479826952,7.046181588));
#3338=CARTESIAN_POINT('Ctrl Pts',(-34.83982737,98.456976025,6.981848549));
#3339=CARTESIAN_POINT('Ctrl Pts',(-34.537254929,99.088104679,7.346881128));
#3340=CARTESIAN_POINT('Ctrl Pts',(-34.578952902,99.033452976,7.360494868));
#3341=CARTESIAN_POINT('Ctrl Pts',(-34.622253735,98.977147276,7.36248667));
#3342=CARTESIAN_POINT('Ctrl Pts',(-34.707260473,98.867466236,7.343005567));
#3343=CARTESIAN_POINT('Ctrl Pts',(-34.748948467,98.814113977,7.321536763));
#3344=CARTESIAN_POINT('Ctrl Pts',(-34.826072009,98.716297203,7.25752168));
#3345=CARTESIAN_POINT('Ctrl Pts',(-34.861491307,98.671853273,7.214988878));
#3346=CARTESIAN_POINT('Ctrl Pts',(-34.922118364,98.596818655,7.11358608));
#3347=CARTESIAN_POINT('Ctrl Pts',(-34.947313351,98.566243759,7.054737431));
#3348=CARTESIAN_POINT('Ctrl Pts',(-34.965993308,98.544305182,6.991002265));
#3349=CARTESIAN_POINT('Ctrl Pts',(-34.567168177,99.112667895,7.347526418));
#3350=CARTESIAN_POINT('Ctrl Pts',(-34.612282738,99.060962705,7.361193714));
#3351=CARTESIAN_POINT('Ctrl Pts',(-34.659002375,99.007614707,7.363276228));
#3352=CARTESIAN_POINT('Ctrl Pts',(-34.750490022,98.90352649,7.344041622));
#3353=CARTESIAN_POINT('Ctrl Pts',(-34.79523889,98.852808044,7.322728526));
#3354=CARTESIAN_POINT('Ctrl Pts',(-34.877802693,98.759625403,7.259065354));
#3355=CARTESIAN_POINT('Ctrl Pts',(-34.915600353,98.717180699,7.216728597));
#3356=CARTESIAN_POINT('Ctrl Pts',(-34.980051188,98.645273462,7.115721974));
#3357=CARTESIAN_POINT('Ctrl Pts',(-35.006690877,98.615825971,7.05707324));
#3358=CARTESIAN_POINT('Ctrl Pts',(-35.026273233,98.594511177,6.993518751));
#3359=CARTESIAN_POINT('Ctrl Pts',(-34.621188164,99.166328404,7.347462752));
#3360=CARTESIAN_POINT('Ctrl Pts',(-34.672559986,99.120933226,7.361109251));
#3361=CARTESIAN_POINT('Ctrl Pts',(-34.725546958,99.073911574,7.363193814));
#3362=CARTESIAN_POINT('Ctrl Pts',(-34.828908283,98.981799815,7.344009213));
#3363=CARTESIAN_POINT('Ctrl Pts',(-34.879261092,98.936728901,7.322744047));
#3364=CARTESIAN_POINT('Ctrl Pts',(-34.971758575,98.853526429,7.259212778));
#3365=CARTESIAN_POINT('Ctrl Pts',(-35.01388397,98.815412209,7.216959914));
#3366=CARTESIAN_POINT('Ctrl Pts',(-35.085242896,98.750360221,7.116138721));
#3367=CARTESIAN_POINT('Ctrl Pts',(-35.114461555,98.723436008,7.057591402));
#3368=CARTESIAN_POINT('Ctrl Pts',(-35.135608449,98.703597904,6.994135206));
#3369=CARTESIAN_POINT('Ctrl Pts',(-34.645450974,99.195425786,7.34677408));
#3370=CARTESIAN_POINT('Ctrl Pts',(-34.699680206,99.153395951,7.360348143));
#3371=CARTESIAN_POINT('Ctrl Pts',(-34.755532352,99.10974488,7.362346769));
#3372=CARTESIAN_POINT('Ctrl Pts',(-34.864317963,99.024020122,7.342972456));
#3373=CARTESIAN_POINT('Ctrl Pts',(-34.917228712,98.981964348,7.321603564));
#3374=CARTESIAN_POINT('Ctrl Pts',(-35.014246181,98.904109628,7.257861109));
#3375=CARTESIAN_POINT('Ctrl Pts',(-35.058332643,98.868326951,7.215500858));
#3376=CARTESIAN_POINT('Ctrl Pts',(-35.132795001,98.807001844,7.114478307));
#3377=CARTESIAN_POINT('Ctrl Pts',(-35.163155348,98.781472227,7.055837107));
#3378=CARTESIAN_POINT('Ctrl Pts',(-35.184969318,98.762484903,6.992302598));
#3379=CARTESIAN_POINT('Ctrl Pts',(-34.688497343,99.258142466,7.344086827));
#3380=CARTESIAN_POINT('Ctrl Pts',(-34.747935199,99.223307134,7.357390966));
#3381=CARTESIAN_POINT('Ctrl Pts',(-34.809017144,99.186855421,7.359042762));
#3382=CARTESIAN_POINT('Ctrl Pts',(-34.927684133,99.114770181,7.338858097));
#3383=CARTESIAN_POINT('Ctrl Pts',(-34.985244073,99.079151915,7.317025907));
#3384=CARTESIAN_POINT('Ctrl Pts',(-35.090422944,99.012722307,7.252307216));
#3385=CARTESIAN_POINT('Ctrl Pts',(-35.138019625,98.981925029,7.209434408));
#3386=CARTESIAN_POINT('Ctrl Pts',(-35.21794026,98.928587887,7.107424809));
#3387=CARTESIAN_POINT('Ctrl Pts',(-35.250247306,98.906059314,7.048309603));
#3388=CARTESIAN_POINT('Ctrl Pts',(-35.273106649,98.888922431,6.984367702));
#3389=CARTESIAN_POINT('Ctrl Pts',(-34.707273632,99.291945042,7.342063094));
#3390=CARTESIAN_POINT('Ctrl Pts',(-34.76906427,99.260959149,7.355167285));
#3391=CARTESIAN_POINT('Ctrl Pts',(-34.832512518,99.22835639,7.356554814));
#3392=CARTESIAN_POINT('Ctrl Pts',(-34.955639355,99.163561702,7.3357413));
#3393=CARTESIAN_POINT('Ctrl Pts',(-35.01529162,99.131383656,7.313544707));
#3394=CARTESIAN_POINT('Ctrl Pts',(-35.124112736,99.071062939,7.248050586));
#3395=CARTESIAN_POINT('Ctrl Pts',(-35.173258322,99.04293319,7.204767065));
#3396=CARTESIAN_POINT('Ctrl Pts',(-35.255531522,98.993878895,7.101960979));
#3397=CARTESIAN_POINT('Ctrl Pts',(-35.288641546,98.972964854,7.042460401));
#3398=CARTESIAN_POINT('Ctrl Pts',(-35.311876207,98.956832512,6.978184878));
#3399=CARTESIAN_POINT('Ctrl Pts',(-34.73771407,99.361305942,7.336859579));
#3400=CARTESIAN_POINT('Ctrl Pts',(-34.803522121,99.338220074,7.349449762));
#3401=CARTESIAN_POINT('Ctrl Pts',(-34.871019636,99.313510963,7.350148639));
#3402=CARTESIAN_POINT('Ctrl Pts',(-35.001747864,99.263648935,7.327684324));
#3403=CARTESIAN_POINT('Ctrl Pts',(-35.064949806,99.23850702,7.304526074));
#3404=CARTESIAN_POINT('Ctrl Pts',(-35.1798701,99.190652754,7.236980797));
#3405=CARTESIAN_POINT('Ctrl Pts',(-35.231563158,99.167950959,7.192608638));
#3406=CARTESIAN_POINT('Ctrl Pts',(-35.317559382,99.127572303,7.087692133));
#3407=CARTESIAN_POINT('Ctrl Pts',(-35.351843621,99.109904347,7.027170884));
#3408=CARTESIAN_POINT('Ctrl Pts',(-35.375472048,99.095759291,6.962014912));
#3409=CARTESIAN_POINT('Ctrl Pts',(-34.749636578,99.397181695,7.333671441));
#3410=CARTESIAN_POINT('Ctrl Pts',(-34.817139663,99.37818269,7.345946798));
#3411=CARTESIAN_POINT('Ctrl Pts',(-34.886350635,99.357554607,7.346220343));
#3412=CARTESIAN_POINT('Ctrl Pts',(-35.020278169,99.315403659,7.322731905));
#3413=CARTESIAN_POINT('Ctrl Pts',(-35.084964718,99.293890285,7.298975182));
#3414=CARTESIAN_POINT('Ctrl Pts',(-35.202390152,99.252451711,7.230151607));
#3415=CARTESIAN_POINT('Ctrl Pts',(-35.25510272,99.232535834,7.185100178));
#3416=CARTESIAN_POINT('Ctrl Pts',(-35.342502614,99.196591138,7.078867122));
#3417=CARTESIAN_POINT('Ctrl Pts',(-35.37717035,99.180570399,7.017709304));
#3418=CARTESIAN_POINT('Ctrl Pts',(-35.400824446,99.167417997,6.952005385));
#3419=CARTESIAN_POINT('Ctrl Pts',(-34.766820557,99.471354878,7.3261111));
#3420=CARTESIAN_POINT('Ctrl Pts',(-34.837083207,99.460862754,7.337632771));
#3421=CARTESIAN_POINT('Ctrl Pts',(-34.9090957,99.448724535,7.336883297));
#3422=CARTESIAN_POINT('Ctrl Pts',(-35.048211514,99.422578826,7.310928958));
#3423=CARTESIAN_POINT('Ctrl Pts',(-35.115282271,99.408577499,7.285730165));
#3424=CARTESIAN_POINT('Ctrl Pts',(-35.236617531,99.38035782,7.213831494));
#3425=CARTESIAN_POINT('Ctrl Pts',(-35.29085363,99.366146108,7.167148445));
#3426=CARTESIAN_POINT('Ctrl Pts',(-35.380129284,99.33918231,7.057766188));
#3427=CARTESIAN_POINT('Ctrl Pts',(-35.415147938,99.326436559,6.995092586));
#3428=CARTESIAN_POINT('Ctrl Pts',(-35.438502551,99.315172283,6.928095978));
#3429=CARTESIAN_POINT('Ctrl Pts',(-34.771955499,99.509308562,7.321767844));
#3430=CARTESIAN_POINT('Ctrl Pts',(-34.843265391,99.50319784,7.332853549));
#3431=CARTESIAN_POINT('Ctrl Pts',(-34.916348516,99.495429922,7.331510261));
#3432=CARTESIAN_POINT('Ctrl Pts',(-35.057420726,99.477505503,7.304123435));
#3433=CARTESIAN_POINT('Ctrl Pts',(-35.125375952,99.467353362,7.27808646));
#3434=CARTESIAN_POINT('Ctrl Pts',(-35.248090226,99.445876033,7.204402567));
#3435=CARTESIAN_POINT('Ctrl Pts',(-35.302819819,99.434556048,7.156773324));
#3436=CARTESIAN_POINT('Ctrl Pts',(-35.3925528,99.412096676,7.045570404));
#3437=CARTESIAN_POINT('Ctrl Pts',(-35.427534645,99.400962712,6.982023411));
#3438=CARTESIAN_POINT('Ctrl Pts',(-35.450563443,99.390583984,6.914287132));
#3439=CARTESIAN_POINT('Ctrl Pts',(-34.773541775,99.547408499,7.316945567));
#3440=CARTESIAN_POINT('Ctrl Pts',(-34.845539856,99.545751813,7.327539973));
#3441=CARTESIAN_POINT('Ctrl Pts',(-34.919336562,99.542424464,7.325526421));
#3442=CARTESIAN_POINT('Ctrl Pts',(-35.061679951,99.532827343,7.296524799));
#3443=CARTESIAN_POINT('Ctrl Pts',(-35.130191481,99.526559942,7.269543891));
#3444=CARTESIAN_POINT('Ctrl Pts',(-35.253680565,99.511838839,7.193856545));
#3445=CARTESIAN_POINT('Ctrl Pts',(-35.308627622,99.503388773,7.145168797));
#3446=CARTESIAN_POINT('Ctrl Pts',(-35.398339324,99.485322664,7.031942187));
#3447=CARTESIAN_POINT('Ctrl Pts',(-35.433081814,99.475711084,6.967431286));
#3448=CARTESIAN_POINT('Ctrl Pts',(-35.455628355,99.466097129,6.898889801));
#3449=CARTESIAN_POINT('Origin',(-34.861924736,99.466097129,6.703592558));
#3450=CARTESIAN_POINT('Ctrl Pts',(-34.265605964,112.223370655,6.892659592));
#3451=CARTESIAN_POINT('Ctrl Pts',(-34.25607586,112.20142122,6.962166135));
#3452=CARTESIAN_POINT('Ctrl Pts',(-34.246548204,112.166983667,7.027709431));
#3453=CARTESIAN_POINT('Ctrl Pts',(-34.22866226,112.077341292,7.142858804));
#3454=CARTESIAN_POINT('Ctrl Pts',(-34.220308565,112.022159493,7.192435309));
#3455=CARTESIAN_POINT('Ctrl Pts',(-34.205800723,111.897819009,7.269532695));
#3456=CARTESIAN_POINT('Ctrl Pts',(-34.199650302,111.828692257,7.297033777));
#3457=CARTESIAN_POINT('Ctrl Pts',(-34.190308164,111.684974431,7.326579528));
#3458=CARTESIAN_POINT('Ctrl Pts',(-34.187118847,111.610420266,7.328616608));
#3459=CARTESIAN_POINT('Ctrl Pts',(-34.185606182,111.537726867,7.317793407));
#3460=CARTESIAN_POINT('Ctrl Pts',(-34.340884336,112.218389002,6.908434827));
#3461=CARTESIAN_POINT('Ctrl Pts',(-34.330652394,112.195890159,6.977086067));
#3462=CARTESIAN_POINT('Ctrl Pts',(-34.319655136,112.161165792,7.041605162));
#3463=CARTESIAN_POINT('Ctrl Pts',(-34.297456859,112.071447793,7.154611974));
#3464=CARTESIAN_POINT('Ctrl Pts',(-34.286261403,112.016476511,7.203071558));
#3465=CARTESIAN_POINT('Ctrl Pts',(-34.265031067,111.892928256,7.278069938));
#3466=CARTESIAN_POINT('Ctrl Pts',(-34.255001529,111.824382054,7.304590067));
#3467=CARTESIAN_POINT('Ctrl Pts',(-34.23732841,111.681998301,7.332480612));
#3468=CARTESIAN_POINT('Ctrl Pts',(-34.229689295,111.608196209,7.333844091));
#3469=CARTESIAN_POINT('Ctrl Pts',(-34.22371157,111.536226586,7.322544297));
#3470=CARTESIAN_POINT('Ctrl Pts',(-34.41502733,112.206602094,6.922466767));
#3471=CARTESIAN_POINT('Ctrl Pts',(-34.403972614,112.183710262,6.990329204));
#3472=CARTESIAN_POINT('Ctrl Pts',(-34.391429426,112.148899337,7.053919021));
#3473=CARTESIAN_POINT('Ctrl Pts',(-34.364858597,112.05957499,7.164999523));
#3474=CARTESIAN_POINT('Ctrl Pts',(-34.350837422,112.00508322,7.212463289));
#3475=CARTESIAN_POINT('Ctrl Pts',(-34.32299336,111.882913561,7.285599957));
#3476=CARTESIAN_POINT('Ctrl Pts',(-34.309177259,111.81526528,7.311255136));
#3477=CARTESIAN_POINT('Ctrl Pts',(-34.283403643,111.674877358,7.337692185));
#3478=CARTESIAN_POINT('Ctrl Pts',(-34.271452421,111.602171736,7.338467651));
#3479=CARTESIAN_POINT('Ctrl Pts',(-34.261149714,111.531272499,7.326754354));
#3480=CARTESIAN_POINT('Ctrl Pts',(-34.561098839,112.169754779,6.947131737));
#3481=CARTESIAN_POINT('Ctrl Pts',(-34.548250761,112.146413347,7.013574165));
#3482=CARTESIAN_POINT('Ctrl Pts',(-34.532531703,112.111840531,7.075507441));
#3483=CARTESIAN_POINT('Ctrl Pts',(-34.497177032,112.024241855,7.183173591));
#3484=CARTESIAN_POINT('Ctrl Pts',(-34.477549605,111.971236214,7.228881618));
#3485=CARTESIAN_POINT('Ctrl Pts',(-34.436674998,111.852959081,7.29874742));
#3486=CARTESIAN_POINT('Ctrl Pts',(-34.415437291,111.787714884,7.322889074));
#3487=CARTESIAN_POINT('Ctrl Pts',(-34.373829547,111.652580811,7.346790914));
#3488=CARTESIAN_POINT('Ctrl Pts',(-34.353469162,111.582722118,7.346545588));
#3489=CARTESIAN_POINT('Ctrl Pts',(-34.334735971,111.514622006,7.334118604));
#3490=CARTESIAN_POINT('Ctrl Pts',(-34.63364738,112.144400143,6.957839193));
#3491=CARTESIAN_POINT('Ctrl Pts',(-34.619819208,112.121003346,7.023645629));
#3492=CARTESIAN_POINT('Ctrl Pts',(-34.602455284,112.08676025,7.08484628));
#3493=CARTESIAN_POINT('Ctrl Pts',(-34.562650143,112.000510431,7.191013629));
#3494=CARTESIAN_POINT('Ctrl Pts',(-34.540217936,111.948523189,7.235956344));
#3495=CARTESIAN_POINT('Ctrl Pts',(-34.492871171,111.832788472,7.304403151));
#3496=CARTESIAN_POINT('Ctrl Pts',(-34.467967336,111.769067135,7.327891782));
#3497=CARTESIAN_POINT('Ctrl Pts',(-34.418560127,111.637226923,7.350704632));
#3498=CARTESIAN_POINT('Ctrl Pts',(-34.394067946,111.569137821,7.350023699));
#3499=CARTESIAN_POINT('Ctrl Pts',(-34.371194472,111.502785407,7.337294654));
#3500=CARTESIAN_POINT('Ctrl Pts',(-34.773375566,112.080795425,6.97522672));
#3501=CARTESIAN_POINT('Ctrl Pts',(-34.757566624,112.057646361,7.039976441));
#3502=CARTESIAN_POINT('Ctrl Pts',(-34.736960578,112.024481962,7.099968595));
#3503=CARTESIAN_POINT('Ctrl Pts',(-34.688478892,111.941860656,7.203675311));
#3504=CARTESIAN_POINT('Ctrl Pts',(-34.660613836,111.892421748,7.247367276));
#3505=CARTESIAN_POINT('Ctrl Pts',(-34.600779339,111.782859511,7.313503543));
#3506=CARTESIAN_POINT('Ctrl Pts',(-34.568822965,111.722760048,7.335933435));
#3507=CARTESIAN_POINT('Ctrl Pts',(-34.50443805,111.598697768,7.356988696));
#3508=CARTESIAN_POINT('Ctrl Pts',(-34.472023573,111.534761974,7.355609478));
#3509=CARTESIAN_POINT('Ctrl Pts',(-34.441216161,111.472524301,7.342401329));
#3510=CARTESIAN_POINT('Ctrl Pts',(-34.839827368,112.043023972,6.981848548));
#3511=CARTESIAN_POINT('Ctrl Pts',(-34.823029986,112.020173046,7.046181586));
#3512=CARTESIAN_POINT('Ctrl Pts',(-34.800845064,111.987747448,7.105702279));
#3513=CARTESIAN_POINT('Ctrl Pts',(-34.748184572,111.907376402,7.20845588));
#3514=CARTESIAN_POINT('Ctrl Pts',(-34.717720326,111.859448219,7.251666709));
#3515=CARTESIAN_POINT('Ctrl Pts',(-34.651935675,111.753471062,7.316919204));
#3516=CARTESIAN_POINT('Ctrl Pts',(-34.616629418,111.695444853,7.338946851));
#3517=CARTESIAN_POINT('Ctrl Pts',(-34.545143345,111.575811832,7.359339124));
#3518=CARTESIAN_POINT('Ctrl Pts',(-34.508978904,111.514230719,7.35769937));
#3519=CARTESIAN_POINT('Ctrl Pts',(-34.474418352,111.454331229,7.344315559));
#3520=CARTESIAN_POINT('Ctrl Pts',(-34.965993309,111.95569482,6.991002266));
#3521=CARTESIAN_POINT('Ctrl Pts',(-34.947313353,111.933756243,7.054737432));
#3522=CARTESIAN_POINT('Ctrl Pts',(-34.922118366,111.903181347,7.113586081));
#3523=CARTESIAN_POINT('Ctrl Pts',(-34.861491308,111.828146729,7.214988879));
#3524=CARTESIAN_POINT('Ctrl Pts',(-34.82607201,111.783702799,7.257521682));
#3525=CARTESIAN_POINT('Ctrl Pts',(-34.748948469,111.685886025,7.321536764));
#3526=CARTESIAN_POINT('Ctrl Pts',(-34.707260474,111.632533765,7.343005569));
#3527=CARTESIAN_POINT('Ctrl Pts',(-34.622253735,111.522852725,7.362486671));
#3528=CARTESIAN_POINT('Ctrl Pts',(-34.578952902,111.466547025,7.360494869));
#3529=CARTESIAN_POINT('Ctrl Pts',(-34.537254929,111.411895321,7.34688113));
#3530=CARTESIAN_POINT('Ctrl Pts',(-35.026273234,111.905488824,6.993518751));
#3531=CARTESIAN_POINT('Ctrl Pts',(-35.006690878,111.884174029,7.05707324));
#3532=CARTESIAN_POINT('Ctrl Pts',(-34.980051188,111.854726538,7.115721974));
#3533=CARTESIAN_POINT('Ctrl Pts',(-34.915600353,111.782819301,7.216728597));
#3534=CARTESIAN_POINT('Ctrl Pts',(-34.877802693,111.740374598,7.259065354));
#3535=CARTESIAN_POINT('Ctrl Pts',(-34.79523889,111.647191956,7.322728527));
#3536=CARTESIAN_POINT('Ctrl Pts',(-34.750490022,111.59647351,7.344041623));
#3537=CARTESIAN_POINT('Ctrl Pts',(-34.659002375,111.492385293,7.363276228));
#3538=CARTESIAN_POINT('Ctrl Pts',(-34.612282738,111.439037295,7.361193714));
#3539=CARTESIAN_POINT('Ctrl Pts',(-34.567168177,111.387332105,7.347526418));
#3540=CARTESIAN_POINT('Ctrl Pts',(-35.135608448,111.796402096,6.994135206));
#3541=CARTESIAN_POINT('Ctrl Pts',(-35.114461554,111.776563991,7.057591401));
#3542=CARTESIAN_POINT('Ctrl Pts',(-35.085242895,111.749639779,7.116138721));
#3543=CARTESIAN_POINT('Ctrl Pts',(-35.013883969,111.684587791,7.216959914));
#3544=CARTESIAN_POINT('Ctrl Pts',(-34.971758574,111.646473571,7.259212778));
#3545=CARTESIAN_POINT('Ctrl Pts',(-34.879261092,111.563271099,7.322744047));
#3546=CARTESIAN_POINT('Ctrl Pts',(-34.828908282,111.518200185,7.344009212));
#3547=CARTESIAN_POINT('Ctrl Pts',(-34.725546958,111.426088426,7.363193814));
#3548=CARTESIAN_POINT('Ctrl Pts',(-34.672559986,111.379066774,7.361109251));
#3549=CARTESIAN_POINT('Ctrl Pts',(-34.621188164,111.333671596,7.347462752));
#3550=CARTESIAN_POINT('Ctrl Pts',(-35.184969318,111.737515097,6.992302598));
#3551=CARTESIAN_POINT('Ctrl Pts',(-35.163155348,111.718527773,7.055837107));
#3552=CARTESIAN_POINT('Ctrl Pts',(-35.132795001,111.692998156,7.114478308));
#3553=CARTESIAN_POINT('Ctrl Pts',(-35.058332643,111.631673049,7.215500858));
#3554=CARTESIAN_POINT('Ctrl Pts',(-35.014246181,111.595890372,7.257861109));
#3555=CARTESIAN_POINT('Ctrl Pts',(-34.917228712,111.518035652,7.321603564));
#3556=CARTESIAN_POINT('Ctrl Pts',(-34.864317963,111.475979878,7.342972456));
#3557=CARTESIAN_POINT('Ctrl Pts',(-34.755532352,111.39025512,7.362346769));
#3558=CARTESIAN_POINT('Ctrl Pts',(-34.699680206,111.346604049,7.360348144));
#3559=CARTESIAN_POINT('Ctrl Pts',(-34.645450974,111.304574214,7.34677408));
#3560=CARTESIAN_POINT('Ctrl Pts',(-35.273106649,111.611077569,6.984367702));
#3561=CARTESIAN_POINT('Ctrl Pts',(-35.250247306,111.593940686,7.048309603));
#3562=CARTESIAN_POINT('Ctrl Pts',(-35.217940259,111.571412113,7.107424809));
#3563=CARTESIAN_POINT('Ctrl Pts',(-35.138019625,111.518074971,7.209434408));
#3564=CARTESIAN_POINT('Ctrl Pts',(-35.090422944,111.487277693,7.252307216));
#3565=CARTESIAN_POINT('Ctrl Pts',(-34.985244073,111.420848085,7.317025907));
#3566=CARTESIAN_POINT('Ctrl Pts',(-34.927684133,111.385229819,7.338858097));
#3567=CARTESIAN_POINT('Ctrl Pts',(-34.809017144,111.313144579,7.359042762));
#3568=CARTESIAN_POINT('Ctrl Pts',(-34.747935199,111.276692866,7.357390966));
#3569=CARTESIAN_POINT('Ctrl Pts',(-34.688497343,111.241857534,7.344086827));
#3570=CARTESIAN_POINT('Ctrl Pts',(-35.31187621,111.543167489,6.97818488));
#3571=CARTESIAN_POINT('Ctrl Pts',(-35.288641549,111.527035148,7.042460402));
#3572=CARTESIAN_POINT('Ctrl Pts',(-35.255531525,111.506121106,7.101960981));
#3573=CARTESIAN_POINT('Ctrl Pts',(-35.173258325,111.457066811,7.204767067));
#3574=CARTESIAN_POINT('Ctrl Pts',(-35.124112739,111.428937062,7.248050588));
#3575=CARTESIAN_POINT('Ctrl Pts',(-35.015291622,111.368616345,7.313544709));
#3576=CARTESIAN_POINT('Ctrl Pts',(-34.955639357,111.336438298,7.335741303));
#3577=CARTESIAN_POINT('Ctrl Pts',(-34.83251252,111.27164361,7.356554816));
#3578=CARTESIAN_POINT('Ctrl Pts',(-34.769064271,111.239040851,7.355167287));
#3579=CARTESIAN_POINT('Ctrl Pts',(-34.707273633,111.208054958,7.342063096));
#3580=CARTESIAN_POINT('Ctrl Pts',(-35.375472045,111.404240708,6.96201491));
#3581=CARTESIAN_POINT('Ctrl Pts',(-35.351843618,111.390095651,7.027170883));
#3582=CARTESIAN_POINT('Ctrl Pts',(-35.317559379,111.372427695,7.087692131));
#3583=CARTESIAN_POINT('Ctrl Pts',(-35.231563155,111.33204904,7.192608636));
#3584=CARTESIAN_POINT('Ctrl Pts',(-35.179870097,111.309347245,7.236980795));
#3585=CARTESIAN_POINT('Ctrl Pts',(-35.064949804,111.261492979,7.304526072));
#3586=CARTESIAN_POINT('Ctrl Pts',(-35.001747862,111.236351064,7.327684321));
#3587=CARTESIAN_POINT('Ctrl Pts',(-34.871019634,111.186489036,7.350148637));
#3588=CARTESIAN_POINT('Ctrl Pts',(-34.80352212,111.161779926,7.349449759));
#3589=CARTESIAN_POINT('Ctrl Pts',(-34.73771407,111.138694057,7.336859576));
#3590=CARTESIAN_POINT('Ctrl Pts',(-35.400824447,111.332582003,6.952005385));
#3591=CARTESIAN_POINT('Ctrl Pts',(-35.377170351,111.319429601,7.017709304));
#3592=CARTESIAN_POINT('Ctrl Pts',(-35.342502614,111.303408862,7.078867122));
#3593=CARTESIAN_POINT('Ctrl Pts',(-35.25510272,111.267464166,7.185100178));
#3594=CARTESIAN_POINT('Ctrl Pts',(-35.202390152,111.247548289,7.230151608));
#3595=CARTESIAN_POINT('Ctrl Pts',(-35.084964718,111.206109715,7.298975182));
#3596=CARTESIAN_POINT('Ctrl Pts',(-35.020278169,111.184596341,7.322731905));
#3597=CARTESIAN_POINT('Ctrl Pts',(-34.886350635,111.142445393,7.346220343));
#3598=CARTESIAN_POINT('Ctrl Pts',(-34.817139663,111.12181731,7.345946798));
#3599=CARTESIAN_POINT('Ctrl Pts',(-34.749636578,111.102818305,7.333671441));
#3600=CARTESIAN_POINT('Ctrl Pts',(-35.438502551,111.184827717,6.928095978));
#3601=CARTESIAN_POINT('Ctrl Pts',(-35.415147937,111.173563441,6.995092586));
#3602=CARTESIAN_POINT('Ctrl Pts',(-35.380129283,111.16081769,7.057766188));
#3603=CARTESIAN_POINT('Ctrl Pts',(-35.290853629,111.133853892,7.167148444));
#3604=CARTESIAN_POINT('Ctrl Pts',(-35.23661753,111.11964218,7.213831494));
#3605=CARTESIAN_POINT('Ctrl Pts',(-35.115282271,111.091422501,7.285730165));
#3606=CARTESIAN_POINT('Ctrl Pts',(-35.048211514,111.077421174,7.310928958));
#3607=CARTESIAN_POINT('Ctrl Pts',(-34.9090957,111.051275465,7.336883297));
#3608=CARTESIAN_POINT('Ctrl Pts',(-34.837083207,111.039137246,7.337632771));
#3609=CARTESIAN_POINT('Ctrl Pts',(-34.766820557,111.028645122,7.3261111));
#3610=CARTESIAN_POINT('Ctrl Pts',(-35.450563443,111.109416016,6.914287132));
#3611=CARTESIAN_POINT('Ctrl Pts',(-35.427534645,111.099037288,6.982023411));
#3612=CARTESIAN_POINT('Ctrl Pts',(-35.3925528,111.087903324,7.045570404));
#3613=CARTESIAN_POINT('Ctrl Pts',(-35.302819819,111.065443952,7.156773324));
#3614=CARTESIAN_POINT('Ctrl Pts',(-35.248090226,111.054123967,7.204402567));
#3615=CARTESIAN_POINT('Ctrl Pts',(-35.125375952,111.032646638,7.27808646));
#3616=CARTESIAN_POINT('Ctrl Pts',(-35.057420726,111.022494497,7.304123435));
#3617=CARTESIAN_POINT('Ctrl Pts',(-34.916348516,111.004570078,7.331510261));
#3618=CARTESIAN_POINT('Ctrl Pts',(-34.843265391,110.99680216,7.332853549));
#3619=CARTESIAN_POINT('Ctrl Pts',(-34.771955499,110.990691438,7.321767844));
#3620=CARTESIAN_POINT('Ctrl Pts',(-35.455628355,111.033902871,6.898889801));
#3621=CARTESIAN_POINT('Ctrl Pts',(-35.433081814,111.024288916,6.967431286));
#3622=CARTESIAN_POINT('Ctrl Pts',(-35.398339324,111.014677336,7.031942187));
#3623=CARTESIAN_POINT('Ctrl Pts',(-35.308627622,110.996611227,7.145168797));
#3624=CARTESIAN_POINT('Ctrl Pts',(-35.253680565,110.988161161,7.193856545));
#3625=CARTESIAN_POINT('Ctrl Pts',(-35.130191481,110.973440058,7.269543891));
#3626=CARTESIAN_POINT('Ctrl Pts',(-35.061679951,110.967172657,7.296524799));
#3627=CARTESIAN_POINT('Ctrl Pts',(-34.919336562,110.957575536,7.325526421));
#3628=CARTESIAN_POINT('Ctrl Pts',(-34.845539856,110.954248187,7.327539973));
#3629=CARTESIAN_POINT('Ctrl Pts',(-34.773541775,110.952591501,7.316945567));
#3630=CARTESIAN_POINT('Origin',(-34.861924736,111.033902871,6.703592558));
#3631=CARTESIAN_POINT('Origin',(-21.297579581,105.25,47.93920183));
#3632=CARTESIAN_POINT('Ctrl Pts',(-28.5743195599109,108.11280838628,6.27647789511708));
#3633=CARTESIAN_POINT('Ctrl Pts',(-28.7273462285689,108.416748072059,6.29939302563683));
#3634=CARTESIAN_POINT('Ctrl Pts',(-29.0083031033875,108.782757834063,6.33321475783828));
#3635=CARTESIAN_POINT('Ctrl Pts',(-29.7216029208923,109.346022436639,6.40338177712987));
#3636=CARTESIAN_POINT('Ctrl Pts',(-30.7078851502019,109.712986470208,6.48274349539181));
#3637=CARTESIAN_POINT('Ctrl Pts',(-32.0989001543474,109.513299807868,6.56383687879895));
#3638=CARTESIAN_POINT('Ctrl Pts',(-33.2247194897717,108.670150311557,6.59997427385977));
#3639=CARTESIAN_POINT('Ctrl Pts',(-33.8093374219395,107.390276223235,6.58217625649879));
#3640=CARTESIAN_POINT('Ctrl Pts',(-33.707388224394,105.988236281455,6.51477019393361));
#3641=CARTESIAN_POINT('Ctrl Pts',(-33.2019307131237,105.201046328888,6.44812606834869));
#3642=CARTESIAN_POINT('Ctrl Pts',(-32.8702645541938,104.891762632085,6.41341445242454));
#3643=CARTESIAN_POINT('Ctrl Pts',(-28.577377419747,108.118881869849,6.15930443825039));
#3644=CARTESIAN_POINT('Ctrl Pts',(-28.7313529195539,108.422774373565,6.18171556396449));
#3645=CARTESIAN_POINT('Ctrl Pts',(-29.0137425861715,108.78822945832,6.21478847173797));
#3646=CARTESIAN_POINT('Ctrl Pts',(-29.7288392969856,109.349326502384,6.28334712782972));
#3647=CARTESIAN_POINT('Ctrl Pts',(-30.7155438184525,109.712747089598,6.36082716175356));
#3648=CARTESIAN_POINT('Ctrl Pts',(-32.1027264550698,109.509868773193,6.43988378187939));
#3649=CARTESIAN_POINT('Ctrl Pts',(-33.2237585226153,108.6684076068,6.47508691165512));
#3650=CARTESIAN_POINT('Ctrl Pts',(-33.8069879468696,107.393513800339,6.45775496044471));
#3651=CARTESIAN_POINT('Ctrl Pts',(-33.7085925893936,105.995225714617,6.39207679020471));
#3652=CARTESIAN_POINT('Ctrl Pts',(-33.2065613475086,105.207213728114,6.32704921679017));
#3653=CARTESIAN_POINT('Ctrl Pts',(-32.8760659773315,104.897172546682,6.29315709351227));
#3654=CARTESIAN_POINT('Ctrl Pts',(-28.4941683145613,108.175924506274,5.92614777732141));
#3655=CARTESIAN_POINT('Ctrl Pts',(-28.6549211232179,108.491693409817,5.9476033718334));
#3656=CARTESIAN_POINT('Ctrl Pts',(-28.9491482534746,108.871025598625,5.97922559495887));
#3657=CARTESIAN_POINT('Ctrl Pts',(-29.6934398697873,109.452505260205,6.04471974985053));
#3658=CARTESIAN_POINT('Ctrl Pts',(-30.7186804482984,109.827415233784,6.11859748861028));
#3659=CARTESIAN_POINT('Ctrl Pts',(-32.1566631198608,109.614460877522,6.19378364902826));
#3660=CARTESIAN_POINT('Ctrl Pts',(-33.3171564470337,108.741659585093,6.2271872102896));
#3661=CARTESIAN_POINT('Ctrl Pts',(-33.9218144442474,107.421362880809,6.21073842530564));
#3662=CARTESIAN_POINT('Ctrl Pts',(-33.8217963014403,105.971848678132,6.14830573389147));
#3663=CARTESIAN_POINT('Ctrl Pts',(-33.3022768536574,105.153403152165,6.08635319289245));
#3664=CARTESIAN_POINT('Ctrl Pts',(-32.9597089897195,104.830606478072,6.05401002551343));
#3665=CARTESIAN_POINT('Ctrl Pts',(-28.2846022974116,108.287323964391,5.83552829112234));
#3666=CARTESIAN_POINT('Ctrl Pts',(-28.4578488772364,108.630241935715,5.85778465327346));
#3667=CARTESIAN_POINT('Ctrl Pts',(-28.7756675273546,109.042893905989,5.89064433283241));
#3668=CARTESIAN_POINT('Ctrl Pts',(-29.5815727686012,109.677183097786,5.95872387572729));
#3669=CARTESIAN_POINT('Ctrl Pts',(-30.6946241636472,110.089151984066,6.03565884965052));
#3670=CARTESIAN_POINT('Ctrl Pts',(-32.2617482474798,109.862049991413,6.11412291408361));
#3671=CARTESIAN_POINT('Ctrl Pts',(-33.5289891747361,108.911844012862,6.14906986292976));
#3672=CARTESIAN_POINT('Ctrl Pts',(-34.1876781941307,107.470913903947,6.13187301721861));
#3673=CARTESIAN_POINT('Ctrl Pts',(-34.0746182067116,105.891354179275,6.06671400191758));
#3674=CARTESIAN_POINT('Ctrl Pts',(-33.5062111084051,105.002852131044,6.00216196559812));
#3675=CARTESIAN_POINT('Ctrl Pts',(-33.1326575845668,104.653410529907,5.96851795197282));
#3676=CARTESIAN_POINT('Ctrl Pts',(-28.1797296268205,108.339827520573,5.84010609135033));
#3677=CARTESIAN_POINT('Ctrl Pts',(-28.3590597621381,108.696010828078,5.86324819158773));
#3678=CARTESIAN_POINT('Ctrl Pts',(-28.6883097864736,109.124933320631,5.89740492118321));
#3679=CARTESIAN_POINT('Ctrl Pts',(-29.5242173698834,109.785016417815,5.96826693056194));
#3680=CARTESIAN_POINT('Ctrl Pts',(-30.6800297991452,110.215057209879,6.04841471053844));
#3681=CARTESIAN_POINT('Ctrl Pts',(-32.3101437597368,109.981046782203,6.130311307452));
#3682=CARTESIAN_POINT('Ctrl Pts',(-33.6294780662035,108.992969902582,6.16680663607755));
#3683=CARTESIAN_POINT('Ctrl Pts',(-34.3145848766971,107.493100661089,6.14883233296635));
#3684=CARTESIAN_POINT('Ctrl Pts',(-34.1951118230674,105.85006670704,6.08075862703014));
#3685=CARTESIAN_POINT('Ctrl Pts',(-33.6027721695395,104.927568152033,6.01345440490534));
#3686=CARTESIAN_POINT('Ctrl Pts',(-33.2140965374895,104.565122261485,5.97839897746948));
#3687=CARTESIAN_POINT('',(-28.5750000000001,108.943696539029,5.88440615268129));
#3688=CARTESIAN_POINT('',(-33.2140965374896,104.565122261485,5.97839897746949));
#3689=CARTESIAN_POINT('Ctrl Pts',(-28.5752650328734,108.943428319054,5.88441128648897));
#3690=CARTESIAN_POINT('Ctrl Pts',(-28.6759252913745,109.064699905266,5.89448973317288));
#3691=CARTESIAN_POINT('Ctrl Pts',(-28.7854786473214,109.178583681747,5.9047888835401));
#3692=CARTESIAN_POINT('Ctrl Pts',(-28.9028306677867,109.28377403593,5.91520006572126));
#3693=CARTESIAN_POINT('Ctrl Pts',(-29.0017751302523,109.372464482075,5.92397817470023));
#3694=CARTESIAN_POINT('Ctrl Pts',(-29.1062635781785,109.454974869223,5.93283592587257));
#3695=CARTESIAN_POINT('Ctrl Pts',(-29.2155390571698,109.530539640987,5.9417031885877));
#3696=CARTESIAN_POINT('Ctrl Pts',(-29.6526409731348,109.832798728044,5.97717223944822));
#3697=CARTESIAN_POINT('Ctrl Pts',(-30.16633538614,110.023927968962,6.01279347499333));
#3698=CARTESIAN_POINT('Ctrl Pts',(-30.6948682527412,110.080490851474,6.04425352558481));
#3699=CARTESIAN_POINT('Ctrl Pts',(-31.2234011193424,110.137053733987,6.0757135761763));
#3700=CARTESIAN_POINT('Ctrl Pts',(-31.7667724395396,110.059050258095,6.10301244181415));
#3701=CARTESIAN_POINT('Ctrl Pts',(-32.258347150716,109.855369040212,6.122744429404));
#3702=CARTESIAN_POINT('Ctrl Pts',(-32.7499218618924,109.65168782233,6.14247641699385));
#3703=CARTESIAN_POINT('Ctrl Pts',(-33.189699964048,109.322328862456,6.1546415265357));
#3704=CARTESIAN_POINT('Ctrl Pts',(-33.5237734835413,108.907671175603,6.15772836412143));
#3705=CARTESIAN_POINT('Ctrl Pts',(-33.8578470030347,108.493013488751,6.16081520170715));
#3706=CARTESIAN_POINT('Ctrl Pts',(-34.0862159398659,107.99305707492,6.15482376733675));
#3707=CARTESIAN_POINT('Ctrl Pts',(-34.1804882326766,107.469239875663,6.14048243249552));
#3708=CARTESIAN_POINT('Ctrl Pts',(-34.2747605254872,106.945422676406,6.12614109765428));
#3709=CARTESIAN_POINT('Ctrl Pts',(-34.2349361742773,106.397744691723,6.10344986234221));
#3710=CARTESIAN_POINT('Ctrl Pts',(-34.0669390852904,105.893281060629,6.07527818915498));
#3711=CARTESIAN_POINT('Ctrl Pts',(-33.8989419963035,105.388817429536,6.04710651596774));
#3712=CARTESIAN_POINT('Ctrl Pts',(-33.6027721695396,104.927568152033,6.01345440490535));
#3713=CARTESIAN_POINT('Ctrl Pts',(-33.2140965374896,104.565122261485,5.97839897746949));
#3714=CARTESIAN_POINT('',(-32.8702645541932,104.891762632084,6.41341445243789));
#3715=CARTESIAN_POINT('Origin',(-33.168597882638,104.571839305545,6.41341445242455));
#3716=CARTESIAN_POINT('',(-28.5750000000001,108.114158935647,6.27657974822737));
#3717=CARTESIAN_POINT('Ctrl Pts',(-32.8702645541939,104.891762632085,6.41341445242455));
#3718=CARTESIAN_POINT('Ctrl Pts',(-33.0324759545672,105.043027210096,6.43039122161452));
#3719=CARTESIAN_POINT('Ctrl Pts',(-33.1757831443808,105.214431994299,6.44703300045323));
#3720=CARTESIAN_POINT('Ctrl Pts',(-33.2966651900806,105.400466182472,6.46287090435478));
#3721=CARTESIAN_POINT('Ctrl Pts',(-33.3724311525784,105.517067942831,6.47279772207283));
#3722=CARTESIAN_POINT('Ctrl Pts',(-33.4393867804523,105.639417728953,6.48240873507458));
#3723=CARTESIAN_POINT('Ctrl Pts',(-33.4966560276356,105.766163775734,6.49158812649718));
#3724=CARTESIAN_POINT('Ctrl Pts',(-33.5348389635851,105.850668748719,6.49770827181046));
#3725=CARTESIAN_POINT('Ctrl Pts',(-33.5687124318889,105.937120917093,6.50363693043319));
#3726=CARTESIAN_POINT('Ctrl Pts',(-33.5980154338152,106.0251123446,6.509338975009));
#3727=CARTESIAN_POINT('Ctrl Pts',(-33.6725621247401,106.24896209784,6.5238449480046));
#3728=CARTESIAN_POINT('Ctrl Pts',(-33.7175255379739,106.482773516873,6.53688406098642));
#3729=CARTESIAN_POINT('Ctrl Pts',(-33.7322124735414,106.718447289829,6.54804802078566));
#3730=CARTESIAN_POINT('Ctrl Pts',(-33.734140272407,106.74938169613,6.54951339584214));
#3731=CARTESIAN_POINT('Ctrl Pts',(-33.7355465096427,106.780348198964,6.55094646873293));
#3732=CARTESIAN_POINT('Ctrl Pts',(-33.7364296844412,106.811328497299,6.5523463209263));
#3733=CARTESIAN_POINT('Ctrl Pts',(-33.740801004919,106.964667126014,6.55927496355636));
#3734=CARTESIAN_POINT('Ctrl Pts',(-33.7323575311577,107.118466276921,6.56539697704633));
#3735=CARTESIAN_POINT('Ctrl Pts',(-33.7108810137668,107.270439314581,6.57060090462961));
#3736=CARTESIAN_POINT('Ctrl Pts',(-33.7061815870441,107.303693596051,6.57173961235875));
#3737=CARTESIAN_POINT('Ctrl Pts',(-33.700858323715,107.336860424047,6.5728343733687));
#3738=CARTESIAN_POINT('Ctrl Pts',(-33.6949092703551,107.369915838862,6.57388404144897));
#3739=CARTESIAN_POINT('Ctrl Pts',(-33.6677330851272,107.520918027184,6.57867908571088));
#3740=CARTESIAN_POINT('Ctrl Pts',(-33.6274940290095,107.669593777519,6.5825328161161));
#3741=CARTESIAN_POINT('Ctrl Pts',(-33.5751655989344,107.813853379871,6.58542007820314));
#3742=CARTESIAN_POINT('Ctrl Pts',(-33.5687239090932,107.831611902602,6.58577550348206));
#3743=CARTESIAN_POINT('Ctrl Pts',(-33.5620990767872,107.849303530739,6.58611628796652));
#3744=CARTESIAN_POINT('Ctrl Pts',(-33.5552929659516,107.866924392023,6.58644238894756));
#3745=CARTESIAN_POINT('Ctrl Pts',(-33.4659945437465,108.0981159122,6.59072094152907));
#3746=CARTESIAN_POINT('Ctrl Pts',(-33.3453803952234,108.317396997939,6.59242790678859));
#3747=CARTESIAN_POINT('Ctrl Pts',(-33.1973778788168,108.516207688102,6.59149183538521));
#3748=CARTESIAN_POINT('Ctrl Pts',(-33.1769435212303,108.543657010137,6.59136259421927));
#3749=CARTESIAN_POINT('Ctrl Pts',(-33.1559871446692,108.570716137284,6.59118297602617));
#3750=CARTESIAN_POINT('Ctrl Pts',(-33.1345191548787,108.59736257155,6.59095279857108));
#3751=CARTESIAN_POINT('Ctrl Pts',(-33.0874653003053,108.655766616601,6.59044829225245));
#3752=CARTESIAN_POINT('Ctrl Pts',(-33.0379536100513,108.712188043582,6.58970089488027));
#3753=CARTESIAN_POINT('Ctrl Pts',(-32.9861917959845,108.76647097407,6.58871868140831));
#3754=CARTESIAN_POINT('Ctrl Pts',(-32.8667782593356,108.891700679135,6.58645273330456));
#3755=CARTESIAN_POINT('Ctrl Pts',(-32.7354324083819,109.005510043898,6.58291188647298));
#3756=CARTESIAN_POINT('Ctrl Pts',(-32.5946503146908,109.106054473627,6.57818218215173));
#3757=CARTESIAN_POINT('Ctrl Pts',(-32.4538682209998,109.206598903357,6.57345247783048));
#3758=CARTESIAN_POINT('Ctrl Pts',(-32.3036485354348,109.293879426322,6.56753387584685));
#3759=CARTESIAN_POINT('Ctrl Pts',(-32.1464582952665,109.36600794297,6.56050865741519));
#3760=CARTESIAN_POINT('Ctrl Pts',(-32.1161221459601,109.379928027627,6.55915286029303));
#3761=CARTESIAN_POINT('Ctrl Pts',(-32.0855305005711,109.393281699331,6.55775650910218));
#3762=CARTESIAN_POINT('Ctrl Pts',(-32.0547015901339,109.406055493474,6.55632012867424));
#3763=CARTESIAN_POINT('Ctrl Pts',(-31.8316536461822,109.498474216019,6.545927880079));
#3764=CARTESIAN_POINT('Ctrl Pts',(-31.596189122256,109.560542248458,6.53344058180926));
#3765=CARTESIAN_POINT('Ctrl Pts',(-31.3568209744149,109.591178403224,6.51933675858759));
#3766=CARTESIAN_POINT('Ctrl Pts',(-31.2904740056151,109.599669992531,6.51542752535132));
#3767=CARTESIAN_POINT('Ctrl Pts',(-31.2238269322418,109.605746548919,6.51139408097484));
#3768=CARTESIAN_POINT('Ctrl Pts',(-31.15706065321,109.609384489827,6.50724657743776));
#3769=CARTESIAN_POINT('Ctrl Pts',(-31.0115539350423,109.617312816075,6.49820773871527));
#3770=CARTESIAN_POINT('Ctrl Pts',(-30.8654026812502,109.613660041985,6.48862837782069));
#3771=CARTESIAN_POINT('Ctrl Pts',(-30.7205471554907,109.598157796803,6.47862312190146));
#3772=CARTESIAN_POINT('Ctrl Pts',(-30.5618285964936,109.581171948292,6.46766033816524));
#3773=CARTESIAN_POINT('Ctrl Pts',(-30.4046670165983,109.5499594128,6.45618630193894));
#3774=CARTESIAN_POINT('Ctrl Pts',(-30.2514293580423,109.505419174175,6.44439286639559));
#3775=CARTESIAN_POINT('Ctrl Pts',(-30.2137445762585,109.494465671042,6.44149258033588));
#3776=CARTESIAN_POINT('Ctrl Pts',(-30.1762970313592,109.482706363513,6.43857298267993));
#3777=CARTESIAN_POINT('Ctrl Pts',(-30.1391217372972,109.470155066477,6.43563693370345));
#3778=CARTESIAN_POINT('Ctrl Pts',(-29.9270620452375,109.39855847924,6.41888877723194));
#3779=CARTESIAN_POINT('Ctrl Pts',(-29.723656710751,109.301118060161,6.40158898171121));
#3780=CARTESIAN_POINT('Ctrl Pts',(-29.5352963921021,109.180240756929,6.38425417654905));
#3781=CARTESIAN_POINT('Ctrl Pts',(-29.509305722054,109.163561648892,6.38186225448951));
#3782=CARTESIAN_POINT('Ctrl Pts',(-29.4836014781347,109.146436391155,6.37946966768631));
#3783=CARTESIAN_POINT('Ctrl Pts',(-29.4582004198577,109.12887137893,6.37707777460146));
#3784=CARTESIAN_POINT('Ctrl Pts',(-29.3783907564932,109.073682429819,6.36956249000882));
#3785=CARTESIAN_POINT('Ctrl Pts',(-29.3015742528025,109.014152101684,6.3620540556412));
#3786=CARTESIAN_POINT('Ctrl Pts',(-29.2281587097129,108.950693375984,6.35459629622597));
#3787=CARTESIAN_POINT('Ctrl Pts',(-29.2157952999514,108.940006725777,6.35334038594221));
#3788=CARTESIAN_POINT('Ctrl Pts',(-29.2035280755274,108.929208444674,6.3520859035993));
#3789=CARTESIAN_POINT('Ctrl Pts',(-29.1913589865275,108.918300488876,6.35083305716477));
#3790=CARTESIAN_POINT('Ctrl Pts',(-29.001970261105,108.748538903155,6.33133488524847));
#3791=CARTESIAN_POINT('Ctrl Pts',(-28.8363534852994,108.552209353855,6.31223294148499));
#3792=CARTESIAN_POINT('Ctrl Pts',(-28.700872277182,108.336874778758,6.29425555939914));
#3793=CARTESIAN_POINT('Ctrl Pts',(-28.6554478635096,108.264676966581,6.28822806634707));
#3794=CARTESIAN_POINT('Ctrl Pts',(-28.6134108280333,108.190343058543,6.28232698741593));
#3795=CARTESIAN_POINT('Ctrl Pts',(-28.5750000063112,108.114158932465,6.27657974822737));
#3796=CARTESIAN_POINT('Ctrl Pts',(-28.5749999999997,108.943696539029,5.88440615268132));
#3797=CARTESIAN_POINT('Ctrl Pts',(-28.5749999999997,108.942147669333,5.88427744122974));
#3798=CARTESIAN_POINT('Ctrl Pts',(-28.5749999999985,108.940598512175,5.8841521304572));
#3799=CARTESIAN_POINT('Ctrl Pts',(-28.5750000000296,108.816267867738,5.87436873961892));
#3800=CARTESIAN_POINT('Ctrl Pts',(-28.575,108.688826999092,5.88585345837316));
#3801=CARTESIAN_POINT('Ctrl Pts',(-28.575,108.466135019341,5.94072460219096));
#3802=CARTESIAN_POINT('Ctrl Pts',(-28.575,108.371717971804,5.9790367094597));
#3803=CARTESIAN_POINT('Ctrl Pts',(-28.575,108.253407603745,6.05182140805077));
#3804=CARTESIAN_POINT('Ctrl Pts',(-28.5749999999321,108.21138817029,6.08411007784439));
#3805=CARTESIAN_POINT('Ctrl Pts',(-28.5749999999362,108.158011461485,6.14565698177925));
#3806=CARTESIAN_POINT('Ctrl Pts',(-28.575,108.140581508177,6.17195857891343));
#3807=CARTESIAN_POINT('Ctrl Pts',(-28.575,108.119348559709,6.22516148342827));
#3808=CARTESIAN_POINT('Ctrl Pts',(-28.575,108.114158935647,6.25042679555802));
#3809=CARTESIAN_POINT('Ctrl Pts',(-28.575,108.114158935647,6.27657974822737));
#3810=CARTESIAN_POINT('Origin',(-31.0498367108167,102.596062548899,50.333090126));
#3811=CARTESIAN_POINT('',(-28.575,100.479522213281,6.02278432992137));
#3812=CARTESIAN_POINT('',(-28.9135776021248,100.554823479068,5.98030460193994));
#3813=CARTESIAN_POINT('Ctrl Pts',(-28.9135776012299,100.554823480978,5.9803046019141));
#3814=CARTESIAN_POINT('Ctrl Pts',(-28.8838516012223,100.540913007715,5.98155024124293));
#3815=CARTESIAN_POINT('Ctrl Pts',(-28.8533174761716,100.528857814824,5.98297065944132));
#3816=CARTESIAN_POINT('Ctrl Pts',(-28.8221595287845,100.51871996961,5.9850106491551));
#3817=CARTESIAN_POINT('Ctrl Pts',(-28.7375194636944,100.491180675441,5.99055224854263));
#3818=CARTESIAN_POINT('Ctrl Pts',(-28.6536939298801,100.479522213281,6.00039484278018));
#3819=CARTESIAN_POINT('Ctrl Pts',(-28.575,100.479522213281,6.02278432992138));
#3820=CARTESIAN_POINT('',(-28.575,100.886363636347,6.41869361915604));
#3821=CARTESIAN_POINT('Ctrl Pts',(-28.575,100.479522213281,6.02278432992137));
#3822=CARTESIAN_POINT('Ctrl Pts',(-28.575,100.513302713193,6.02945404355252));
#3823=CARTESIAN_POINT('Ctrl Pts',(-28.575,100.546117930141,6.03841688329108));
#3824=CARTESIAN_POINT('Ctrl Pts',(-28.575,100.648860186852,6.07501029525931));
#3825=CARTESIAN_POINT('Ctrl Pts',(-28.575,100.711084346358,6.1111395324228));
#3826=CARTESIAN_POINT('Ctrl Pts',(-28.575,100.799368808706,6.19040461859291));
#3827=CARTESIAN_POINT('Ctrl Pts',(-28.575,100.831672345443,6.23127597873542));
#3828=CARTESIAN_POINT('Ctrl Pts',(-28.575,100.872754520068,6.31710609544811));
#3829=CARTESIAN_POINT('Ctrl Pts',(-28.5749999999998,100.88375666186,6.35906204279577));
#3830=CARTESIAN_POINT('Ctrl Pts',(-28.5749999999998,100.886228118243,6.40790602534318));
#3831=CARTESIAN_POINT('Ctrl Pts',(-28.575,100.886363636347,6.41330492537401));
#3832=CARTESIAN_POINT('Ctrl Pts',(-28.575,100.886363636347,6.41869361915604));
#3833=CARTESIAN_POINT('Origin',(-30.7515033823934,102.915985875458,50.333090126));
#3834=CARTESIAN_POINT('Origin',(-31.0743494662203,102.569775837008,50.333090126));
#3835=CARTESIAN_POINT('Origin',(-26.1001632891833,102.596062548899,50.333090126));
#3836=CARTESIAN_POINT('',(-28.2364223978753,100.554823479068,5.98030460193994));
#3837=CARTESIAN_POINT('Ctrl Pts',(-28.575,100.479522213281,6.02278432992138));
#3838=CARTESIAN_POINT('Ctrl Pts',(-28.556993247527,100.479522213281,6.01766116535758));
#3839=CARTESIAN_POINT('Ctrl Pts',(-28.538497284902,100.480130456716,6.0131354598011));
#3840=CARTESIAN_POINT('Ctrl Pts',(-28.4417992936068,100.486859947943,5.99278149178863));
#3841=CARTESIAN_POINT('Ctrl Pts',(-28.3610663646074,100.503945214703,5.98634933508976));
#3842=CARTESIAN_POINT('Ctrl Pts',(-28.2661843035783,100.541447823239,5.98158832463945));
#3843=CARTESIAN_POINT('Ctrl Pts',(-28.2511973451857,100.547909449591,5.98092373177792));
#3844=CARTESIAN_POINT('Ctrl Pts',(-28.23642239877,100.554823480978,5.98030460191409));
#3845=CARTESIAN_POINT('',(-23.9359034626615,104.565122261344,5.97839897745585));
#3846=CARTESIAN_POINT('Origin',(-26.0756505337797,102.569775837008,50.333090126));
#3847=CARTESIAN_POINT('',(-24.2797354459351,104.891762631964,6.41341445241105));
#3848=CARTESIAN_POINT('Origin',(-23.9814021175117,104.571839305406,6.41341445241105));
#3849=CARTESIAN_POINT('Origin',(-26.3984966176066,102.915985875458,50.333090126));
#3850=CARTESIAN_POINT('Ctrl Pts',(-24.2797354459351,104.891762631964,6.41341445241105));
#3851=CARTESIAN_POINT('Ctrl Pts',(-24.0309858266527,105.123725404616,6.43944816436175));
#3852=CARTESIAN_POINT('Ctrl Pts',(-23.7583145567476,105.495968554033,6.47311831214841));
#3853=CARTESIAN_POINT('Ctrl Pts',(-23.4173071242783,106.339109226341,6.53162616446001));
#3854=CARTESIAN_POINT('Ctrl Pts',(-23.3416119571636,107.390326301443,6.58211625731352));
#3855=CARTESIAN_POINT('Ctrl Pts',(-23.925487445722,108.670810278772,6.59998991973165));
#3856=CARTESIAN_POINT('Ctrl Pts',(-25.0517685222454,109.513321736702,6.56379386630555));
#3857=CARTESIAN_POINT('Ctrl Pts',(-26.4424127153775,109.71385746944,6.4827610483999));
#3858=CARTESIAN_POINT('Ctrl Pts',(-27.7575804372436,109.223535526776,6.37689351218413));
#3859=CARTESIAN_POINT('Ctrl Pts',(-28.3716448818835,108.518061300642,6.30703140247599));
#3860=CARTESIAN_POINT('Ctrl Pts',(-28.5756804400892,108.11280838628,6.27647789511708));
#3861=CARTESIAN_POINT('Ctrl Pts',(-24.273934022797,104.897172546562,6.29315709349909));
#3862=CARTESIAN_POINT('Ctrl Pts',(-24.0260624950794,105.129703432685,6.31857618596493));
#3863=CARTESIAN_POINT('Ctrl Pts',(-23.7549119025718,105.502429848169,6.35143702346716));
#3864=CARTESIAN_POINT('Ctrl Pts',(-23.4168226128024,106.344863693067,6.40849994570737));
#3865=CARTESIAN_POINT('Ctrl Pts',(-23.3436327930174,107.39331381672,6.45770314225456));
#3866=CARTESIAN_POINT('Ctrl Pts',(-23.9262466002202,108.668784432932,6.47510322729584));
#3867=CARTESIAN_POINT('Ctrl Pts',(-25.0476219332371,109.509799559034,6.43985272577368));
#3868=CARTESIAN_POINT('Ctrl Pts',(-26.4344101473223,109.71340331443,6.36085271907049));
#3869=CARTESIAN_POINT('Ctrl Pts',(-27.7501751957536,109.227996629338,6.25749965444796));
#3870=CARTESIAN_POINT('Ctrl Pts',(-28.3673219138489,108.524071874793,6.18918593920179));
#3871=CARTESIAN_POINT('Ctrl Pts',(-28.5726225802531,108.118881869849,6.15930443825039));
#3872=CARTESIAN_POINT('Ctrl Pts',(-24.1902921827042,104.830607930155,6.05400800851271));
#3873=CARTESIAN_POINT('Ctrl Pts',(-23.9333662846627,105.072705435776,6.07826538405406));
#3874=CARTESIAN_POINT('Ctrl Pts',(-23.6526793393113,105.460052734732,6.10958357546889));
#3875=CARTESIAN_POINT('Ctrl Pts',(-23.3034641460586,106.334694784549,6.16391547079832));
#3876=CARTESIAN_POINT('Ctrl Pts',(-23.2292262796925,107.42147990713,6.21067382387284));
#3877=CARTESIAN_POINT('Ctrl Pts',(-23.8331285196336,108.742403478216,6.22719678287262));
#3878=CARTESIAN_POINT('Ctrl Pts',(-24.9941230790849,109.614541503071,6.19372912228717));
#3879=CARTESIAN_POINT('Ctrl Pts',(-26.4316924437605,109.828378476273,6.11860334015087));
#3880=CARTESIAN_POINT('Ctrl Pts',(-27.7988761072965,109.327397121395,6.02004281735154));
#3881=CARTESIAN_POINT('Ctrl Pts',(-28.4414930207076,108.596949028488,5.95475344698435));
#3882=CARTESIAN_POINT('Ctrl Pts',(-28.6558300989113,108.175923823774,5.92614598763572));
#3883=CARTESIAN_POINT('Ctrl Pts',(-24.0173424155784,104.653410529771,5.96851795195972));
#3884=CARTESIAN_POINT('Ctrl Pts',(-23.7371772726039,104.91549173068,5.99375096218605));
#3885=CARTESIAN_POINT('Ctrl Pts',(-23.4303861423513,105.335730639355,6.02637473182717));
#3886=CARTESIAN_POINT('Ctrl Pts',(-23.0472985561865,106.286600017011,6.08300680403647));
#3887=CARTESIAN_POINT('Ctrl Pts',(-22.9633265280666,107.470922167951,6.13183687948005));
#3888=CARTESIAN_POINT('Ctrl Pts',(-23.6212113212717,108.912531744677,6.14908979627189));
#3889=CARTESIAN_POINT('Ctrl Pts',(-24.8889504712299,109.862064159634,6.1141174556759));
#3890=CARTESIAN_POINT('Ctrl Pts',(-26.4556440186332,110.090094664289,6.03570321758068));
#3891=CARTESIAN_POINT('Ctrl Pts',(-27.9398764313471,109.539673814091,5.93308920740609));
#3892=CARTESIAN_POINT('Ctrl Pts',(-28.6344022628278,108.744547926145,5.86520344065644));
#3893=CARTESIAN_POINT('Ctrl Pts',(-28.8653977025885,108.287323964391,5.83552829112233));
#3894=CARTESIAN_POINT('Ctrl Pts',(-23.9359034626616,104.565122261344,5.97839897745584));
#3895=CARTESIAN_POINT('Ctrl Pts',(-23.6443967385245,104.836956679313,6.0046905480404));
#3896=CARTESIAN_POINT('Ctrl Pts',(-23.3248565161688,105.273184004533,6.03869419180825));
#3897=CARTESIAN_POINT('Ctrl Pts',(-22.9252339566156,106.26125054341,6.09778155252402));
#3898=CARTESIAN_POINT('Ctrl Pts',(-22.8365276893969,107.493159347145,6.14877173950132));
#3899=CARTESIAN_POINT('Ctrl Pts',(-23.5207644390435,108.993743310322,6.16682243691863));
#3900=CARTESIAN_POINT('Ctrl Pts',(-24.8406398544196,109.981072480343,6.13026786892857));
#3901=CARTESIAN_POINT('Ctrl Pts',(-26.4703192659891,110.216077923534,6.0484324374055));
#3902=CARTESIAN_POINT('Ctrl Pts',(-28.0115486974074,109.641475463072,5.94151630472715));
#3903=CARTESIAN_POINT('Ctrl Pts',(-28.7311635260953,108.814738597235,5.87096222499943));
#3904=CARTESIAN_POINT('Ctrl Pts',(-28.9702703731796,108.339827520573,5.84010609135033));
#3905=CARTESIAN_POINT('Ctrl Pts',(-28.5749999921215,108.114158931675,6.27657974822737));
#3906=CARTESIAN_POINT('Ctrl Pts',(-28.4692551237768,108.323892374737,6.29240180638948));
#3907=CARTESIAN_POINT('Ctrl Pts',(-28.3359370970703,108.519511855941,6.30939064073737));
#3908=CARTESIAN_POINT('Ctrl Pts',(-28.1801985918026,108.695218185005,6.3269719968654));
#3909=CARTESIAN_POINT('Ctrl Pts',(-28.0997952393286,108.785930355918,6.33604875005052));
#3910=CARTESIAN_POINT('Ctrl Pts',(-28.0134152342579,108.871334551523,6.34528346820044));
#3911=CARTESIAN_POINT('Ctrl Pts',(-27.9217637180473,108.950628974665,6.35459723995104));
#3912=CARTESIAN_POINT('Ctrl Pts',(-27.8483968059943,109.014104050796,6.36205290136461));
#3913=CARTESIAN_POINT('Ctrl Pts',(-27.7716530219814,109.07366250255,6.3695580856964));
#3914=CARTESIAN_POINT('Ctrl Pts',(-27.6919018538665,109.128887338434,6.3770712577676));
#3915=CARTESIAN_POINT('Ctrl Pts',(-27.5201089477054,109.247847790963,6.39325546791911));
#3916=CARTESIAN_POINT('Ctrl Pts',(-27.3343601976042,109.34669611692,6.40947666410503));
#3917=CARTESIAN_POINT('Ctrl Pts',(-27.1399129803502,109.423416083128,6.42530816958716));
#3918=CARTESIAN_POINT('Ctrl Pts',(-27.097345003552,109.440211457151,6.4287739695485));
#3919=CARTESIAN_POINT('Ctrl Pts',(-27.0543602066978,109.455946518616,6.43222109827868));
#3920=CARTESIAN_POINT('Ctrl Pts',(-27.0110138053717,109.47060044692,6.43564508996442));
#3921=CARTESIAN_POINT('Ctrl Pts',(-26.8636772426281,109.520409874255,6.44728340711204));
#3922=CARTESIAN_POINT('Ctrl Pts',(-26.7120371675518,109.55776641838,6.45866022890868));
#3923=CARTESIAN_POINT('Ctrl Pts',(-26.5583041375111,109.581797962867,6.46960023571621));
#3924=CARTESIAN_POINT('Ctrl Pts',(-26.5156255762006,109.588469474803,6.47263734329907));
#3925=CARTESIAN_POINT('Ctrl Pts',(-26.4727858300756,109.594114314678,6.47564079091417));
#3926=CARTESIAN_POINT('Ctrl Pts',(-26.4298324046199,109.598714505712,6.4786068450478));
#3927=CARTESIAN_POINT('Ctrl Pts',(-26.2848366899374,109.614243138868,6.4886192045821));
#3928=CARTESIAN_POINT('Ctrl Pts',(-26.1385458845526,109.617864933598,6.49820530946267));
#3929=CARTESIAN_POINT('Ctrl Pts',(-25.9929050849228,109.609866705035,6.50725544916528));
#3930=CARTESIAN_POINT('Ctrl Pts',(-25.7523854607744,109.596657968661,6.52220137232208));
#3931=CARTESIAN_POINT('Ctrl Pts',(-25.5134574453646,109.551760742895,6.53565299412189));
#3932=CARTESIAN_POINT('Ctrl Pts',(-25.2845439415632,109.476371643634,6.54715247921928));
#3933=CARTESIAN_POINT('Ctrl Pts',(-25.2208013593343,109.455379016379,6.55035459207955));
#3934=CARTESIAN_POINT('Ctrl Pts',(-25.1578353819541,109.432021810374,6.55340532717118));
#3935=CARTESIAN_POINT('Ctrl Pts',(-25.0958281970084,109.406325196241,6.55629476167146));
#3936=CARTESIAN_POINT('Ctrl Pts',(-25.06481683048,109.393473667501,6.55773984118001));
#3937=CARTESIAN_POINT('Ctrl Pts',(-25.0340452856996,109.380036988538,6.55914457494263));
#3938=CARTESIAN_POINT('Ctrl Pts',(-25.0035322132716,109.366028728674,6.56050844467017));
#3939=CARTESIAN_POINT('Ctrl Pts',(-24.8463552556285,109.293870289941,6.56753392186198));
#3940=CARTESIAN_POINT('Ctrl Pts',(-24.696130783805,109.206593613247,6.57345340520544));
#3941=CARTESIAN_POINT('Ctrl Pts',(-24.555343429072,109.106057587918,6.57818376980237));
#3942=CARTESIAN_POINT('Ctrl Pts',(-24.4145560743388,109.005521562588,6.58291413439929));
#3943=CARTESIAN_POINT('Ctrl Pts',(-24.2832044236205,108.891725139884,6.58645542494493));
#3944=CARTESIAN_POINT('Ctrl Pts',(-24.1638043745179,108.766482891325,6.5887205940304));
#3945=CARTESIAN_POINT('Ctrl Pts',(-24.1121857259342,108.712338561698,6.58969986470813));
#3946=CARTESIAN_POINT('Ctrl Pts',(-24.0628111787592,108.656064628013,6.59044490741912));
#3947=CARTESIAN_POINT('Ctrl Pts',(-24.0158884133306,108.597814506978,6.59094776847519));
#3948=CARTESIAN_POINT('Ctrl Pts',(-23.8758096421306,108.423920123253,6.59244896215323));
#3949=CARTESIAN_POINT('Ctrl Pts',(-23.7575848607476,108.232412946297,6.59179155172453));
#3950=CARTESIAN_POINT('Ctrl Pts',(-23.6640255232557,108.029620422012,6.58904047866274));
#3951=CARTESIAN_POINT('Ctrl Pts',(-23.6393255067116,107.976082433831,6.5883141850403));
#3952=CARTESIAN_POINT('Ctrl Pts',(-23.6163443500813,107.921757933785,6.58744198738757));
#3953=CARTESIAN_POINT('Ctrl Pts',(-23.5951331621275,107.866763395584,6.58642512463091));
#3954=CARTESIAN_POINT('Ctrl Pts',(-23.5380326423925,107.718718094172,6.58368773000544));
#3955=CARTESIAN_POINT('Ctrl Pts',(-23.4937141071855,107.565689774353,6.57990880443973));
#3956=CARTESIAN_POINT('Ctrl Pts',(-23.4632346599105,107.409991590093,6.575120958832));
#3957=CARTESIAN_POINT('Ctrl Pts',(-23.4606376832336,107.396725452111,6.57471301431569));
#3958=CARTESIAN_POINT('Ctrl Pts',(-23.4581411463741,107.383439944164,6.57429774767869));
#3959=CARTESIAN_POINT('Ctrl Pts',(-23.4557456868377,107.370136503197,6.57387518041576));
#3960=CARTESIAN_POINT('Ctrl Pts',(-23.4276095296103,107.213879342086,6.56891186595833));
#3961=CARTESIAN_POINT('Ctrl Pts',(-23.4134222864753,107.055148031996,6.56294107612716));
#3962=CARTESIAN_POINT('Ctrl Pts',(-23.4129764671397,106.896439714731,6.55608583308004));
#3963=CARTESIAN_POINT('Ctrl Pts',(-23.4128967743622,106.868069687636,6.55486041884634));
#3964=CARTESIAN_POINT('Ctrl Pts',(-23.4132560359387,106.839700388146,6.55360675144531));
#3965=CARTESIAN_POINT('Ctrl Pts',(-23.4140528928969,106.811346057312,6.55232554378379));
#3966=CARTESIAN_POINT('Ctrl Pts',(-23.4210084320424,106.5638491182,6.54114224425735));
#3967=CARTESIAN_POINT('Ctrl Pts',(-23.4613156931257,106.31724058978,6.52784706006108));
#3968=CARTESIAN_POINT('Ctrl Pts',(-23.5342371150422,106.080759327456,6.51289665786018));
#3969=CARTESIAN_POINT('Ctrl Pts',(-23.539966230591,106.062180034275,6.51172207048299));
#3970=CARTESIAN_POINT('Ctrl Pts',(-23.5458966323453,106.043663252452,6.5105372678539));
#3971=CARTESIAN_POINT('Ctrl Pts',(-23.5520279491857,106.025213461341,6.50934247222832));
#3972=CARTESIAN_POINT('Ctrl Pts',(-23.5812832387168,105.937181152002,6.50364156117342));
#3973=CARTESIAN_POINT('Ctrl Pts',(-23.6151127892029,105.850674038255,6.49771313881151));
#3974=CARTESIAN_POINT('Ctrl Pts',(-23.6532652873204,105.766132115908,6.49159289877027));
#3975=CARTESIAN_POINT('Ctrl Pts',(-23.66177843183,105.747267883221,6.49022726111939));
#3976=CARTESIAN_POINT('Ctrl Pts',(-23.6705069708225,105.728501133654,6.48885202035256));
#3977=CARTESIAN_POINT('Ctrl Pts',(-23.6794481336352,105.709836757644,6.48746757023607));
#3978=CARTESIAN_POINT('Ctrl Pts',(-23.7942686779272,105.470152741455,6.46968875116635));
#3979=CARTESIAN_POINT('Ctrl Pts',(-23.9441575474147,105.247352793251,6.45039100060357));
#3980=CARTESIAN_POINT('Ctrl Pts',(-24.1228051475874,105.050759392149,6.43038908772327));
#3981=CARTESIAN_POINT('Ctrl Pts',(-24.1729007251402,104.995631531703,6.42478023892301));
#3982=CARTESIAN_POINT('Ctrl Pts',(-24.225257399875,104.942564231779,6.41911603202696));
#3983=CARTESIAN_POINT('Ctrl Pts',(-24.2797354459351,104.891762631964,6.41341445241105));
#3984=CARTESIAN_POINT('Ctrl Pts',(-23.9359034626616,104.565122261344,5.97839897745584));
#3985=CARTESIAN_POINT('Ctrl Pts',(-23.6443967385245,104.836956679313,6.0046905480404));
#3986=CARTESIAN_POINT('Ctrl Pts',(-23.3248565161688,105.273184004533,6.03869419180825));
#3987=CARTESIAN_POINT('Ctrl Pts',(-22.9252339566156,106.26125054341,6.09778155252402));
#3988=CARTESIAN_POINT('Ctrl Pts',(-22.8365276893969,107.493159347145,6.14877173950132));
#3989=CARTESIAN_POINT('Ctrl Pts',(-23.5207644390435,108.993743310322,6.16682243691863));
#3990=CARTESIAN_POINT('Ctrl Pts',(-24.8406398544196,109.981072480343,6.13026786892857));
#3991=CARTESIAN_POINT('Ctrl Pts',(-26.4703192659891,110.216077923534,6.0484324374055));
#3992=CARTESIAN_POINT('Ctrl Pts',(-27.7785712282531,109.728334320215,5.95767811003361));
#3993=CARTESIAN_POINT('Ctrl Pts',(-28.3889965716548,109.166845164451,5.90299499652223));
#3994=CARTESIAN_POINT('Ctrl Pts',(-28.574583718703,108.943355941355,5.88441703776538));
#3995=CARTESIAN_POINT('Origin',(-26.1397309733781,106.88636363638,0.));
#3996=CARTESIAN_POINT('',(-28.575,108.114158935647,6.59378564738637));
#3997=CARTESIAN_POINT('',(-28.575,108.114158935647,0.));
#3998=CARTESIAN_POINT('',(-24.2797354459351,104.891762631964,6.71253842063694));
#3999=CARTESIAN_POINT('Ctrl Pts',(-24.2797354459351,104.891762631964,6.71253842063694));
#4000=CARTESIAN_POINT('Ctrl Pts',(-24.0293103952908,105.125287769637,6.7352796371968));
#4001=CARTESIAN_POINT('Ctrl Pts',(-23.8087823426065,105.424491291143,6.75883515660614));
#4002=CARTESIAN_POINT('Ctrl Pts',(-23.5070752554239,106.086666176148,6.8005838508143));
#4003=CARTESIAN_POINT('Ctrl Pts',(-23.4259017068498,106.449640135,6.81877550593117));
#4004=CARTESIAN_POINT('Ctrl Pts',(-23.4022855865695,107.134218315456,6.84584929504618));
#4005=CARTESIAN_POINT('Ctrl Pts',(-23.4579654925289,107.501399068911,6.85655078379173));
#4006=CARTESIAN_POINT('Ctrl Pts',(-23.7126508052416,108.182286667695,6.86791362458203));
#4007=CARTESIAN_POINT('Ctrl Pts',(-23.9116591955878,108.495992411752,6.86857409329415));
#4008=CARTESIAN_POINT('Ctrl Pts',(-24.3786974996815,108.996829675445,6.86126271986574));
#4009=CARTESIAN_POINT('Ctrl Pts',(-24.6778231298766,109.217233395732,6.85280135940688));
#4010=CARTESIAN_POINT('Ctrl Pts',(-25.3392905951601,109.518743481813,6.82710831506427));
#4011=CARTESIAN_POINT('Ctrl Pts',(-25.7016298957235,109.599855551521,6.80987831615704));
#4012=CARTESIAN_POINT('Ctrl Pts',(-26.3859847360727,109.624042364309,6.77251176268611));
#4013=CARTESIAN_POINT('Ctrl Pts',(-26.7536690940744,109.568427227632,6.74987043819512));
#4014=CARTESIAN_POINT('Ctrl Pts',(-27.4352755669572,109.313697453785,6.70224679739216));
#4015=CARTESIAN_POINT('Ctrl Pts',(-27.7491987505135,109.114585547454,6.67726516964805));
#4016=CARTESIAN_POINT('Ctrl Pts',(-28.2254596721417,108.670465053098,6.63407311539034));
#4017=CARTESIAN_POINT('Ctrl Pts',(-28.4274259456515,108.406864506277,6.61295273944752));
#4018=CARTESIAN_POINT('Ctrl Pts',(-28.5750000000001,108.114158935647,6.59378564738637));
#4019=CARTESIAN_POINT('',(-24.2797354459351,104.891762631964,0.));
#4020=CARTESIAN_POINT('Origin',(-31.0102690266219,106.88636363638,0.));
#4021=CARTESIAN_POINT('',(-32.870264554065,104.891762631964,6.71253842063694));
#4022=CARTESIAN_POINT('',(-32.870264554065,104.891762631964,0.));
#4023=CARTESIAN_POINT('Ctrl Pts',(-28.575,108.114158935647,6.59378564738637));
#4024=CARTESIAN_POINT('Ctrl Pts',(-28.729260896347,108.420127514544,6.61382123436519));
#4025=CARTESIAN_POINT('Ctrl Pts',(-28.9549267753495,108.715540792144,6.63745260589712));
#4026=CARTESIAN_POINT('Ctrl Pts',(-29.5061557511914,109.19026553492,6.68597897181009));
#4027=CARTESIAN_POINT('Ctrl Pts',(-29.8317176583278,109.369578345891,6.71087431477611));
#4028=CARTESIAN_POINT('Ctrl Pts',(-30.4819602930798,109.58375650714,6.75523183976983));
#4029=CARTESIAN_POINT('Ctrl Pts',(-30.8500421195591,109.633090562297,6.77766108190845));
#4030=CARTESIAN_POINT('Ctrl Pts',(-31.5751285214008,109.579153102999,6.81619270667763));
#4031=CARTESIAN_POINT('Ctrl Pts',(-31.9321326921224,109.475874932636,6.83229338641695));
#4032=CARTESIAN_POINT('Ctrl Pts',(-32.5436505402923,109.167564544259,6.85493570845716));
#4033=CARTESIAN_POINT('Ctrl Pts',(-32.8389356647835,108.942130400095,6.8629925975095));
#4034=CARTESIAN_POINT('Ctrl Pts',(-33.3136074759439,108.391299060818,6.86884973483911));
#4035=CARTESIAN_POINT('Ctrl Pts',(-33.4929928964701,108.065900769652,6.86664951544573));
#4036=CARTESIAN_POINT('Ctrl Pts',(-33.7076441264319,107.415229552629,6.85418188411811));
#4037=CARTESIAN_POINT('Ctrl Pts',(-33.7570215204667,107.046646112402,6.84307481963609));
#4038=CARTESIAN_POINT('Ctrl Pts',(-33.703009114306,106.321128606107,6.8127624425791));
#4039=CARTESIAN_POINT('Ctrl Pts',(-33.5996260426364,105.964193963931,6.79355893004313));
#4040=CARTESIAN_POINT('Ctrl Pts',(-33.3065180613955,105.382829310884,6.75533268970835));
#4041=CARTESIAN_POINT('Ctrl Pts',(-33.1099060306659,105.115231924159,6.73430037576917));
#4042=CARTESIAN_POINT('Ctrl Pts',(-32.870264554065,104.891762631964,6.71253842063694));
#4043=CARTESIAN_POINT('Origin',(-28.5750000000001,110.107680177169,0.));
#4044=CARTESIAN_POINT('',(-28.0932674028479,109.470455637917,5.41712958823877));
#4045=CARTESIAN_POINT('',(-29.0567325971522,109.470455637917,5.41712958823877));
#4046=CARTESIAN_POINT('Origin',(-28.5750000000001,110.107680177169,5.41712958823877));
#4047=CARTESIAN_POINT('',(-29.0567326242444,109.470455658398,5.93393936162569));
#4048=CARTESIAN_POINT('',(-29.0567325971522,109.470455637917,0.));
#4049=CARTESIAN_POINT('',(-28.0932674028479,109.470455637917,5.933939357144));
#4050=CARTESIAN_POINT('Ctrl Pts',(-29.0567326243616,109.470455658487,5.93393935939454));
#4051=CARTESIAN_POINT('Ctrl Pts',(-29.0034573202384,109.430180290361,5.92953285940532));
#4052=CARTESIAN_POINT('Ctrl Pts',(-28.9436613024552,109.395719964345,5.92576323978484));
#4053=CARTESIAN_POINT('Ctrl Pts',(-28.7821830165835,109.328891723009,5.91845342550536));
#4054=CARTESIAN_POINT('Ctrl Pts',(-28.6752709114548,109.308855159669,5.91626228029248));
#4055=CARTESIAN_POINT('Ctrl Pts',(-28.575,109.308855159669,5.91626228029248));
#4056=CARTESIAN_POINT('Ctrl Pts',(-28.4747290885453,109.308855159669,5.91626228029248));
#4057=CARTESIAN_POINT('Ctrl Pts',(-28.3678169834166,109.328891723009,5.91845342550537));
#4058=CARTESIAN_POINT('Ctrl Pts',(-28.2063387083004,109.395719959893,5.92576323929797));
#4059=CARTESIAN_POINT('Ctrl Pts',(-28.1465427000863,109.430180278571,5.92953285811559));
#4060=CARTESIAN_POINT('Ctrl Pts',(-28.0932674028479,109.470455637917,5.933939357144));
#4061=CARTESIAN_POINT('',(-28.0932674028479,109.470455637917,0.));
#4062=CARTESIAN_POINT('Origin',(-31.0102690266219,106.88636363638,0.));
#4063=CARTESIAN_POINT('',(-33.2195475349271,104.517202492344,5.41712958823877));
#4064=CARTESIAN_POINT('Origin',(-31.0102690266219,106.88636363638,5.41712958823877));
#4065=CARTESIAN_POINT('',(-33.219547534927,104.517202492344,5.97973526877413));
#4066=CARTESIAN_POINT('',(-33.2195475349271,104.517202492344,0.));
#4067=CARTESIAN_POINT('Ctrl Pts',(-33.219547534927,104.517202492344,5.97973526877451));
#4068=CARTESIAN_POINT('Ctrl Pts',(-33.5041930974678,104.782638773615,6.00515699401038));
#4069=CARTESIAN_POINT('Ctrl Pts',(-33.7377280837635,105.100493646557,6.02972947612057));
#4070=CARTESIAN_POINT('Ctrl Pts',(-34.0858766451522,105.791028468379,6.0743930766636));
#4071=CARTESIAN_POINT('Ctrl Pts',(-34.2086716877888,106.214992191785,6.09683314998493));
#4072=CARTESIAN_POINT('Ctrl Pts',(-34.2728254299742,107.076744248114,6.13225655144442));
#4073=CARTESIAN_POINT('Ctrl Pts',(-34.2141764003884,107.514533252693,6.14523753754115));
#4074=CARTESIAN_POINT('Ctrl Pts',(-33.9592254690948,108.287383842897,6.15980934164278));
#4075=CARTESIAN_POINT('Ctrl Pts',(-33.746155159559,108.673890814577,6.16238117642605));
#4076=CARTESIAN_POINT('Ctrl Pts',(-33.1823451426253,109.328168648691,6.15553570849166));
#4077=CARTESIAN_POINT('Ctrl Pts',(-32.8316068910381,109.595940771967,6.1461190106754));
#4078=CARTESIAN_POINT('Ctrl Pts',(-32.1052524850806,109.962148577136,6.11965715328919));
#4079=CARTESIAN_POINT('Ctrl Pts',(-31.6812088078287,110.084823070749,6.1008413975038));
#4080=CARTESIAN_POINT('Ctrl Pts',(-30.8199520229987,110.148890656134,6.05581677254578));
#4081=CARTESIAN_POINT('Ctrl Pts',(-30.3827393671838,110.090291385642,6.02961013022284));
#4082=CARTESIAN_POINT('Ctrl Pts',(-29.6718768973602,109.85614002869,5.98191493620667));
#4083=CARTESIAN_POINT('Ctrl Pts',(-29.3461853038118,109.689277721014,5.95788052927148));
#4084=CARTESIAN_POINT('Ctrl Pts',(-29.0567326243618,109.470455658487,5.93393935939456));
#4085=CARTESIAN_POINT('Origin',(-28.575,101.278347230781,0.));
#4086=CARTESIAN_POINT('',(-28.0302026480883,100.694123597287,5.96783246720868));
#4087=CARTESIAN_POINT('Ctrl Pts',(-28.0302026480883,100.694123597287,5.96783246720867));
#4088=CARTESIAN_POINT('Ctrl Pts',(-28.0891895491541,100.639117422158,5.97275671287524));
#4089=CARTESIAN_POINT('Ctrl Pts',(-28.1596790538517,100.59073602378,5.97708874639605));
#4090=CARTESIAN_POINT('Ctrl Pts',(-28.2364223987701,100.554823480978,5.98030460191409));
#4091=CARTESIAN_POINT('',(-29.1197973519117,100.694123597287,5.96783246720868));
#4092=CARTESIAN_POINT('Ctrl Pts',(-28.9135776012299,100.554823480978,5.98030460191409));
#4093=CARTESIAN_POINT('Ctrl Pts',(-28.9903209461483,100.59073602378,5.97708874639605));
#4094=CARTESIAN_POINT('Ctrl Pts',(-29.0608104508459,100.639117422158,5.97275671287524));
#4095=CARTESIAN_POINT('Ctrl Pts',(-29.1197973519117,100.694123597287,5.96783246720867));
#4096=CARTESIAN_POINT('',(-29.1197973519117,100.694123597287,5.41712958823877));
#4097=CARTESIAN_POINT('',(-29.1197973519117,100.694123597287,0.));
#4098=CARTESIAN_POINT('',(-28.0302026480883,100.694123597287,5.41712958823877));
#4099=CARTESIAN_POINT('Origin',(-28.575,101.278347230781,5.41712958823877));
#4100=CARTESIAN_POINT('',(-28.0302026480883,100.694123597287,0.));
#4101=CARTESIAN_POINT('Origin',(-28.2257170191379,100.511803496726,0.));
#4102=CARTESIAN_POINT('',(-23.930452465073,104.517202492344,5.41712958823877));
#4103=CARTESIAN_POINT('',(-27.136068612765,101.527917074255,5.41712958823877));
#4104=CARTESIAN_POINT('',(-23.930452465073,104.517202492344,5.97973526877412));
#4105=CARTESIAN_POINT('',(-23.930452465073,104.517202492344,0.));
#4106=CARTESIAN_POINT('Origin',(-26.0492136367445,102.541425735837,50.333090126));
#4107=CARTESIAN_POINT('Origin',(-28.5796537268602,105.260591014319,5.41712958823877));
#4108=CARTESIAN_POINT('',(-32.1640528414854,103.532937767371,5.41712958823877));
#4109=CARTESIAN_POINT('Origin',(-26.1397309733781,106.88636363638,5.41712958823877));
#4110=CARTESIAN_POINT('Origin',(-28.575,100.886363636347,0.));
#4111=CARTESIAN_POINT('',(-26.3345041573902,102.975659810009,6.61652898767445));
#4112=CARTESIAN_POINT('Origin',(-26.3984966176066,102.915985875458,50.333090126));
#4113=CARTESIAN_POINT('',(-28.575,100.886363636347,6.71785379318482));
#4114=CARTESIAN_POINT('Origin',(-26.3984966176066,102.915985875458,50.333090126));
#4115=CARTESIAN_POINT('',(-28.575,100.886363636347,0.));
#4116=CARTESIAN_POINT('Origin',(-28.575,105.25,50.333090126));
#4117=CARTESIAN_POINT('',(-28.575,105.25,6.50010981799999));
#4118=CARTESIAN_POINT('Origin',(-28.575,105.25,50.333090126));
#4119=CARTESIAN_POINT('Origin',(-30.7515033823934,102.915985875458,50.333090126));
#4120=CARTESIAN_POINT('Origin',(-32.870264554065,104.891762631964,0.));
#4121=CARTESIAN_POINT('Origin',(-26.1397309733781,106.88636363638,0.));
#4122=CARTESIAN_POINT('Ctrl Pts',(-28.0932674028479,109.470455637917,5.93393935714401));
#4123=CARTESIAN_POINT('Ctrl Pts',(-27.8488992673065,109.655194437735,5.95415150062619));
#4124=CARTESIAN_POINT('Ctrl Pts',(-27.5695069785814,109.810273666974,5.97520610176111));
#4125=CARTESIAN_POINT('Ctrl Pts',(-26.8689794658723,110.072078241023,6.02334542803351));
#4126=CARTESIAN_POINT('Ctrl Pts',(-26.4322586765215,110.138138327436,6.04979850109392));
#4127=CARTESIAN_POINT('Ctrl Pts',(-25.6193869139643,110.109420587059,6.09346108782695));
#4128=CARTESIAN_POINT('Ctrl Pts',(-25.1889927742402,110.013075567715,6.11359683164318));
#4129=CARTESIAN_POINT('Ctrl Pts',(-24.4032966374982,109.654942027137,6.14362421160838));
#4130=CARTESIAN_POINT('Ctrl Pts',(-24.0479975462587,109.393146947601,6.15351365965254));
#4131=CARTESIAN_POINT('Ctrl Pts',(-23.4932534369549,108.798256722713,6.16205903207713));
#4132=CARTESIAN_POINT('Ctrl Pts',(-23.2568718811384,108.425636981612,6.1612870022907));
#4133=CARTESIAN_POINT('Ctrl Pts',(-22.9543591152149,107.616873837494,6.14800607709262));
#4134=CARTESIAN_POINT('Ctrl Pts',(-22.8882244734403,107.180731699303,6.13549832489133));
#4135=CARTESIAN_POINT('Ctrl Pts',(-22.9162862678811,106.367603111055,6.10385831814193));
#4136=CARTESIAN_POINT('Ctrl Pts',(-23.0127018817389,105.936479608672,6.08260045656044));
#4137=CARTESIAN_POINT('Ctrl Pts',(-23.3710617592872,105.149970369672,6.03382070251387));
#4138=CARTESIAN_POINT('Ctrl Pts',(-23.632999739394,104.794581646452,6.0063008031021));
#4139=CARTESIAN_POINT('Ctrl Pts',(-23.930452465073,104.517202492344,5.97973526877451));
#4140=CARTESIAN_POINT('Origin',(-33.2195475349271,104.517202492344,0.));
#4141=CARTESIAN_POINT('Origin',(-31.1007863632555,102.541425735837,50.333090126));
#4142=CARTESIAN_POINT('Origin',(-28.575,105.25,50.333090126));
#4143=CARTESIAN_POINT('Origin',(-28.575,105.25,50.333090126));
#4144=CARTESIAN_POINT('',(-26.6408227504313,103.286605572034,5.81643097720632));
#4145=CARTESIAN_POINT('Origin',(-28.575,105.25,5.81643097720632));
#4146=CARTESIAN_POINT('',(-28.575,105.25,5.73119665630085));
#4147=CARTESIAN_POINT('Origin',(-28.575,105.25,50.333090126));
#4148=CARTESIAN_POINT('Origin',(-28.5796537268602,105.260591014319,5.81643097720632));
#4149=CARTESIAN_POINT('Origin',(-28.5796537268602,105.260591014319,5.81643097720632));
#4150=CARTESIAN_POINT('',(-26.6408227504313,103.286605572034,5.81643097720632));
#4151=CARTESIAN_POINT('Origin',(-28.575,105.25,5.81643097720632));
#4152=CARTESIAN_POINT('Origin',(-28.575,105.25,50.333090126));
#4153=CARTESIAN_POINT('',(-28.575,105.25,5.73119665630085));
#4154=CARTESIAN_POINT('Origin',(-28.575,105.25,50.333090126));
#4155=UNCERTAINTY_MEASURE_WITH_UNIT(LENGTH_MEASURE(0.01),#4159,
'DISTANCE_ACCURACY_VALUE',
'Maximum model space distance between geometric entities at asserted c
onnectivities');
#4156=UNCERTAINTY_MEASURE_WITH_UNIT(LENGTH_MEASURE(0.01),#4159,
'DISTANCE_ACCURACY_VALUE',
'Maximum model space distance between geometric entities at asserted c
onnectivities');
#4157=(
GEOMETRIC_REPRESENTATION_CONTEXT(3)
GLOBAL_UNCERTAINTY_ASSIGNED_CONTEXT((#4155))
GLOBAL_UNIT_ASSIGNED_CONTEXT((#4159,#4161,#4162))
REPRESENTATION_CONTEXT('','3D')
);
#4158=(
GEOMETRIC_REPRESENTATION_CONTEXT(3)
GLOBAL_UNCERTAINTY_ASSIGNED_CONTEXT((#4156))
GLOBAL_UNIT_ASSIGNED_CONTEXT((#4159,#4161,#4162))
REPRESENTATION_CONTEXT('','3D')
);
#4159=(
LENGTH_UNIT()
NAMED_UNIT(*)
SI_UNIT(.MILLI.,.METRE.)
);
#4160=(
LENGTH_UNIT()
NAMED_UNIT(*)
SI_UNIT($,.METRE.)
);
#4161=(
NAMED_UNIT(*)
PLANE_ANGLE_UNIT()
SI_UNIT($,.RADIAN.)
);
#4162=(
NAMED_UNIT(*)
SI_UNIT($,.STERADIAN.)
SOLID_ANGLE_UNIT()
);
#4163=SHAPE_DEFINITION_REPRESENTATION(#4164,#4165);
#4164=PRODUCT_DEFINITION_SHAPE('',$,#4167);
#4165=SHAPE_REPRESENTATION('',(#1458),#4157);
#4166=PRODUCT_DEFINITION_CONTEXT('part definition',#4171,'design');
#4167=PRODUCT_DEFINITION('1.00u (Concave)','(Unsaved)',#4168,#4166);
#4168=PRODUCT_DEFINITION_FORMATION('',$,#4173);
#4169=PRODUCT_RELATED_PRODUCT_CATEGORY('(Unsaved)','(Unsaved)',(#4173));
#4170=APPLICATION_PROTOCOL_DEFINITION('international standard',
'automotive_design',2009,#4171);
#4171=APPLICATION_CONTEXT(
'Core Data for Automotive Mechanical Design Process');
#4172=PRODUCT_CONTEXT('part definition',#4171,'mechanical');
#4173=PRODUCT('1.00u (Concave)','(Unsaved)','HOOPS Exchange Step',(#4172));
#4174=PRESENTATION_STYLE_ASSIGNMENT((#4176));
#4175=PRESENTATION_STYLE_ASSIGNMENT((#4177));
#4176=SURFACE_STYLE_USAGE(.BOTH.,#4178);
#4177=SURFACE_STYLE_USAGE(.BOTH.,#4179);
#4178=SURFACE_SIDE_STYLE('',(#4180));
#4179=SURFACE_SIDE_STYLE('',(#4181));
#4180=SURFACE_STYLE_FILL_AREA(#4182);
#4181=SURFACE_STYLE_FILL_AREA(#4183);
#4182=FILL_AREA_STYLE('Steel - Satin',(#4184));
#4183=FILL_AREA_STYLE('Opaque(255,255,255)',(#4185));
#4184=FILL_AREA_STYLE_COLOUR('Steel - Satin',#4186);
#4185=FILL_AREA_STYLE_COLOUR('Opaque(255,255,255)',#4187);
#4186=COLOUR_RGB('Steel - Satin',0.627450980392157,0.627450980392157,0.627450980392157);
#4187=COLOUR_RGB('Opaque(255,255,255)',1.,1.,1.);
ENDSEC;
END-ISO-10303-21;
